
> kitsubeat@0.1.0 fetch-images
> tsx --tsconfig tsconfig.scripts.json scripts/seed/19c-fetch-vocab-images.ts

[fetch] worklist size: 3511 imageable rows missing image_url
[loaded] 明日 → https://images.unsplash.com/photo-1687585612416-c7e45dbb27d5...
[loaded] 手 → https://images.unsplash.com/photo-1585059643411-da09ea0c68db...
[loaded] 自分 → https://images.unsplash.com/photo-1651223969333-7a02ad74c4f0...
[loaded] 夜 → https://images.unsplash.com/photo-1721598322171-5fa4982fadd6...
[loaded] 笑う → https://images.unsplash.com/photo-1609016683866-029bca027853...
[loaded] 名前 → https://images.unsplash.com/photo-1765205498852-00513195dd1c...
[loaded] 忘れる → https://images.unsplash.com/photo-1687585612416-c7e45dbb27d5...
[loaded] 花 → https://images.unsplash.com/photo-1759932713423-733d36e415d5...
[loaded] 走る → https://images.unsplash.com/photo-1613085109252-4517ab9c2526...
[skipped] no result for "name (English) (object)" (name)
[skipped] no result for "power (English) (object)" (power)
[loaded] 時 → https://images.unsplash.com/photo-1775475049875-2594eb701026...
[loaded] 歩く → https://images.unsplash.com/photo-1728479223426-653a6b141c21...
[loaded] 目 → https://images.unsplash.com/photo-1763888451031-60b9e72eae96...
[loaded] 雨 → https://images.unsplash.com/photo-1598367969492-329ce38521ec...
[skipped] no result for "beloved; dear one (English) (object)" (beloved)
[skipped] no result for "heart (English) (object)" (heart)
[skipped] no result for "to hide (English) (action)" (hide)
[loaded] みんな → https://images.unsplash.com/photo-1756652343587-d66270c71558...
[loaded] わかる → https://images.unsplash.com/photo-1561149872-0e610fdeb03a?cr...
[loaded] 一人 → https://images.unsplash.com/photo-1750080127000-6e15da0e95b9...
[loaded] 一人 (hitori) → https://images.unsplash.com/photo-1651555729419-7543b492fe76...
[loaded] 一番 (ichiban) → https://images.unsplash.com/photo-1682251002952-051ffa79cfd3...
[loaded] 一緒 → https://images.unsplash.com/photo-1651223969333-7a02ad74c4f0...
[loaded] 人 → https://images.unsplash.com/photo-1560096434-c1cec8609cc5?cr...
[loaded] 今日 → https://images.unsplash.com/photo-1687585612416-c7e45dbb27d5...
[cached] 今日 (kyō) → reused URL for "today"
[loaded] 傘 → https://images.unsplash.com/photo-1668467185858-9ee8be592c53...
[loaded] 僕 → https://images.unsplash.com/photo-1588694818493-d262501f4511...
[loaded] 夏 → https://images.unsplash.com/photo-1749587452499-ea1fd591e63f...
[loaded] 家 → https://images.unsplash.com/photo-1766187864280-8106504ff061...
[loaded] 宿題 → https://images.unsplash.com/photo-1570887244097-cd3cbfdf118c...
[loaded] 山 → https://images.unsplash.com/photo-1760693052382-c8e3b8685696...
[loaded] 帰る → https://images.unsplash.com/photo-1586187019822-f79f4376aa18...
[loaded] 教える → https://images.unsplash.com/photo-1777723870098-66d9e66b5314...
[loaded] 昨日 → https://images.unsplash.com/photo-1687585612416-c7e45dbb27d5...
[loaded] 時間 → https://images.unsplash.com/photo-1721598322171-5fa4982fadd6...
[loaded] 朝 → https://images.unsplash.com/photo-1705403109099-19ebff17a7b9...
[loaded] 本当 → https://images.unsplash.com/photo-1675430428153-92b14fb34331...
[loaded] 毎日 → https://images.unsplash.com/photo-1687585612416-c7e45dbb27d5...
[loaded] 皆 → https://images.unsplash.com/photo-1502025080534-fa1384b6c04c...
[loaded] 私 → https://images.unsplash.com/photo-1588694818493-d262501f4511...
[cached] 笑う (warau) → reused URL for "to laugh; to smile"
[loaded] 終わらない → https://images.unsplash.com/photo-1585437005549-e58d5b9d6530...
[loaded] 顔 → https://images.unsplash.com/photo-1776021077384-9ba17eae33f8...
[loaded] いま → https://images.unsplash.com/photo-1698337859888-c7174be6cfec...
[loaded] いる → https://images.unsplash.com/photo-1591819978718-df46e8394771...
[loaded] うた → https://images.unsplash.com/photo-1652626627248-2f659cdbd6cc...
[loaded] うたう → https://images.unsplash.com/photo-1573247318220-c2683ee87351...
[skipped] no result for "to teach; to tell; to inform (action)" (おしえる)
[skipped] no result for "stomach; belly (object)" (おなか)
[loaded] おれんじ → https://images.unsplash.com/photo-1749408184168-27f94f110f42...
[loaded] お願い → https://images.unsplash.com/photo-1568241199580-140c4ee1ea8f...
[loaded] きのう → https://images.unsplash.com/photo-1687585612416-c7e45dbb27d5...
[skipped] no result for "(tokenizer fragment — final mora of 不思議 'fushigi') (object)" (ぎ)
[skipped] no result for "to come (here in idiom きてる = 'on a roll') (action)" (くる)
[loaded] くれる → https://images.unsplash.com/photo-1632383380006-513324e4f5b5...
[error] HTTP 403 for query "eraser; rubber (object)"
[skipped] no result for "eraser; rubber (object)" (けしごむ)
[error] HTTP 403 for query "game (object)"
[skipped] no result for "game (object)" (げーむ)
[error] HTTP 403 for query "this (near speaker) (object)"
[skipped] no result for "this (near speaker) (object)" (この)
[error] HTTP 403 for query "to do; to make (action)"
[skipped] no result for "to do; to make (action)" (する)
[error] HTTP 403 for query "want to (verb auxiliary expressing desire) (action)"
[skipped] no result for "want to (verb auxiliary expressing desire) (action)" (たい)
[error] HTTP 403 for query "to attach; to turn on; (in 気をつける) to take care (action)"
[skipped] no result for "to attach; to turn on; (in 気をつける) to take care (action)" (つける)
[error] HTTP 403 for query "television; TV (object)"
[skipped] no result for "television; TV (object)" (てれび)
[error] HTTP 403 for query "to be able to; to be possible; to come into being (action)"
[skipped] no result for "to be able to; to be possible; to come into being (action)" (できる)
[error] HTTP 403 for query "to come out; appear; exit (action)"
[skipped] no result for "to come out; appear; exit (action)" (でる)
[error] HTTP 403 for query "place; spot (とこ is casual) (object)"
[skipped] no result for "place; spot (とこ is casual) (object)" (ところ)
[error] HTTP 403 for query "next to; neighbor; next door (object)"
[skipped] no result for "next to; neighbor; next door (object)" (となり)
[error] HTTP 403 for query "to fly; to leap (kana form of 飛ぶ) (action)"
[skipped] no result for "to fly; to leap (kana form of 飛ぶ) (action)" (とぶ)
[error] HTTP 403 for query "friend (object)"
[skipped] no result for "friend (object)" (ともだち)
[error] HTTP 403 for query "to take; to grab; to pick up (action)"
[skipped] no result for "to take; to grab; to pick up (action)" (とる)
[error] HTTP 403 for query "door (loanword) (object)"
[skipped] no result for "door (loanword) (object)" (どあ)
[error] HTTP 403 for query "somewhere (object)"
[skipped] no result for "somewhere (object)" (どこか)
[error] HTTP 403 for query "to become; to turn into (action)"
[skipped] no result for "to become; to turn into (action)" (なる)
[error] HTTP 403 for query "yes; here you go (interjection) (object)"
[skipped] no result for "yes; here you go (interjection) (object)" (はい)
[error] HTTP 403 for query "to begin; to start (action)"
[skipped] no result for "to begin; to start (action)" (はじまる)
[error] HTTP 403 for query "(tokenizer fragment — middle mora of いっぱい 'a lot') (object)"
[skipped] no result for "(tokenizer fragment — middle mora of いっぱい 'a lot') (object)" (ぱ)
[error] HTTP 403 for query "to pull; to draw; to tug (action)"
[skipped] no result for "to pull; to draw; to tug (action)" (ひく)
[error] HTTP 403 for query "person; human (object)"
[skipped] no result for "person; human (object)" (ひと)
[error] HTTP 403 for query "one; one thing (object)"
[skipped] no result for "one; one thing (object)" (ひとつ)
[error] HTTP 403 for query "one person; alone; by oneself (object)"
[skipped] no result for "one person; alone; by oneself (object)" (ひとり)
[error] HTTP 403 for query "piano (object)"
[skipped] no result for "piano (object)" (ぴあの)
[error] HTTP 403 for query "two; two things (object)"
[skipped] no result for "two; two things (object)" (ふたつ)
[error] HTTP 403 for query "two people; couple (object)"
[skipped] no result for "two people; couple (object)" (ふたり)
[error] HTTP 403 for query "(tokenizer artifact — ふ here is a syllable of 不思議 'mystery', not a verb) (action)"
[skipped] no result for "(tokenizer artifact — ふ here is a syllable of 不思議 'mystery', not a verb) (action)" (ふる)
[error] HTTP 403 for query "bed (object)"
[skipped] no result for "bed (object)" (べっど)
[error] HTTP 403 for query "ball (object)"
[skipped] no result for "ball (object)" (ぼーる)
[error] HTTP 403 for query "manga; Japanese comics (object)"
[skipped] no result for "manga; Japanese comics (object)" (まんが)
[error] HTTP 403 for query "road; path; way (object)"
[skipped] no result for "road; path; way (object)" (みち)
[error] HTTP 403 for query "to see; to look at; to watch (action)"
[skipped] no result for "to see; to look at; to watch (action)" (みる)
[error] HTTP 403 for query "thing; object (stylized katakana of 物) (object)"
[skipped] no result for "thing; object (stylized katakana of 物) (object)" (もの)
[error] HTTP 403 for query "to do; to perform (casual) (action)"
[skipped] no result for "to do; to perform (casual) (action)" (やる)
[error] HTTP 403 for query "apple (object)"
[skipped] no result for "apple (object)" (りんご)
[error] HTTP 403 for query "a-ha! (cheeky exclamation, syllabified) (object)"
[skipped] no result for "a-ha! (cheeky exclamation, syllabified) (object)" (ア・ハ)
[error] HTTP 403 for query "England; Britain (loanword) (object)"
[skipped] no result for "England; Britain (loanword) (object)" (イギリス)
[error] HTTP 403 for query "now; the present (katakana stylization of 今) (object)"
[skipped] no result for "now; the present (katakana stylization of 今) (object)" (イマ)
[error] HTTP 403 for query "song (stylized katakana form of 歌) (object)"
[skipped] no result for "song (stylized katakana form of 歌) (object)" (ウタ)
[error] HTTP 403 for query "calendar (object)"
[skipped] no result for "calendar (object)" (カレンダー)
[error] HTTP 403 for query "you (君 written in katakana for tone) (object)"
[skipped] no result for "you (君 written in katakana for tone) (object)" (キミ)
[error] HTTP 403 for query "rock (janken) (object)"
[skipped] no result for "rock (janken) (object)" (グー)
[error] HTTP 403 for query "game (object)"
[skipped] no result for "game (object)" (ゲーム)
[error] HTTP 403 for query "coffee (object)"
[skipped] no result for "coffee (object)" (コーヒー)
[error] HTTP 403 for query "Gohan / ご飯 (Goku's son's name AND 'rice' — pun) (object)"
[skipped] no result for "Gohan / ご飯 (Goku's son's name AND 'rice' — pun) (object)" (ゴ・ハ・ン)
[error] HTTP 403 for query "sorry (ごめん, casual apology, syllabified) (object)"
[skipped] no result for "sorry (ごめん, casual apology, syllabified) (object)" (ゴ・メン)
[error] HTTP 403 for query "goodbye; farewell (object)"
[skipped] no result for "goodbye; farewell (object)" (サヨナラ)
[error] HTTP 403 for query "skirt (object)"
[skipped] no result for "skirt (object)" (スカート)
[error] HTTP 403 for query "spoon (object)"
[skipped] no result for "spoon (object)" (スプーン)
[error] HTTP 403 for query "Super (loanword); also supermarket (object)"
[skipped] no result for "Super (loanword); also supermarket (object)" (スーパー)
[error] HTTP 403 for query "scissors (janken) (object)"
[skipped] no result for "scissors (janken) (object)" (チョキ)
[error] HTTP 403 for query "test; exam (object)"
[skipped] no result for "test; exam (object)" (テスト)
[error] HTTP 403 for query "television; TV (object)"
[skipped] no result for "television; TV (object)" (テレビ)
[error] HTTP 403 for query "table (object)"
[skipped] no result for "table (object)" (テーブル)
[error] HTTP 403 for query "door (object)"
[skipped] no result for "door (object)" (ドア)
[error] HTTP 403 for query "Dragon Ball Super (anime title) (object)"
[skipped] no result for "Dragon Ball Super (anime title) (object)" (ドラゴンボールスーパー)
[error] HTTP 403 for query "notebook (object)"
[skipped] no result for "notebook (object)" (ノート)
[error] HTTP 403 for query "(nonsense fragment — first half of ハルヘリ, a coined word) (object)"
[skipped] no result for "(nonsense fragment — first half of ハルヘリ, a coined word) (object)" (ハル)
[error] HTTP 403 for query "bye (loanword from English) (object)"
[skipped] no result for "bye (loanword from English) (object)" (バイ)
[error] HTTP 403 for query "paper (janken) (object)"
[skipped] no result for "paper (janken) (object)" (パー)
[error] HTTP 403 for query "building (multi-story) (object)"
[skipped] no result for "building (multi-story) (object)" (ビル)
[error] HTTP 403 for query "pool (object)"
[skipped] no result for "pool (object)" (プール)
[error] HTTP 403 for query "(nonsense fragment — second half of ハルヘリ; alone means 'edge / rim') (object)"
[skipped] no result for "(nonsense fragment — second half of ハルヘリ; alone means 'edge / rim') (object)" (ヘリ)
[error] HTTP 403 for query "bed (object)"
[skipped] no result for "bed (object)" (ベッド)
[error] HTTP 403 for query "pen (object)"
[skipped] no result for "pen (object)" (ペン)
[error] HTTP 403 for query "really; truly (colloquial 本当) (object)"
[skipped] no result for "really; truly (colloquial 本当) (object)" (ホント)
[error] HTTP 403 for query "pocket (object)"
[skipped] no result for "pocket (object)" (ポケット)
[error] HTTP 403 for query "thing (もの in katakana for stylistic emphasis) (object)"
[skipped] no result for "thing (もの in katakana for stylistic emphasis) (object)" (モノ)
[error] HTTP 403 for query "rai (nonsense chant syllable — possibly punning on 来い 'come') (object)"
[skipped] no result for "rai (nonsense chant syllable — possibly punning on 来い 'come') (object)" (ライ)
[error] HTTP 403 for query "radio (object)"
[skipped] no result for "radio (object)" (ラジオ)
[error] HTTP 403 for query "one (English loanword, used in compounds) (object)"
[skipped] no result for "one (English loanword, used in compounds) (object)" (ワン)
[error] HTTP 403 for query "(tokenizer artifact — chōonpu 'long-vowel mark' isolated from ゼリー) (object)"
[skipped] no result for "(tokenizer artifact — chōonpu 'long-vowel mark' isolated from ゼリー) (object)" (ー)
[error] HTTP 403 for query "one; a single (object)"
[skipped] no result for "one; a single (object)" (一つ)
[error] HTTP 403 for query "three (things); three items (object)"
[skipped] no result for "three (things); three items (object)" (三つ)
[error] HTTP 403 for query "up; above; top (object)"
[skipped] no result for "up; above; top (object)" (上)
[error] HTTP 403 for query "to raise; to lift; to increase (action)"
[skipped] no result for "to raise; to lift; to increase (action)" (上げる)
[error] HTTP 403 for query "below; under; beneath (object)"
[skipped] no result for "below; under; beneath (object)" (下)
[error] HTTP 403 for query "inside; middle; among (object)"
[skipped] no result for "inside; middle; among (object)" (中)
[error] HTTP 403 for query "to ride; to get on; to catch (a wave, wind) (action)"
[skipped] no result for "to ride; to get on; to catch (a wave, wind) (action)" (乗る)
[error] HTTP 403 for query "thing; matter; fact (object)"
[skipped] no result for "thing; matter; fact (object)" (事)
[error] HTTP 403 for query "two (things); two of a pair (object)"
[skipped] no result for "two (things); two of a pair (object)" (二つ)
[error] HTTP 403 for query "two people (object)"
[skipped] no result for "two people (object)" (二人)
[error] HTTP 403 for query "now; the present (object)"
[skipped] no result for "now; the present (object)" (今)
[error] HTTP 403 for query "this year (object)"
[skipped] no result for "this year (object)" (今年)
[error] HTTP 403 for query "to rest; to take a break; to be absent (action)"
[skipped] no result for "to rest; to take a break; to be absent (action)" (休む)
[error] HTTP 403 for query "to meet; to see (a person) (action)"
[skipped] no result for "to meet; to see (a person) (action)" (会う)
[error] HTTP 403 for query "to make; to create; to build (action)"
[skipped] no result for "to make; to create; to build (action)" (作る)
[error] HTTP 403 for query "to use; to make use of (action)"
[skipped] no result for "to use; to make use of (action)" (使う)
[error] HTTP 403 for query "teacher; master; doctor (object)"
[skipped] no result for "teacher; master; doctor (object)" (先生)
[error] HTTP 403 for query "to enter; to go in; to form (of cracks) (action)"
[skipped] no result for "to enter; to go in; to form (of cracks) (action)" (入る)
[error] HTTP 403 for query "park (object)"
[skipped] no result for "park (object)" (公園)
[error] HTTP 403 for query "photograph (object)"
[skipped] no result for "photograph (object)" (写真)
[error] HTTP 403 for query "winter (object)"
[skipped] no result for "winter (object)" (冬)
[error] HTTP 403 for query "to put out; to produce; to submit (action)"
[skipped] no result for "to put out; to produce; to submit (action)" (出す)
[error] HTTP 403 for query "to come out; to leave; to appear (action)"
[skipped] no result for "to come out; to leave; to appear (action)" (出る)
[error] HTTP 403 for query "to go out (action)"
[skipped] no result for "to go out (action)" (出掛ける)
[error] HTTP 403 for query "to be able to; to be possible (action)"
[skipped] no result for "to be able to; to be possible (action)" (出来る)
[error] HTTP 403 for query "to understand; to know; to realize (action)"
[skipped] no result for "to understand; to know; to realize (action)" (分かる)
[error] HTTP 403 for query "to cut; to sever (action)"
[skipped] no result for "to cut; to sever (action)" (切る)
[error] HTTP 403 for query "front; before (object)"
[skipped] no result for "front; before (object)" (前)
[error] HTTP 403 for query "morning; a.m. (object)"
[skipped] no result for "morning; a.m. (object)" (午前)
[error] HTTP 403 for query "afternoon (object)"
[skipped] no result for "afternoon (object)" (午後)
[error] HTTP 403 for query "south (object)"
[skipped] no result for "south (object)" (南)
[error] HTTP 403 for query "last year (object)"
[skipped] no result for "last year (object)" (去年)
[error] HTTP 403 for query "friend (object)"
[skipped] no result for "friend (object)" (友だち)
[error] HTTP 403 for query "friend (object)"
[skipped] no result for "friend (object)" (友達)
[error] HTTP 403 for query "to take; to pick up; to grasp (action)"
[skipped] no result for "to take; to pick up; to grasp (action)" (取る)
[error] HTTP 403 for query "to call; to call out; to invite (action)"
[skipped] no result for "to call; to call out; to invite (action)" (呼ぶ)
[error] HTTP 403 for query "country; nation (object)"
[skipped] no result for "country; nation (object)" (国)
[error] HTTP 403 for query "Saturday (object)"
[skipped] no result for "Saturday (object)" (土曜日)
[error] HTTP 403 for query "to exist; to be (formal variant of ある) (action)"
[skipped] no result for "to exist; to be (formal variant of ある) (action)" (在る)
[error] HTTP 403 for query "outside; exterior (object)"
[skipped] no result for "outside; exterior (object)" (外)
[error] HTTP 403 for query "weather (object)"
[skipped] no result for "weather (object)" (天気)
[error] HTTP 403 for query "to begin; to start (action)"
[skipped] no result for "to begin; to start (action)" (始まる)
[error] HTTP 403 for query "to begin; to start (action)"
[skipped] no result for "to begin; to start (action)" (始める)
[error] HTTP 403 for query "child (object)"
[skipped] no result for "child (object)" (子)
[error] HTTP 403 for query "child; children (object)"
[skipped] no result for "child; children (object)" (子供)
[error] HTTP 403 for query "family (object)"
[skipped] no result for "family (object)" (家族)
[error] HTTP 403 for query "to sleep; to go to bed (action)"
[skipped] no result for "to sleep; to go to bed (action)" (寝る)
[error] HTTP 403 for query "to be (of animate things); to exist (action)"
[skipped] no result for "to be (of animate things); to exist (action)" (居る)
[error] HTTP 403 for query "to be (animate); also read いる (action)"
[skipped] no result for "to be (animate); also read いる (action)" (居る)
[error] HTTP 403 for query "to wear; to put on (footwear, pants) (action)"
[skipped] no result for "to wear; to put on (footwear, pants) (action)" (履く)
[error] HTTP 403 for query "left (object)"
[skipped] no result for "left (object)" (左)
[error] HTTP 403 for query "to sit (action)"
[skipped] no result for "to sit (action)" (座る)
[error] HTTP 403 for query "to pull; to draw (action)"
[skipped] no result for "to pull; to draw (action)" (引く)
[error] HTTP 403 for query "to wait (action)"
[skipped] no result for "to wait (action)" (待つ)
[error] HTTP 403 for query "behind; back; rear (object)"
[skipped] no result for "behind; back; rear (object)" (後ろ)
[error] HTTP 403 for query "to think; to feel; to believe (action)"
[skipped] no result for "to think; to feel; to believe (action)" (思う)
[error] HTTP 403 for query "to become; to turn into (action)"
[skipped] no result for "to become; to turn into (action)" (成る)
[error] HTTP 403 for query "letter (written mail) (object)"
[skipped] no result for "letter (written mail) (object)" (手紙)
[error] HTTP 403 for query "to hold; to have; to carry (action)"
[skipped] no result for "to hold; to have; to carry (action)" (持つ)
[error] HTTP 403 for query "walk; stroll (object)"
[skipped] no result for "walk; stroll (object)" (散歩)
[error] HTTP 403 for query "newspaper (object)"
[skipped] no result for "newspaper (object)" (新聞)
[error] HTTP 403 for query "travel; trip (object)"
[skipped] no result for "travel; trip (object)" (旅行)
[error] HTTP 403 for query "sun; day (object)"
[skipped] no result for "sun; day (object)" (日)
[error] HTTP 403 for query "movie; film (object)"
[skipped] no result for "movie; film (object)" (映画)
[error] HTTP 403 for query "clock, watch (object)"
[skipped] no result for "clock, watch (object)" (時計)
[error] HTTP 403 for query "to write (action)"
[skipped] no result for "to write (action)" (書く)
[error] HTTP 403 for query "to exist; to have (for inanimate things) (action)"
[skipped] no result for "to exist; to have (for inanimate things) (action)" (有る)
[error] HTTP 403 for query "to come; to arrive (action)"
[skipped] no result for "to come; to arrive (action)" (来る)
[error] HTTP 403 for query "next year (object)"
[skipped] no result for "next year (object)" (来年)
[error] HTTP 403 for query "honorific suffix (Mr./Ms./Lord) (object)"
[skipped] no result for "honorific suffix (Mr./Ms./Lord) (object)" (様)
[error] HTTP 403 for query "next; following (object)"
[skipped] no result for "next; following (object)" (次)
[cached] 歌う → reused URL for "to sing"
[error] HTTP 403 for query "tooth/teeth (object)"
[skipped] no result for "tooth/teeth (object)" (歯)
[error] HTTP 403 for query "to die (action)"
[skipped] no result for "to die (action)" (死ぬ)
[error] HTTP 403 for query "water (object)"
[skipped] no result for "water (object)" (水)
[error] HTTP 403 for query "to swim (action)"
[skipped] no result for "to swim (action)" (泳ぐ)
[error] HTTP 403 for query "to erase; to turn off; to extinguish (action)"
[skipped] no result for "to erase; to turn off; to extinguish (action)" (消す)
[error] HTTP 403 for query "dog (object)"
[skipped] no result for "dog (object)" (犬)
[error] HTTP 403 for query "cat (object)"
[skipped] no result for "cat (object)" (猫)
[error] HTTP 403 for query "to be born (action)"
[skipped] no result for "to be born (action)" (生まれる)
[error] HTTP 403 for query "man; male (object)"
[skipped] no result for "man; male (object)" (男)
[error] HTTP 403 for query "boy (object)"
[skipped] no result for "boy (object)" (男の子)
[error] HTTP 403 for query "white (object)"
[skipped] no result for "white (object)" (白)
[error] HTTP 403 for query "hundred (object)"
[skipped] no result for "hundred (object)" (百)
[error] HTTP 403 for query "to wear; to put on (clothing) (action)"
[skipped] no result for "to wear; to put on (clothing) (action)" (着る)
[error] HTTP 403 for query "to know; to find out (action)"
[skipped] no result for "to know; to find out (action)" (知る)
[error] HTTP 403 for query "autumn; fall (object)"
[skipped] no result for "autumn; fall (object)" (秋)
[error] HTTP 403 for query "window (object)"
[skipped] no result for "window (object)" (窓)
[error] HTTP 403 for query "to stand; to rise (action)"
[skipped] no result for "to stand; to rise (action)" (立つ)
[error] HTTP 403 for query "to answer; to respond (action)"
[skipped] no result for "to answer; to respond (action)" (答える)
[error] HTTP 403 for query "paper (object)"
[skipped] no result for "paper (object)" (紙)
[error] HTTP 403 for query "to end; to finish; to come to a close (action)"
[skipped] no result for "to end; to finish; to come to a close (action)" (終わる)
[error] HTTP 403 for query "to put; to place; to leave behind (action)"
[skipped] no result for "to put; to place; to leave behind (action)" (置く)
[error] HTTP 403 for query "to soar (literary 飛ぶ) (action)"
[skipped] no result for "to soar (literary 飛ぶ) (action)" (翔ぶ)
[error] HTTP 403 for query "to listen; to hear; to ask (action)"
[skipped] no result for "to listen; to hear; to ask (action)" (聞く)
[error] HTTP 403 for query "to take off (clothes) (action)"
[skipped] no result for "to take off (clothes) (action)" (脱ぐ)
[error] HTTP 403 for query "color (object)"
[skipped] no result for "color (object)" (色)
[error] HTTP 403 for query "baggage / load (object)"
[skipped] no result for "baggage / load (object)" (荷物)
[error] HTTP 403 for query "to go (action)"
[skipped] no result for "to go (action)" (行く)
[error] HTTP 403 for query "to see; to look; to watch (action)"
[skipped] no result for "to see; to look; to watch (action)" (見る)
[error] HTTP 403 for query "to understand; to comprehend (nuanced kanji variant of 分かる) (action)"
[skipped] no result for "to understand; to comprehend (nuanced kanji variant of 分かる) (action)" (解る)
[error] HTTP 403 for query "to say; to tell (action)"
[skipped] no result for "to say; to tell (action)" (言う)
[error] HTTP 403 for query "story; talk; conversation (object)"
[skipped] no result for "story; talk; conversation (object)" (話)
[error] HTTP 403 for query "to speak; to talk (action)"
[skipped] no result for "to speak; to talk (action)" (話す)
[error] HTTP 403 for query "to read (action)"
[skipped] no result for "to read (action)" (読む)
[error] HTTP 403 for query "someone; somebody (object)"
[skipped] no result for "someone; somebody (object)" (誰か)
[error] HTTP 403 for query "you (object)"
[skipped] no result for "you (object)" (貴方)
[error] HTTP 403 for query "to buy (action)"
[skipped] no result for "to buy (action)" (買う)
[error] HTTP 403 for query "to get up; to occur; to happen (action)"
[skipped] no result for "to get up; to occur; to happen (action)" (起きる)
[error] HTTP 403 for query "body (literary variant of 体) (object)"
[skipped] no result for "body (literary variant of 体) (object)" (躰)
[error] HTTP 403 for query "car; vehicle (object)"
[skipped] no result for "car; vehicle (object)" (車)
[error] HTTP 403 for query "near; nearby; vicinity (object)"
[skipped] no result for "near; nearby; vicinity (object)" (近く)
[error] HTTP 403 for query "play / playfulness (object)"
[skipped] no result for "play / playfulness (object)" (遊び)
[error] HTTP 403 for query "to play; to amuse oneself (action)"
[skipped] no result for "to play; to amuse oneself (action)" (遊ぶ)
[error] HTTP 403 for query "to differ; to be wrong (action)"
[skipped] no result for "to differ; to be wrong (action)" (違う)
[error] HTTP 403 for query "room (object)"
[skipped] no result for "room (object)" (部屋)
[error] HTTP 403 for query "to fall (rain, snow); to come down (action)"
[skipped] no result for "to fall (rain, snow); to come down (action)" (降る)
[error] HTTP 403 for query "stairs; staircase (object)"
[skipped] no result for "stairs; staircase (object)" (階段)
[error] HTTP 403 for query "snow (object)"
[skipped] no result for "snow (object)" (雪)
[error] HTTP 403 for query "phone, phone call (object)"
[skipped] no result for "phone, phone call (object)" (電話)
[error] HTTP 403 for query "music (object)"
[skipped] no result for "music (object)" (音楽)
[error] HTTP 403 for query "head; mind (object)"
[skipped] no result for "head; mind (object)" (頭)
[error] HTTP 403 for query "to eat (action)"
[skipped] no result for "to eat (action)" (食べる)
[error] HTTP 403 for query "to drink; to swallow; (passive) to be engulfed by (action)"
[skipped] no result for "to drink; to swallow; (passive) to be engulfed by (action)" (飲む)
[error] HTTP 403 for query "fish (object)"
[skipped] no result for "fish (object)" (魚)
[error] HTTP 403 for query "black (object)"
[skipped] no result for "black (object)" (黒)
[error] HTTP 403 for query "nose (object)"
[skipped] no result for "nose (object)" (鼻)
[error] HTTP 403 for query "dream (object)"
[skipped] no result for "dream (object)" (夢)
[error] HTTP 403 for query "world (object)"
[skipped] no result for "world (object)" (世界)
[error] HTTP 403 for query "heart; mind (object)"
[skipped] no result for "heart; mind (object)" (心)
[error] HTTP 403 for query "future (object)"
[skipped] no result for "future (object)" (未来)
[error] HTTP 403 for query "light (object)"
[skipped] no result for "light (object)" (光)
[error] HTTP 403 for query "sky (object)"
[skipped] no result for "sky (object)" (空)
[error] HTTP 403 for query "voice (object)"
[skipped] no result for "voice (object)" (声)
[error] HTTP 403 for query "love (object)"
[skipped] no result for "love (object)" (愛)
[error] HTTP 403 for query "words (object)"
[skipped] no result for "words (object)" (言葉)
[error] HTTP 403 for query "to believe (action)"
[skipped] no result for "to believe (action)" (信じる)
[error] HTTP 403 for query "wind (object)"
[skipped] no result for "wind (object)" (風)
[error] HTTP 403 for query "answer (object)"
[skipped] no result for "answer (object)" (答え)
[error] HTTP 403 for query "lie (object)"
[skipped] no result for "lie (object)" (嘘)
[error] HTTP 403 for query "anxiety; unease (object)"
[skipped] no result for "anxiety; unease (object)" (不安)
[error] HTTP 403 for query "happiness (object)"
[skipped] no result for "happiness (object)" (幸せ)
[error] HTTP 403 for query "meaning; significance (object)"
[skipped] no result for "meaning; significance (object)" (意味)
[error] HTTP 403 for query "promise (object)"
[skipped] no result for "promise (object)" (約束)
[error] HTTP 403 for query "strength (object)"
[skipped] no result for "strength (object)" (強さ)
[error] HTTP 403 for query "journey; trip (object)"
[skipped] no result for "journey; trip (object)" (旅)
[error] HTTP 403 for query "star (object)"
[skipped] no result for "star (object)" (星)
[error] HTTP 403 for query "road; path; way (object)"
[skipped] no result for "road; path; way (object)" (道)
[error] HTTP 403 for query "kindness; gentleness (object)"
[skipped] no result for "kindness; gentleness (object)" (優しさ)
[error] HTTP 403 for query "map (object)"
[skipped] no result for "map (object)" (地図)
[error] HTTP 403 for query "place; location (object)"
[skipped] no result for "place; location (object)" (場所)
[error] HTTP 403 for query "season (object)"
[skipped] no result for "season (object)" (季節)
[error] HTTP 403 for query "to reach; to arrive (action)"
[skipped] no result for "to reach; to arrive (action)" (届く)
[error] HTTP 403 for query "to search (action)"
[skipped] no result for "to search (action)" (探す)
[error] HTTP 403 for query "feeling; mood (object)"
[skipped] no result for "feeling; mood (object)" (気持ち)
[error] HTTP 403 for query "sun (object)"
[skipped] no result for "sun (object)" (太陽)
[error] HTTP 403 for query "to cry (action)"
[skipped] no result for "to cry (action)" (泣く)
[error] HTTP 403 for query "to stand up; to rise (action)"
[skipped] no result for "to stand up; to rise (action)" (立ち上がる)
[error] HTTP 403 for query "human being (object)"
[skipped] no result for "human being (object)" (人間)
[error] HTTP 403 for query "to convey, to tell (action)"
[skipped] no result for "to convey, to tell (action)" (伝える)
[error] HTTP 403 for query "everything; all (object)"
[skipped] no result for "everything; all (object)" (全部)
[error] HTTP 403 for query "power; strength; force (object)"
[skipped] no result for "power; strength; force (object)" (力)
[error] HTTP 403 for query "Earth (object)"
[skipped] no result for "Earth (object)" (地球)
[error] HTTP 403 for query "memory; recollection (object)"
[skipped] no result for "memory; recollection (object)" (思い出)
[error] HTTP 403 for query "to throw away; to discard (action)"
[skipped] no result for "to throw away; to discard (action)" (捨てる)
[error] HTTP 403 for query "last; final (object)"
[skipped] no result for "last; final (object)" (最後)
[error] HTTP 403 for query "moon (object)"
[skipped] no result for "moon (object)" (月)
[cached] 歌 → reused URL for "song"
[error] HTTP 403 for query "history (object)"
[skipped] no result for "history (object)" (歴史)
[error] HTTP 403 for query "to decide (action)"
[skipped] no result for "to decide (action)" (決める)
[error] HTTP 403 for query "sea (object)"
[skipped] no result for "sea (object)" (海)
[error] HTTP 403 for query "to live (action)"
[skipped] no result for "to live (action)" (生きる)
[error] HTTP 403 for query "town; city (object)"
[skipped] no result for "town; city (object)" (街)
[error] HTTP 403 for query "to remember; to memorize (action)"
[skipped] no result for "to remember; to memorize (action)" (覚える)
[error] HTTP 403 for query "to be lost; to hesitate (action)"
[skipped] no result for "to be lost; to hesitate (action)" (迷う)
[error] HTTP 403 for query "key (object)"
[skipped] no result for "key (object)" (鍵)
[error] HTTP 403 for query "beside; next to (object)"
[skipped] no result for "beside; next to (object)" (隣)
[error] HTTP 403 for query "cloud (object)"
[skipped] no result for "cloud (object)" (雲)
[error] HTTP 403 for query "bird (Japanese equivalent of German 'Vogel') (object)"
[skipped] no result for "bird (Japanese equivalent of German 'Vogel') (object)" (鳥)
[error] HTTP 403 for query "festival (object)"
[skipped] no result for "festival (object)" (お祭り)
[error] HTTP 403 for query "guitar (object)"
[skipped] no result for "guitar (object)" (ぎたー)
[error] HTTP 403 for query "a moment ago (object)"
[skipped] no result for "a moment ago (object)" (さっき)
[error] HTTP 403 for query "loneliness (object)"
[skipped] no result for "loneliness (object)" (さみしさ)
[error] HTTP 403 for query "speed (object)"
[skipped] no result for "speed (object)" (すぴーど)
[error] HTTP 403 for query "beside; nearby (object)"
[skipped] no result for "beside; nearby (object)" (そば)
[error] HTTP 403 for query "as it is, unchanged state (object)"
[skipped] no result for "as it is, unchanged state (object)" (まま)
[error] HTTP 403 for query "dream (object)"
[skipped] no result for "dream (object)" (ゆめ)
[error] HTTP 403 for query "the world; society (object)"
[skipped] no result for "the world; society (object)" (世)
[error] HTTP 403 for query "the whole world (object)"
[skipped] no result for "the whole world (object)" (世界中)
[error] HTTP 403 for query "middle school (object)"
[skipped] no result for "middle school (object)" (中学校)
[error] HTTP 403 for query "want to meet (action)"
[skipped] no result for "want to meet (action)" (会いたい)
[error] HTTP 403 for query "body (object)"
[skipped] no result for "body (object)" (体)
[error] HTTP 403 for query "body (object)"
[skipped] no result for "body (object)" (体 (karada))
[error] HTTP 403 for query "how many times (object)"
[skipped] no result for "how many times (object)" (何度)
[error] HTTP 403 for query "convenient; handy (object)"
[skipped] no result for "convenient; handy (object)" (便利)
[error] HTTP 403 for query "I; me (masculine, casual) (object)"
[skipped] no result for "I; me (masculine, casual) (object)" (俺)
[error] HTTP 403 for query "ahead; beyond; future (object)"
[skipped] no result for "ahead; beyond; future (object)" (先)
[error] HTTP 403 for query "effort; hard work (object)"
[skipped] no result for "effort; hard work (object)" (努力)
[error] HTTP 403 for query "mouth (object)"
[skipped] no result for "mouth (object)" (口)
[error] HTTP 403 for query "you (object)"
[skipped] no result for "you (object)" (君)
[error] HTTP 403 for query "surroundings; around (object)"
[skipped] no result for "surroundings; around (object)" (周り)
[error] HTTP 403 for query "to bloom (action)"
[skipped] no result for "to bloom (action)" (咲く)
[error] HTTP 403 for query "voice (object)"
[skipped] no result for "voice (object)" (声 (koe))
[error] HTTP 403 for query "to change (action)"
[skipped] no result for "to change (action)" (変わる)
[error] HTTP 403 for query "adult (object)"
[skipped] no result for "adult (object)" (大人)
[error] HTTP 403 for query "failure (object)"
[skipped] no result for "failure (object)" (失敗)
[error] HTTP 403 for query "floor (object)"
[skipped] no result for "floor (object)" (床)
[error] HTTP 403 for query "to revolve; to go around (action)"
[skipped] no result for "to revolve; to go around (action)" (廻る)
[error] HTTP 403 for query "boyfriend (object)"
[skipped] no result for "boyfriend (object)" (彼氏)
[error] HTTP 403 for query "worry (object)"
[skipped] no result for "worry (object)" (心配)
[error] HTTP 403 for query "injury (object)"
[skipped] no result for "injury (object)" (怪我)
[error] HTTP 403 for query "love; romance (object)"
[skipped] no result for "love; romance (object)" (恋)
[error] HTTP 403 for query "feeling; sense (object)"
[skipped] no result for "feeling; sense (object)" (感じ)
[error] HTTP 403 for query "cell phone (object)"
[skipped] no result for "cell phone (object)" (携帯)
[error] HTTP 403 for query "spring (object)"
[skipped] no result for "spring (object)" (春)
[error] HTTP 403 for query "last; end; final (object)"
[skipped] no result for "last; end; final (object)" (最後 (saigo))
[error] HTTP 403 for query "to stop (action)"
[skipped] no result for "to stop (action)" (止まる)
[error] HTTP 403 for query "to start walking; to set out (action)"
[skipped] no result for "to start walking; to set out (action)" (歩き出す)
[error] HTTP 403 for query "preparation (Japanese equivalent of 'prepare') (object)"
[skipped] no result for "preparation (Japanese equivalent of 'prepare') (object)" (準備)
[error] HTTP 403 for query "preparation (object)"
[skipped] no result for "preparation (object)" (準備 (junbi))
[error] HTTP 403 for query "fire (Japanese equivalent of 'fire') (object)"
[skipped] no result for "fire (Japanese equivalent of 'fire') (object)" (火)
[error] HTTP 403 for query "can laugh (action)"
[skipped] no result for "can laugh (action)" (笑える)
[error] HTTP 403 for query "smile; smiling face (object)"
[skipped] no result for "smile; smiling face (object)" (笑顔)
[error] HTTP 403 for query "ear (object)"
[skipped] no result for "ear (object)" (耳)
[error] HTTP 403 for query "to be audible; to hear (action)"
[skipped] no result for "to be audible; to hear (action)" (聞こえる)
[error] HTTP 403 for query "to be audible; to hear (action)"
[skipped] no result for "to be audible; to hear (action)" (聞こえる (kikoeru))
[error] HTTP 403 for query "to raise; to grow (action)"
[skipped] no result for "to raise; to grow (action)" (育てる)
[error] HTTP 403 for query "leg; foot (object)"
[skipped] no result for "leg; foot (object)" (足)
[error] HTTP 403 for query "to dance (action)"
[skipped] no result for "to dance (action)" (踊る)
[error] HTTP 403 for query "body (object)"
[skipped] no result for "body (object)" (身体)
[error] HTTP 403 for query "reply; answer (object)"
[skipped] no result for "reply; answer (object)" (返事)
[error] HTTP 403 for query "to run away; escape (action)"
[skipped] no result for "to run away; escape (action)" (逃げる)
[error] HTTP 403 for query "far away; distance (object)"
[skipped] no result for "far away; distance (object)" (遠く)
[error] HTTP 403 for query "mistake (object)"
[skipped] no result for "mistake (object)" (間違い)
[error] HTTP 403 for query "to let go; to release (action)"
[skipped] no result for "to let go; to release (action)" (離す)
[error] HTTP 403 for query "socks (object)"
[skipped] no result for "socks (object)" (靴下)
[error] HTTP 403 for query "to do one's best (action)"
[skipped] no result for "to do one's best (action)" (頑張る)
[error] HTTP 403 for query "to fly (action)"
[skipped] no result for "to fly (action)" (飛ぶ)
[error] HTTP 403 for query "lie; falsehood (object)"
[skipped] no result for "lie; falsehood (object)" (うそ)
[error] HTTP 403 for query "to fall; to drop; to set (of sun) (action)"
[skipped] no result for "to fall; to drop; to set (of sun) (action)" (おちる)
[error] HTTP 403 for query "to remember; to learn (action)"
[skipped] no result for "to remember; to learn (action)" (おぼえる)
[error] HTTP 403 for query "toy (object)"
[skipped] no result for "toy (object)" (おもちゃ)
[error] HTTP 403 for query "you (rough male) (object)"
[skipped] no result for "you (rough male) (object)" (お前)
[error] HTTP 403 for query "souvenir (object)"
[skipped] no result for "souvenir (object)" (お土産)
[error] HTTP 403 for query "to hang; to take (time/money); to be cast (of a rainbow) (action)"
[skipped] no result for "to hang; to take (time/money); to be cast (of a rainbow) (action)" (かかる)
[error] HTTP 403 for query "to cause (worry, trouble); to put (on); to call (action)"
[skipped] no result for "to cause (worry, trouble); to put (on); to call (action)" (かける)
[error] HTTP 403 for query "to do one's best; to persevere (action)"
[skipped] no result for "to do one's best; to persevere (action)" (がんばる)
[error] HTTP 403 for query "you (familiar; common in song lyrics) (object)"
[skipped] no result for "you (familiar; common in song lyrics) (object)" (きみ)
[error] HTTP 403 for query "heart; mind; spirit (hiragana variant of 心) (object)"
[skipped] no result for "heart; mind; spirit (hiragana variant of 心) (object)" (こころ)
[error] HTTP 403 for query "to break; to be broken (action)"
[skipped] no result for "to break; to be broken (action)" (こわれる)
[error] HTTP 403 for query "cola; Coke (object)"
[skipped] no result for "cola; Coke (object)" (こーら)
[error] HTTP 403 for query "to search; look for (action)"
[skipped] no result for "to search; look for (action)" (さがす)
[error] HTTP 403 for query "to finish; to end up (doing); to put away (action)"
[skipped] no result for "to finish; to end up (doing); to put away (action)" (しまう)
[error] HTTP 403 for query "too much, excessive (suffix) (action)"
[skipped] no result for "too much, excessive (suffix) (action)" (すぎる)
[error] HTTP 403 for query "to advance; to go forward; to proceed (action)"
[skipped] no result for "to advance; to go forward; to proceed (action)" (すすむ)
[error] HTTP 403 for query "sake / for the sake of (object)"
[skipped] no result for "sake / for the sake of (object)" (ため)
[error] HTTP 403 for query "no good; not allowed; useless (object)"
[skipped] no result for "no good; not allowed; useless (object)" (だめ)
[error] HTTP 403 for query "strength; power; force (object)"
[skipped] no result for "strength; power; force (object)" (ちから)
[error] HTTP 403 for query "chance; opportunity (loanword) (object)"
[skipped] no result for "chance; opportunity (loanword) (object)" (ちゃんす)
[error] HTTP 403 for query "to follow / come along (action)"
[skipped] no result for "to follow / come along (action)" (ついて来る)
[error] HTTP 403 for query "to catch; to capture; to arrest (action)"
[skipped] no result for "to catch; to capture; to arrest (action)" (つかまえる)
[error] HTTP 403 for query "intention, plan (object)"
[skipped] no result for "intention, plan (object)" (つもり)
[error] HTTP 403 for query "(tokenizer artifact — てる is the contracted continuous suffix of 〜ている) (object)"
[skipped] no result for "(tokenizer artifact — てる is the contracted continuous suffix of 〜ている) (object)" (てる)
[error] HTTP 403 for query "place; bit (casual contraction of ところ) (object)"
[skipped] no result for "place; bit (casual contraction of ところ) (object)" (とこ)
[error] HTTP 403 for query "to lose; to misplace; to get rid of (action)"
[skipped] no result for "to lose; to misplace; to get rid of (action)" (なくす)
[error] HTTP 403 for query "to disappear; cease to exist; run out (action)"
[skipped] no result for "to disappear; cease to exist; run out (action)" (なくなる)
[error] HTTP 403 for query "to become; to be able to become (action)"
[skipped] no result for "to become; to be able to become (action)" (なれる)
[error] HTTP 403 for query "to get wet; to become damp (action)"
[skipped] no result for "to get wet; to become damp (action)" (ぬれる)
[error] HTTP 403 for query "free time; leisure; idleness (object)"
[skipped] no result for "free time; leisure; idleness (object)" (ひま)
[error] HTTP 403 for query "surprise; shock (object)"
[skipped] no result for "surprise; shock (object)" (びっくり)
[error] HTTP 403 for query "button (object)"
[skipped] no result for "button (object)" (ぼたん)
[error] HTTP 403 for query "pocket (object)"
[skipped] no result for "pocket (object)" (ぽけっと)
[error] HTTP 403 for query "to lose; to be defeated (action)"
[skipped] no result for "to lose; to be defeated (action)" (まける)
[error] HTTP 403 for query "to be found; to be discovered (action)"
[skipped] no result for "to be found; to be discovered (action)" (みつかる)
[error] HTTP 403 for query "forest (written in katakana for emphasis) (object)"
[skipped] no result for "forest (written in katakana for emphasis) (object)" (もり)
[error] HTTP 403 for query "(here: stem of 嫌な 'unpleasant' — colloquial やな) (object)"
[skipped] no result for "(here: stem of 嫌な 'unpleasant' — colloquial やな) (object)" (や)
[error] HTTP 403 for query "to burn; to scorch (kana form of 焼ける) (action)"
[skipped] no result for "to burn; to scorch (kana form of 焼ける) (action)" (やける)
[error] HTTP 403 for query "to get thin (action)"
[skipped] no result for "to get thin (action)" (やせる)
[error] HTTP 403 for query "to stop; to quit; to give up (action)"
[skipped] no result for "to stop; to quit; to give up (action)" (やめる)
[error] HTTP 403 for query "apple (loanword) (object)"
[skipped] no result for "apple (loanword) (object)" (アップル)
[error] HTTP 403 for query "alien (loanword) (object)"
[skipped] no result for "alien (loanword) (object)" (エイリアン)
[error] HTTP 403 for query "energy (loanword) (object)"
[skipped] no result for "energy (loanword) (object)" (エナジー)
[error] HTTP 403 for query "card (object)"
[skipped] no result for "card (object)" (カード)
[error] HTTP 403 for query "glass (material) (object)"
[skipped] no result for "glass (material) (object)" (ガラス)
[error] HTTP 403 for query "guitar (object)"
[skipped] no result for "guitar (object)" (ギター)
[error] HTTP 403 for query "cell phone; mobile phone (object)"
[skipped] no result for "cell phone; mobile phone (object)" (ケータイ)
[error] HTTP 403 for query "heart; mind; spirit (stylized katakana of 心) (object)"
[skipped] no result for "heart; mind; spirit (stylized katakana of 心) (object)" (ココロ)
[error] HTTP 403 for query "(tokenizer artifact — stem of 込める 'to put into', written in katakana here) (object)"
[skipped] no result for "(tokenizer artifact — stem of 込める 'to put into', written in katakana here) (object)" (コメ)
[error] HTTP 403 for query "shower (loanword — bath OR rainfall) (object)"
[skipped] no result for "shower (loanword — bath OR rainfall) (object)" (シャワー)
[error] HTTP 403 for query "scorpion (loanword) (object)"
[skipped] no result for "scorpion (loanword) (object)" (スコーピオン)
[error] HTTP 403 for query "(stylised katakana of 〜たい — desiderative ending) (object)"
[skipped] no result for "(stylised katakana of 〜たい — desiderative ending) (object)" (タイ)
[error] HTTP 403 for query "strength; power (力 in katakana) (object)"
[skipped] no result for "strength; power (力 in katakana) (object)" (チカラ)
[error] HTTP 403 for query "chance; opportunity (loanword) (object)"
[skipped] no result for "chance; opportunity (loanword) (object)" (チャンス)
[error] HTTP 403 for query "cheese (object)"
[skipped] no result for "cheese (object)" (チーズ)
[error] HTTP 403 for query "dress (object)"
[skipped] no result for "dress (object)" (ドレス)
[error] HTTP 403 for query "nuts (loanword) (object)"
[skipped] no result for "nuts (loanword) (object)" (ナッツ)
[error] HTTP 403 for query "tears (涙 in katakana) (object)"
[skipped] no result for "tears (涙 in katakana) (object)" (ナミダ)
[error] HTTP 403 for query "news (object)"
[skipped] no result for "news (object)" (ニュース)
[error] HTTP 403 for query "bus stop (object)"
[skipped] no result for "bus stop (object)" (バス停)
[error] HTTP 403 for query "paradise (loanword) (object)"
[skipped] no result for "paradise (loanword) (object)" (パラダイス)
[error] HTTP 403 for query "power (loanword) (object)"
[skipped] no result for "power (loanword) (object)" (パワー)
[error] HTTP 403 for query "light (光 in katakana) (object)"
[skipped] no result for "light (光 in katakana) (object)" (ヒカリ)
[error] HTTP 403 for query "surprise, shock (object)"
[skipped] no result for "surprise, shock (object)" (ビックリ)
[error] HTTP 403 for query "boys (loanword) (object)"
[skipped] no result for "boys (loanword) (object)" (ボーイズ)
[error] HTTP 403 for query "popcorn (object)"
[skipped] no result for "popcorn (object)" (ポップコーン)
[error] HTTP 403 for query "music (loanword) (object)"
[skipped] no result for "music (loanword) (object)" (ミュージック)
[error] HTTP 403 for query "message (object)"
[skipped] no result for "message (object)" (メッセージ)
[error] HTTP 403 for query "monster (object)"
[skipped] no result for "monster (object)" (モンスター)
[error] HTTP 403 for query "lucky / luck (loanword, na-adj) (object)"
[skipped] no result for "lucky / luck (loanword, na-adj) (object)" (ラッキー)
[error] HTTP 403 for query "wine (object)"
[skipped] no result for "wine (object)" (ワイン)
[error] HTTP 403 for query "a lot, full (object)"
[skipped] no result for "a lot, full (object)" (一杯)
[error] HTTP 403 for query "to rise; to go up; to climb (action)"
[skipped] no result for "to rise; to go up; to climb (action)" (上がる)
[error] HTTP 403 for query "to line up; to stand in a row (action)"
[skipped] no result for "to line up; to stand in a row (action)" (並ぶ)
[error] HTTP 403 for query "to line up; to arrange in a row (action)"
[skipped] no result for "to line up; to arrange in a row (action)" (並べる)
[error] HTTP 403 for query "plan; schedule; appointment (object)"
[skipped] no result for "plan; schedule; appointment (object)" (予定)
[error] HTTP 403 for query "people (object)"
[skipped] no result for "people (object)" (人々)
[error] HTTP 403 for query "tonight (object)"
[skipped] no result for "tonight (object)" (今夜)
[error] HTTP 403 for query "this time; next time (object)"
[skipped] no result for "this time; next time (object)" (今度)
[error] HTTP 403 for query "way; method; means (often 仕方ない = it can't be helped) (object)"
[skipped] no result for "way; method; means (often 仕方ない = it can't be helped) (object)" (仕方)
[error] HTTP 403 for query "other; another; else (object)"
[skipped] no result for "other; another; else (object)" (他)
[error] HTTP 403 for query "substitute; replacement; in place of (object)"
[skipped] no result for "substitute; replacement; in place of (object)" (代わり)
[error] HTTP 403 for query "to change; to be replaced; to substitute (action)"
[skipped] no result for "to change; to be replaced; to substitute (action)" (代わる)
[error] HTTP 403 for query "more than, beyond (object)"
[skipped] no result for "more than, beyond (object)" (以上)
[error] HTTP 403 for query "to be able to meet; potential form of 会う (action)"
[skipped] no result for "to be able to meet; potential form of 会う (action)" (会える)
[error] HTTP 403 for query "conversation (object)"
[skipped] no result for "conversation (object)" (会話)
[error] HTTP 403 for query "how many months (object)"
[skipped] no result for "how many months (object)" (何ヶ月)
[error] HTTP 403 for query "errand; messenger (object)"
[skipped] no result for "errand; messenger (object)" (使い)
[error] HTTP 403 for query "times (multiplier) (object)"
[skipped] no result for "times (multiplier) (object)" (倍)
[error] HTTP 403 for query "side; near (often as 〜の側) (object)"
[skipped] no result for "side; near (often as 〜の側) (object)" (側)
[error] HTTP 403 for query "by, beside (object)"
[skipped] no result for "by, beside (object)" (傍)
[error] HTTP 403 for query "we (masc., casual) (object)"
[skipped] no result for "we (masc., casual) (object)" (僕ら)
[error] HTTP 403 for query "to become kind / gentle (action)"
[skipped] no result for "to become kind / gentle (action)" (優しくなる)
[error] HTTP 403 for query "to put in; to let in; to obtain (手に入れる) (action)"
[skipped] no result for "to put in; to let in; to obtain (手に入れる) (action)" (入れる)
[error] HTTP 403 for query "to go out; set out (action)"
[skipped] no result for "to go out; set out (action)" (出かける)
[error] HTTP 403 for query "exit; way out (object)"
[skipped] no result for "exit; way out (object)" (出口)
[error] HTTP 403 for query "beginning; start (object)"
[skipped] no result for "beginning; start (object)" (初め)
[error] HTTP 403 for query "to part; to separate; to say goodbye (action)"
[skipped] no result for "to part; to separate; to say goodbye (action)" (別れる)
[error] HTTP 403 for query "to help; to save; to rescue (action)"
[skipped] no result for "to help; to save; to rescue (action)" (助ける)
[error] HTTP 403 for query "to move; to shift (action)"
[skipped] no result for "to move; to shift (action)" (動く)
[error] HTTP 403 for query "to win; to be victorious (action)"
[skipped] no result for "to win; to be victorious (action)" (勝つ)
[error] HTTP 403 for query "smell; scent; aroma (object)"
[skipped] no result for "smell; scent; aroma (object)" (匂い)
[error] HTTP 403 for query "half (object)"
[skipped] no result for "half (object)" (半分)
[error] HTTP 403 for query "right hand (object)"
[skipped] no result for "right hand (object)" (右手)
[error] HTTP 403 for query "right eye (object)"
[skipped] no result for "right eye (object)" (右目)
[error] HTTP 403 for query "to match; to fit; to do together (as suffix) (action)"
[skipped] no result for "to match; to fit; to do together (as suffix) (action)" (合う)
[error] HTTP 403 for query "to breathe in; to inhale; to suck (action)"
[skipped] no result for "to breathe in; to inhale; to suck (action)" (吸う)
[error] HTTP 403 for query "to blow (of wind) (action)"
[skipped] no result for "to blow (of wind) (action)" (吹く)
[error] HTTP 403 for query "taste; flavor (object)"
[skipped] no result for "taste; flavor (object)" (味)
[error] HTTP 403 for query "problem; question; issue (object)"
[skipped] no result for "problem; question; issue (object)" (問題)
[error] HTTP 403 for query "to be glad; rejoice (action)"
[skipped] no result for "to be glad; rejoice (action)" (喜ぶ)
[error] HTTP 403 for query "to turn; to revolve; to go around (action)"
[skipped] no result for "to turn; to revolve; to go around (action)" (回る)
[error] HTTP 403 for query "to be troubled; to be at a loss (action)"
[skipped] no result for "to be troubled; to be at a loss (action)" (困る)
[error] HTTP 403 for query "to increase; to multiply (action)"
[skipped] no result for "to increase; to multiply (action)" (増える)
[error] HTTP 403 for query "to break; to destroy; to smash (action)"
[skipped] no result for "to break; to destroy; to smash (action)" (壊す)
[error] HTTP 403 for query "to change; to transform (transitive) (action)"
[skipped] no result for "to change; to transform (transitive) (action)" (変える)
[error] HTTP 403 for query "to lose (something) (action)"
[skipped] no result for "to lose (something) (action)" (失くす)
[error] HTTP 403 for query "beginning; start (object)"
[skipped] no result for "beginning; start (object)" (始め)
[error] HTTP 403 for query "daughter; young woman; girl (object)"
[skipped] no result for "daughter; young woman; girl (object)" (娘)
[error] HTTP 403 for query "loneliness (object)"
[skipped] no result for "loneliness (object)" (寂しさ)
[error] HTTP 403 for query "cold (the noun) (object)"
[skipped] no result for "cold (the noun) (object)" (寒さ)
[error] HTTP 403 for query "to be able to stay; to be able to exist (potential of 居る) (action)"
[skipped] no result for "to be able to stay; to be able to exist (potential of 居る) (action)" (居れる)
[error] HTTP 403 for query "seat (object)"
[skipped] no result for "seat (object)" (席)
[error] HTTP 403 for query "how many; how old (object)"
[skipped] no result for "how many; how old (object)" (幾つ)
[error] HTTP 403 for query "shape; form (object)"
[skipped] no result for "shape; form (object)" (形)
[error] HTTP 403 for query "to get angry (action)"
[skipped] no result for "to get angry (action)" (怒る)
[error] HTTP 403 for query "to recall; to remember (action)"
[skipped] no result for "to recall; to remember (action)" (思い出す)
[error] HTTP 403 for query "to hurry; to rush (action)"
[skipped] no result for "to hurry; to rush (action)" (急ぐ)
[error] HTTP 403 for query "to feel; to sense (action)"
[skipped] no result for "to feel; to sense (action)" (感じる)
[error] HTTP 403 for query "to get used to; to become accustomed (action)"
[skipped] no result for "to get used to; to become accustomed (action)" (慣れる)
[error] HTTP 403 for query "to remember; to bear in mind (variant of 覚える) (action)"
[skipped] no result for "to remember; to bear in mind (variant of 覚える) (action)" (憶える)
[error] HTTP 403 for query "to return; to go back (action)"
[skipped] no result for "to return; to go back (action)" (戻る)
[error] HTTP 403 for query "to pay; to clear away (action)"
[skipped] no result for "to pay; to clear away (action)" (払う)
[error] HTTP 403 for query "to throw; to hurl; to cast (action)"
[skipped] no result for "to throw; to hurl; to cast (action)" (投げる)
[error] HTTP 403 for query "to push; to press (action)"
[skipped] no result for "to push; to press (action)" (押す)
[error] HTTP 403 for query "to pick up; to find (action)"
[skipped] no result for "to pick up; to find (action)" (拾う)
[error] HTTP 403 for query "finger (object)"
[skipped] no result for "finger (object)" (指)
[error] HTTP 403 for query "greeting (object)"
[skipped] no result for "greeting (object)" (挨拶)
[error] HTTP 403 for query "to wave; to shake; to swing (action)"
[skipped] no result for "to wave; to shake; to swing (action)" (振る)
[error] HTTP 403 for query "to search for (something lost); to look for (action)"
[skipped] no result for "to search for (something lost); to look for (action)" (捜す)
[error] HTTP 403 for query "to hang; to put on; to fasten (action)"
[skipped] no result for "to hang; to put on; to fasten (action)" (掛ける)
[error] HTTP 403 for query "to take (a photo); film (action)"
[skipped] no result for "to take (a photo); film (action)" (撮る)
[error] HTTP 403 for query "textbook (object)"
[skipped] no result for "textbook (object)" (教科書)
[error] HTTP 403 for query "to count (action)"
[skipped] no result for "to count (action)" (数える)
[error] HTTP 403 for query "letters / characters (object)"
[skipped] no result for "letters / characters (object)" (文字)
[error] HTTP 403 for query "the day after tomorrow (object)"
[skipped] no result for "the day after tomorrow (object)" (明後日)
[error] HTTP 403 for query "long ago; the old days (object)"
[skipped] no result for "long ago; the old days (object)" (昔)
[error] HTTP 403 for query "evening; night (object)"
[skipped] no result for "evening; night (object)" (晩)
[error] HTTP 403 for query "clear weather (object)"
[skipped] no result for "clear weather (object)" (晴れ)
[error] HTTP 403 for query "to clear up (weather); to become sunny (action)"
[skipped] no result for "to clear up (weather); to become sunny (action)" (晴れる)
[error] HTTP 403 for query "to become cloudy; to become dim (action)"
[skipped] no result for "to become cloudy; to become dim (action)" (曇る)
[error] HTTP 403 for query "to turn, bend (action)"
[skipped] no result for "to turn, bend (action)" (曲がる)
[error] HTTP 403 for query "at first; the beginning (object)"
[skipped] no result for "at first; the beginning (object)" (最初)
[error] HTTP 403 for query "forest; woods (object)"
[skipped] no result for "forest; woods (object)" (森)
[error] HTTP 403 for query "to stop (doing); quit (action)"
[skipped] no result for "to stop (doing); quit (action)" (止める)
[error] HTTP 403 for query "to stop; to halt; to bring to a stop (action)"
[skipped] no result for "to stop; to halt; to bring to a stop (action)" (止める)
[error] HTTP 403 for query "to be able to walk (action)"
[skipped] no result for "to be able to walk (action)" (歩ける)
[error] HTTP 403 for query "to compare; to contrast (action)"
[skipped] no result for "to compare; to contrast (action)" (比べる)
[error] HTTP 403 for query "mind; spirit; attention (often in set phrase 気をつける) (object)"
[skipped] no result for "mind; spirit; attention (often in set phrase 気をつける) (object)" (気)
[error] HTTP 403 for query "ice (object)"
[skipped] no result for "ice (object)" (氷)
[error] HTTP 403 for query "pond (object)"
[skipped] no result for "pond (object)" (池)
[error] HTTP 403 for query "to wash; to cleanse (action)"
[skipped] no result for "to wash; to cleanse (action)" (洗う)
[error] HTTP 403 for query "to disappear; to vanish; to go out (action)"
[skipped] no result for "to disappear; to vanish; to go out (action)" (消える)
[error] HTTP 403 for query "to hand over (action)"
[skipped] no result for "to hand over (action)" (渡す)
[error] HTTP 403 for query "to cross; to pass over; to be handed over (action)"
[skipped] no result for "to cross; to pass over; to be handed over (action)" (渡る)
[error] HTTP 403 for query "point; dot; score (object)"
[skipped] no result for "point; dot; score (object)" (点)
[error] HTTP 403 for query "for the sake of (object)"
[skipped] no result for "for the sake of (object)" (為)
[error] HTTP 403 for query "to lose; to get rid of (action)"
[skipped] no result for "to lose; to get rid of (action)" (無くす)
[error] HTTP 403 for query "to burn; to bake; to grill (action)"
[skipped] no result for "to burn; to bake; to grill (action)" (焼く)
[error] HTTP 403 for query "to burn; to be roasted; (of sky) to glow red (action)"
[skipped] no result for "to burn; to be roasted; (of sky) to glow red (action)" (焼ける)
[error] HTTP 403 for query "heat; fever; passion (object)"
[skipped] no result for "heat; fever; passion (object)" (熱)
[error] HTTP 403 for query "alone; by oneself (object)"
[skipped] no result for "alone; by oneself (object)" (独り)
[error] HTTP 403 for query "king (with respectful 様) (object)"
[skipped] no result for "king (with respectful 様) (object)" (王様)
[error] HTTP 403 for query "life, daily living (object)"
[skipped] no result for "life, daily living (object)" (生活)
[error] HTTP 403 for query "to prepare / arrange (action)"
[skipped] no result for "to prepare / arrange (action)" (用意する)
[error] HTTP 403 for query "to get tired; to become exhausted (action)"
[skipped] no result for "to get tired; to become exhausted (action)" (疲れる)
[error] HTTP 403 for query "to climb up (action)"
[skipped] no result for "to climb up (action)" (登る)
[error] HTTP 403 for query "plate, dish (object)"
[skipped] no result for "plate, dish (object)" (皿)
[error] HTTP 403 for query "to fix, repair (action)"
[skipped] no result for "to fix, repair (action)" (直す)
[error] HTTP 403 for query "middle; center (object)"
[skipped] no result for "middle; center (object)" (真ん中)
[error] HTTP 403 for query "to sleep; to slumber (action)"
[skipped] no result for "to sleep; to slumber (action)" (眠る)
[error] HTTP 403 for query "can sleep (potential of 眠る) (action)"
[skipped] no result for "can sleep (potential of 眠る) (action)" (眠れる)
[error] HTTP 403 for query "to arrive; to reach (action)"
[skipped] no result for "to arrive; to reach (action)" (着く)
[error] HTTP 403 for query "stone; rock (object)"
[skipped] no result for "stone; rock (object)" (石)
[error] HTTP 403 for query "god / deity (object)"
[skipped] no result for "god / deity (object)" (神)
[error] HTTP 403 for query "festival (object)"
[skipped] no result for "festival (object)" (祭り)
[error] HTTP 403 for query "to become empty; (おなかが空く) to get hungry (action)"
[skipped] no result for "to become empty; (おなかが空く) to get hungry (action)" (空く)
[error] HTTP 403 for query "to become empty; to open up (of a hole) (action)"
[skipped] no result for "to become empty; to open up (of a hole) (action)" (空く)
[error] HTTP 403 for query "air; atmosphere (object)"
[skipped] no result for "air; atmosphere (object)" (空気)
[error] HTTP 403 for query "to stand (something) up; to raise; to make (a sound) (action)"
[skipped] no result for "to stand (something) up; to raise; to make (a sound) (action)" (立てる)
[error] HTTP 403 for query "laugh; laughter; smile (object)"
[skipped] no result for "laugh; laughter; smile (object)" (笑い)
[error] HTTP 403 for query "introduction (suru-noun) (object)"
[skipped] no result for "introduction (suru-noun) (object)" (紹介)
[error] HTTP 403 for query "end; ending; conclusion (object)"
[skipped] no result for "end; ending; conclusion (object)" (終わり)
[error] HTTP 403 for query "to pass (of time); to elapse (action)"
[skipped] no result for "to pass (of time); to elapse (action)" (経つ)
[error] HTTP 403 for query "to continue; to go on (action)"
[skipped] no result for "to continue; to go on (action)" (続く)
[error] HTTP 403 for query "to continue; to keep doing (action)"
[skipped] no result for "to continue; to keep doing (action)" (続ける)
[error] HTTP 403 for query "line (object)"
[skipped] no result for "line (object)" (線)
[error] HTTP 403 for query "to think; to consider (action)"
[skipped] no result for "to think; to consider (action)" (考える)
[error] HTTP 403 for query "can hear (action)"
[skipped] no result for "can hear (action)" (聞ける)
[error] HTTP 403 for query "to be audible, can hear (action)"
[skipped] no result for "to be audible, can hear (action)" (聴こえる)
[error] HTTP 403 for query "shoulder (object)"
[skipped] no result for "shoulder (object)" (肩)
[error] HTTP 403 for query "back (of body); height; stature (object)"
[skipped] no result for "back (of body); height; stature (object)" (背)
[error] HTTP 403 for query "arm; skill; ability (object)"
[skipped] no result for "arm; skill; ability (object)" (腕)
[error] HTTP 403 for query "bicycle (object)"
[skipped] no result for "bicycle (object)" (自転車)
[error] HTTP 403 for query "interest (in something) (object)"
[skipped] no result for "interest (in something) (object)" (興味)
[error] HTTP 403 for query "good kid (object)"
[skipped] no result for "good kid (object)" (良い子)
[error] HTTP 403 for query "grass; weeds (object)"
[skipped] no result for "grass; weeds (object)" (草)
[error] HTTP 403 for query "to drop / cast down (action)"
[skipped] no result for "to drop / cast down (action)" (落とす)
[error] HTTP 403 for query "to be able to go; to manage (action)"
[skipped] no result for "to be able to go; to manage (action)" (行ける)
[error] HTTP 403 for query "bag (object)"
[skipped] no result for "bag (object)" (袋)
[error] HTTP 403 for query "don't need (action)"
[skipped] no result for "don't need (action)" (要らない)
[error] HTTP 403 for query "to need; to be necessary (action)"
[skipped] no result for "to need; to be necessary (action)" (要る)
[error] HTTP 403 for query "to be visible; to be seen (action)"
[skipped] no result for "to be visible; to be seen (action)" (見える)
[error] HTTP 403 for query "to show; to display (action)"
[skipped] no result for "to show; to display (action)" (見せる)
[error] HTTP 403 for query "to be found; to be discovered (action)"
[skipped] no result for "to be found; to be discovered (action)" (見つかる)
[error] HTTP 403 for query "to find; to discover (action)"
[skipped] no result for "to find; to discover (action)" (見つける)
[error] HTTP 403 for query "to be able to see (ra-nuki variant of 見られる) (action)"
[skipped] no result for "to be able to see (ra-nuki variant of 見られる) (action)" (見れる)
[error] HTTP 403 for query "to watch; to view; to behold (variant of 見る) (action)"
[skipped] no result for "to watch; to view; to behold (variant of 見る) (action)" (観る)
[error] HTTP 403 for query "corner (object)"
[skipped] no result for "corner (object)" (角)
[error] HTTP 403 for query "to touch; to feel (action)"
[skipped] no result for "to touch; to feel (action)" (触る)
[error] HTTP 403 for query "to be able to say (action)"
[skipped] no result for "to be able to say (action)" (言える)
[error] HTTP 403 for query "exam; test (object)"
[skipped] no result for "exam; test (object)" (試験)
[error] HTTP 403 for query "explanation (object)"
[skipped] no result for "explanation (object)" (説明)
[error] HTTP 403 for query "to apologize (action)"
[skipped] no result for "to apologize (action)" (謝る)
[error] HTTP 403 for query "to protect (formal) (action)"
[skipped] no result for "to protect (formal) (action)" (護る)
[error] HTTP 403 for query "pig (object)"
[skipped] no result for "pig (object)" (豚)
[error] HTTP 403 for query "to lose; to be defeated (action)"
[skipped] no result for "to lose; to be defeated (action)" (負ける)
[error] HTTP 403 for query "insufficient / lacking (action)"
[skipped] no result for "insufficient / lacking (action)" (足りない)
[error] HTTP 403 for query "to be enough; to be sufficient (action)"
[skipped] no result for "to be enough; to be sufficient (action)" (足りる)
[error] HTTP 403 for query "to return; to give back (action)"
[skipped] no result for "to return; to give back (action)" (返す)
[error] HTTP 403 for query "to send; to spend (time) (action)"
[skipped] no result for "to send; to spend (time) (action)" (送る)
[error] HTTP 403 for query "street; avenue (object)"
[skipped] no result for "street; avenue (object)" (通り)
[error] HTTP 403 for query "to pass; to go by; to go through (action)"
[skipped] no result for "to pass; to go by; to go through (action)" (通る)
[error] HTTP 403 for query "to take (a person) along (action)"
[skipped] no result for "to take (a person) along (action)" (連れて行く)
[error] HTTP 403 for query "to advance; to move forward; to progress (action)"
[skipped] no result for "to advance; to move forward; to progress (action)" (進む)
[error] HTTP 403 for query "to carry; convey; transport (action)"
[skipped] no result for "to carry; convey; transport (action)" (運ぶ)
[error] HTTP 403 for query "to pass; to exceed; to go too far (action)"
[skipped] no result for "to pass; to exceed; to go too far (action)" (過ぎる)
[error] HTTP 403 for query "to choose; to select (action)"
[skipped] no result for "to choose; to select (action)" (選ぶ)
[error] HTTP 403 for query "to open; to unfold; to bloom (action)"
[skipped] no result for "to open; to unfold; to bloom (action)" (開く)
[error] HTTP 403 for query "to open (intransitive) (action)"
[skipped] no result for "to open (intransitive) (action)" (開く)
[error] HTTP 403 for query "space between; interval; among (object)"
[skipped] no result for "space between; interval; among (object)" (間)
[error] HTTP 403 for query "to descend; to get off; to come down (action)"
[skipped] no result for "to descend; to get off; to come down (action)" (降りる)
[error] HTTP 403 for query "to gather; to come together; to assemble (action)"
[skipped] no result for "to gather; to come together; to assemble (action)" (集まる)
[error] HTTP 403 for query "to collect; to gather (action)"
[skipped] no result for "to collect; to gather (action)" (集める)
[error] HTTP 403 for query "rainfall; rainy weather (object)"
[skipped] no result for "rainfall; rainy weather (object)" (雨ふり)
[error] HTTP 403 for query "sound; noise (object)"
[skipped] no result for "sound; noise (object)" (音)
[error] HTTP 403 for query "around the time of (object)"
[skipped] no result for "around the time of (object)" (頃)
[error] HTTP 403 for query "to ask, request (action)"
[skipped] no result for "to ask, request (action)" (頼む)
[error] HTTP 403 for query "to be able to fly (action)"
[skipped] no result for "to be able to fly (action)" (飛べる)
[error] HTTP 403 for query "hair (on the head) (object)"
[skipped] no result for "hair (on the head) (object)" (髪)
[error] HTTP 403 for query "to sing (of birds); to chirp; to make a sound (of animals/things) (action)"
[skipped] no result for "to sing (of birds); to chirp; to make a sound (of animals/things) (action)" (鳴く)
[error] HTTP 403 for query "to sound, ring (action)"
[skipped] no result for "to sound, ring (action)" (鳴る)
[error] HTTP 403 for query "tears (object)"
[skipped] no result for "tears (object)" (涙)
[error] HTTP 403 for query "pain; ache (object)"
[skipped] no result for "pain; ache (object)" (痛み)
[error] HTTP 403 for query "feeling; thought; emotion (object)"
[skipped] no result for "feeling; thought; emotion (object)" (想い)
[error] HTTP 403 for query "fate; destiny (object)"
[skipped] no result for "fate; destiny (object)" (運命)
[error] HTTP 403 for query "reality (object)"
[skipped] no result for "reality (object)" (現実)
[error] HTTP 403 for query "memory (object)"
[skipped] no result for "memory (object)" (記憶)
[error] HTTP 403 for query "sadness; grief (object)"
[skipped] no result for "sadness; grief (object)" (悲しみ)
[error] HTTP 403 for query "smile; smiling face (object)"
[skipped] no result for "smile; smiling face (object)" (笑顔)
[error] HTTP 403 for query "emotion; feeling (object)"
[skipped] no result for "emotion; feeling (object)" (感情)
[error] HTTP 403 for query "chest; heart (object)"
[skipped] no result for "chest; heart (object)" (胸)
[error] HTTP 403 for query "freedom (object)"
[skipped] no result for "freedom (object)" (自由)
[error] HTTP 403 for query "limit; boundary (object)"
[skipped] no result for "limit; boundary (object)" (限界)
[error] HTTP 403 for query "wound; scar (object)"
[skipped] no result for "wound; scar (object)" (傷)
[error] HTTP 403 for query "scenery; view (object)"
[skipped] no result for "scenery; view (object)" (景色)
[error] HTTP 403 for query "truth (object)"
[skipped] no result for "truth (object)" (真実)
[error] HTTP 403 for query "to scream; to cry out (action)"
[skipped] no result for "to scream; to cry out (action)" (叫ぶ)
[error] HTTP 403 for query "wall (object)"
[skipped] no result for "wall (object)" (壁)
[error] HTTP 403 for query "wish; desire (object)"
[skipped] no result for "wish; desire (object)" (願い)
[error] HTTP 403 for query "comrade; companion (object)"
[skipped] no result for "comrade; companion (object)" (仲間)
[error] HTTP 403 for query "courage; bravery (object)"
[skipped] no result for "courage; bravery (object)" (勇気)
[error] HTTP 403 for query "victory; triumph (object)"
[skipped] no result for "victory; triumph (object)" (勝利)
[error] HTTP 403 for query "shadow (object)"
[skipped] no result for "shadow (object)" (影)
[error] HTTP 403 for query "ideal (object)"
[skipped] no result for "ideal (object)" (理想)
[error] HTTP 403 for query "reason (object)"
[skipped] no result for "reason (object)" (理由)
[error] HTTP 403 for query "to give up (action)"
[skipped] no result for "to give up (action)" (諦める)
[error] HTTP 403 for query "life (object)"
[skipped] no result for "life (object)" (命)
[error] HTTP 403 for query "dawn; daybreak (object)"
[skipped] no result for "dawn; daybreak (object)" (夜明け)
[error] HTTP 403 for query "to protect (action)"
[skipped] no result for "to protect (action)" (守る)
[error] HTTP 403 for query "hope (object)"
[skipped] no result for "hope (object)" (希望)
[error] HTTP 403 for query "door (object)"
[skipped] no result for "door (object)" (扉)
[error] HTTP 403 for query "story; tale (object)"
[skipped] no result for "story; tale (object)" (物語)
[error] HTTP 403 for query "moment; instant (object)"
[skipped] no result for "moment; instant (object)" (瞬間)
[error] HTTP 403 for query "rainbow (object)"
[skipped] no result for "rainbow (object)" (虹)
[error] HTTP 403 for query "an instant; moment (object)"
[skipped] no result for "an instant; moment (object)" (一瞬)
[error] HTTP 403 for query "life; human life (object)"
[skipped] no result for "life; human life (object)" (人生)
[error] HTTP 403 for query "value; worth (object)"
[skipped] no result for "value; worth (object)" (価値)
[error] HTTP 403 for query "night sky (object)"
[skipped] no result for "night sky (object)" (夜空)
[error] HTTP 403 for query "absorbed; engrossed (object)"
[skipped] no result for "absorbed; engrossed (object)" (夢中)
[error] HTTP 403 for query "weakness (object)"
[skipped] no result for "weakness (object)" (弱さ)
[error] HTTP 403 for query "to shine on; to illuminate (action)"
[skipped] no result for "to shine on; to illuminate (action)" (照らす)
[error] HTTP 403 for query "prayer (object)"
[skipped] no result for "prayer (object)" (祈り)
[error] HTTP 403 for query "to repeat (action)"
[skipped] no result for "to repeat (action)" (繰り返す)
[error] HTTP 403 for query "sin; crime (object)"
[skipped] no result for "sin; crime (object)" (罪)
[error] HTTP 403 for query "fireworks (object)"
[skipped] no result for "fireworks (object)" (花火)
[error] HTTP 403 for query "excuse (object)"
[skipped] no result for "excuse (object)" (言い訳)
[error] HTTP 403 for query "proof; evidence (object)"
[skipped] no result for "proof; evidence (object)" (証明)
[error] HTTP 403 for query "to shine; to sparkle (action)"
[skipped] no result for "to shine; to sparkle (action)" (輝く)
[error] HTTP 403 for query "the past (object)"
[skipped] no result for "the past (object)" (過去)
[error] HTTP 403 for query "magic (object)"
[skipped] no result for "magic (object)" (魔法)
[error] HTTP 403 for query "one step (object)"
[skipped] no result for "one step (object)" (一歩)
[error] HTTP 403 for query "everything (object)"
[skipped] no result for "everything (object)" (全て)
[error] HTTP 403 for query "adventure (object)"
[skipped] no result for "adventure (object)" (冒険)
[error] HTTP 403 for query "joy; delight (object)"
[skipped] no result for "joy; delight (object)" (喜び)
[error] HTTP 403 for query "evening twilight; dusk (object)"
[skipped] no result for "evening twilight; dusk (object)" (夕暮れ)
[error] HTTP 403 for query "angel (object)"
[skipped] no result for "angel (object)" (天使)
[error] HTTP 403 for query "treasure (object)"
[skipped] no result for "treasure (object)" (宝物)
[error] HTTP 403 for query "boy; youth (object)"
[skipped] no result for "boy; youth (object)" (少年)
[error] HTTP 403 for query "to crumble; to collapse (action)"
[skipped] no result for "to crumble; to collapse (action)" (崩れる)
[error] HTTP 403 for query "fine; okay; unfazed (object)"
[skipped] no result for "fine; okay; unfazed (object)" (平気)
[error] HTTP 403 for query "breath (object)"
[skipped] no result for "breath (object)" (息)
[error] HTTP 403 for query "patience; endurance (object)"
[skipped] no result for "patience; endurance (object)" (我慢)
[error] HTTP 403 for query "to fight (Japanese equivalent of German 'kampfen') (action)"
[skipped] no result for "to fight (Japanese equivalent of German 'kampfen') (action)" (戦う)
[error] HTTP 403 for query "to draw; to depict; to envision (action)"
[skipped] no result for "to draw; to depict; to envision (action)" (描く)
[error] HTTP 403 for query "to depart on a journey (action)"
[skipped] no result for "to depart on a journey (action)" (旅立つ)
[error] HTTP 403 for query "crime (object)"
[skipped] no result for "crime (object)" (犯罪)
[error] HTTP 403 for query "to be reborn; to start anew (action)"
[skipped] no result for "to be reborn; to start anew (action)" (生まれ変わる)
[error] HTTP 403 for query "to aim for; to head toward (action)"
[skipped] no result for "to aim for; to head toward (action)" (目指す)
[error] HTTP 403 for query "God; deity (object)"
[skipped] no result for "God; deity (object)" (神様)
[error] HTTP 403 for query "wings; feathers (object)"
[skipped] no result for "wings; feathers (object)" (羽根)
[error] HTTP 403 for query "back (body) (object)"
[skipped] no result for "back (body) (object)" (背中)
[error] HTTP 403 for query "self-confidence (object)"
[skipped] no result for "self-confidence (object)" (自信)
[error] HTTP 403 for query "blood (object)"
[skipped] no result for "blood (object)" (血)
[error] HTTP 403 for query "to surpass, to exceed (action)"
[skipped] no result for "to surpass, to exceed (action)" (超える)
[error] HTTP 403 for query "to chase; to pursue (action)"
[skipped] no result for "to chase; to pursue (action)" (追いかける)
[error] HTTP 403 for query "bell (object)"
[skipped] no result for "bell (object)" (鐘)
[error] HTTP 403 for query "blue sky (object)"
[skipped] no result for "blue sky (object)" (青空)
[error] HTTP 403 for query "to wish; to pray (action)"
[skipped] no result for "to wish; to pray (action)" (願う)
[error] HTTP 403 for query "sadness (object)"
[skipped] no result for "sadness (object)" (かなしみ)
[error] HTTP 403 for query "to connect; to hold hands (action)"
[skipped] no result for "to connect; to hold hands (action)" (つなぐ)
[error] HTTP 403 for query "enemy (object)"
[skipped] no result for "enemy (object)" (てき)
[error] HTTP 403 for query "hill (object)"
[skipped] no result for "hill (object)" (丘)
[error] HTTP 403 for query "both hands (object)"
[skipped] no result for "both hands (object)" (両手)
[error] HTTP 403 for query "life (object)"
[skipped] no result for "life (object)" (人生)
[error] HTTP 403 for query "Buddha; the deceased (object)"
[skipped] no result for "Buddha; the deceased (object)" (仏様)
[error] HTTP 403 for query "to be wounded; to be hurt (action)"
[skipped] no result for "to be wounded; to be hurt (action)" (傷つく)
[error] HTTP 403 for query "to wound; to hurt (action)"
[skipped] no result for "to wound; to hurt (action)" (傷つける)
[error] HTTP 403 for query "to shine (action)"
[skipped] no result for "to shine (action)" (光る)
[error] HTTP 403 for query "everything; all (object)"
[skipped] no result for "everything; all (object)" (全て (subete))
[error] HTTP 403 for query "secret (object)"
[skipped] no result for "secret (object)" (内緒)
[error] HTTP 403 for query "joke (object)"
[skipped] no result for "joke (object)" (冗談)
[error] HTTP 403 for query "to meet, to encounter (action)"
[skipped] no result for "to meet, to encounter (action)" (出会う)
[error] HTTP 403 for query "bittersweet pain; poignancy (object)"
[skipped] no result for "bittersweet pain; poignancy (object)" (切なさ)
[error] HTTP 403 for query "effect; impact (object)"
[skipped] no result for "effect; impact (object)" (効果)
[error] HTTP 403 for query "courage; bravery (object)"
[skipped] no result for "courage; bravery (object)" (勇気)
[error] HTTP 403 for query "courage; bravery (object)"
[skipped] no result for "courage; bravery (object)" (勇気 (yūki))
[error] HTTP 403 for query "to start moving (action)"
[skipped] no result for "to start moving (action)" (動き出す)
[error] HTTP 403 for query "to win; to earn (action)"
[skipped] no result for "to win; to earn (action)" (勝ち取る)
[error] HTTP 403 for query "match; contest; showdown (object)"
[skipped] no result for "match; contest; showdown (object)" (勝負)
[error] HTTP 403 for query "momentum; vigor (object)"
[skipped] no result for "momentum; vigor (object)" (勢い)
[error] HTTP 403 for query "to wrap; to envelop (action)"
[skipped] no result for "to wrap; to envelop (action)" (包む)
[error] HTTP 403 for query "to take back; to recover (action)"
[skipped] no result for "to take back; to recover (action)" (取り戻す)
[error] HTTP 403 for query "to accept; to take in (action)"
[skipped] no result for "to accept; to take in (action)" (受け入れる)
[error] HTTP 403 for query "possibility; potential (object)"
[skipped] no result for "possibility; potential (object)" (可能性)
[error] HTTP 403 for query "to come true; to be fulfilled (action)"
[skipped] no result for "to come true; to be fulfilled (action)" (叶う)
[error] HTTP 403 for query "to fulfill; to grant (action)"
[skipped] no result for "to fulfill; to grant (action)" (叶える)
[error] HTTP 403 for query "to face; to confront (action)"
[skipped] no result for "to face; to confront (action)" (向き合う)
[error] HTTP 403 for query "beyond; the other side (object)"
[skipped] no result for "beyond; the other side (object)" (向こう)
[error] HTTP 403 for query "ally; friend (object)"
[skipped] no result for "ally; friend (object)" (味方)
[error] HTTP 403 for query "sadness (object)"
[skipped] no result for "sadness (object)" (哀しみ)
[error] HTTP 403 for query "question; inquiry (object)"
[skipped] no result for "question; inquiry (object)" (問いかけ)
[error] HTTP 403 for query "detour; roundabout way (object)"
[skipped] no result for "detour; roundabout way (object)" (回り道)
[error] HTTP 403 for query "difficulty; hardship (object)"
[skipped] no result for "difficulty; hardship (object)" (困難)
[error] HTTP 403 for query "to surround; to enclose (action)"
[skipped] no result for "to surround; to enclose (action)" (囲む)
[error] HTTP 403 for query "to break; to be broken (action)"
[skipped] no result for "to break; to be broken (action)" (壊れる)
[error] HTTP 403 for query "sunset glow (object)"
[skipped] no result for "sunset glow (object)" (夕焼け)
[error] HTTP 403 for query "to dream (action)"
[skipped] no result for "to dream (action)" (夢見る)
[error] HTTP 403 for query "vast sky (object)"
[skipped] no result for "vast sky (object)" (大空)
[error] HTTP 403 for query "heaven (object)"
[skipped] no result for "heaven (object)" (天国)
[error] HTTP 403 for query "to lose; to be deprived of (action)"
[skipped] no result for "to lose; to be deprived of (action)" (失う)
[error] HTTP 403 for query "storm; tempest (object)"
[skipped] no result for "storm; tempest (object)" (嵐)
[error] HTTP 403 for query "way home (object)"
[skipped] no result for "way home (object)" (帰り道)
[error] HTTP 403 for query "happiness (object)"
[skipped] no result for "happiness (object)" (幸せ)
[error] HTTP 403 for query "to spread; to expand (action)"
[skipped] no result for "to spread; to expand (action)" (広がる)
[error] HTTP 403 for query "to spread, to expand (action)"
[skipped] no result for "to spread, to expand (action)" (広げる)
[error] HTTP 403 for query "smile (object)"
[skipped] no result for "smile (object)" (微笑み)
[error] HTTP 403 for query "feelings; thoughts (object)"
[skipped] no result for "feelings; thoughts (object)" (思い)
[error] HTTP 403 for query "lover; sweetheart (object)"
[skipped] no result for "lover; sweetheart (object)" (恋人)
[error] HTTP 403 for query "to fear (action)"
[skipped] no result for "to fear (action)" (恐れる)
[error] HTTP 403 for query "fear; terror (object)"
[skipped] no result for "fear; terror (object)" (恐怖)
[error] HTTP 403 for query "shame; embarrassment (object)"
[skipped] no result for "shame; embarrassment (object)" (恥)
[error] HTTP 403 for query "to worry; to be troubled (action)"
[skipped] no result for "to worry; to be troubled (action)" (悩む)
[error] HTTP 403 for query "imagination (object)"
[skipped] no result for "imagination (object)" (想像)
[error] HTTP 403 for query "affection; love (object)"
[skipped] no result for "affection; love (object)" (愛情)
[error] HTTP 403 for query "gratitude; thanks (object)"
[skipped] no result for "gratitude; thanks (object)" (感謝)
[error] HTTP 403 for query "longing; yearning (object)"
[skipped] no result for "longing; yearning (object)" (憧れ)
[error] HTTP 403 for query "battle; fight (object)"
[skipped] no result for "battle; fight (object)" (戦い)
[error] HTTP 403 for query "war (object)"
[skipped] no result for "war (object)" (戦争)
[error] HTTP 403 for query "to look back (action)"
[skipped] no result for "to look back (action)" (振り返る)
[error] HTTP 403 for query "to grip; to hold (action)"
[skipped] no result for "to grip; to hold (action)" (握る)
[error] HTTP 403 for query "to pay (action)"
[skipped] no result for "to pay (action)" (支払う)
[error] HTTP 403 for query "enemy (object)"
[skipped] no result for "enemy (object)" (敵)
[error] HTTP 403 for query "traveler (object)"
[skipped] no result for "traveler (object)" (旅人)
[error] HTTP 403 for query "sunlight (object)"
[skipped] no result for "sunlight (object)" (日差し)
[error] HTTP 403 for query "daily life; everyday (object)"
[skipped] no result for "daily life; everyday (object)" (日常)
[error] HTTP 403 for query "era; age; period (object)"
[skipped] no result for "era; age; period (object)" (時代)
[error] HTTP 403 for query "morning sun; sunrise (object)"
[skipped] no result for "morning sun; sunrise (object)" (朝日)
[error] HTTP 403 for query "welcome (object)"
[skipped] no result for "welcome (object)" (歓迎)
[error] HTTP 403 for query "feeling; mood (object)"
[skipped] no result for "feeling; mood (object)" (気分)
[error] HTTP 403 for query "to seek; to desire (action)"
[skipped] no result for "to seek; to desire (action)" (求める)
[error] HTTP 403 for query "sweat (object)"
[skipped] no result for "sweat (object)" (汗)
[error] HTTP 403 for query "to sweep away, to let flow (action)"
[skipped] no result for "to sweep away, to let flow (action)" (流す)
[error] HTTP 403 for query "yukata; summer kimono (object)"
[skipped] no result for "yukata; summer kimono (object)" (浴衣)
[error] HTTP 403 for query "light; lamp (object)"
[skipped] no result for "light; lamp (object)" (灯り)
[error] HTTP 403 for query "waste; futility (object)"
[skipped] no result for "waste; futility (object)" (無駄)
[error] HTTP 403 for query "to rush; to be impatient (action)"
[skipped] no result for "to rush; to be impatient (action)" (焦る)
[error] HTTP 403 for query "present; current (object)"
[skipped] no result for "present; current (object)" (現在)
[error] HTTP 403 for query "living creature (object)"
[skipped] no result for "living creature (object)" (生き物)
[error] HTTP 403 for query "to doubt; to suspect (action)"
[skipped] no result for "to doubt; to suspect (action)" (疑う)
[error] HTTP 403 for query "to heal; to soothe (action)"
[skipped] no result for "to heal; to soothe (action)" (癒す)
[error] HTTP 403 for query "departure bell (train) (object)"
[skipped] no result for "departure bell (train) (object)" (発車ベル)
[error] HTTP 403 for query "destination (object)"
[skipped] no result for "destination (object)" (目的地)
[error] HTTP 403 for query "to awaken (action)"
[skipped] no result for "to awaken (action)" (目覚める)
[error] HTTP 403 for query "midnight (object)"
[skipped] no result for "midnight (object)" (真夜中)
[error] HTTP 403 for query "sand (object)"
[skipped] no result for "sand (object)" (砂)
[error] HTTP 403 for query "sandcastle (object)"
[skipped] no result for "sandcastle (object)" (砂の城)
[error] HTTP 403 for query "to break; to tear (action)"
[skipped] no result for "to break; to tear (action)" (破る)
[error] HTTP 403 for query "society (object)"
[skipped] no result for "society (object)" (社会)
[error] HTTP 403 for query "to stand up; to rise (action)"
[skipped] no result for "to stand up; to rise (action)" (立ち上がる (tachiagaru))
[error] HTTP 403 for query "smile (object)"
[skipped] no result for "smile (object)" (笑顔)
[error] HTTP 403 for query "result (object)"
[skipped] no result for "result (object)" (結果)
[error] HTTP 403 for query "continuation; sequel (object)"
[skipped] no result for "continuation; sequel (object)" (続き)
[error] HTTP 403 for query "railway tracks (object)"
[skipped] no result for "railway tracks (object)" (線路)
[error] HTTP 403 for query "to repeat (action)"
[skipped] no result for "to repeat (action)" (繰り返す (kurikaesu))
[error] HTTP 403 for query "wings; feathers (object)"
[skipped] no result for "wings; feathers (object)" (羽)
[error] HTTP 403 for query "ability; capability (object)"
[skipped] no result for "ability; capability (object)" (能力)
[error] HTTP 403 for query "being true to oneself (object)"
[skipped] no result for "being true to oneself (object)" (自分らしさ)
[error] HTTP 403 for query "young person (object)"
[skipped] no result for "young person (object)" (若者)
[error] HTTP 403 for query "to fall, to drop (action)"
[skipped] no result for "to fall, to drop (action)" (落ちる)
[error] HTTP 403 for query "rainbow-colored (object)"
[skipped] no result for "rainbow-colored (object)" (虹色)
[error] HTTP 403 for query "candle (object)"
[skipped] no result for "candle (object)" (蝋燭)
[error] HTTP 403 for query "can't find; nowhere to be found (action)"
[skipped] no result for "can't find; nowhere to be found (action)" (見当たらない)
[error] HTTP 403 for query "to talk; to narrate (action)"
[skipped] no result for "to talk; to narrate (action)" (語る)
[error] HTTP 403 for query "to start running (action)"
[skipped] no result for "to start running (action)" (走り出す)
[error] HTTP 403 for query "to cross over; to surpass (action)"
[skipped] no result for "to cross over; to surpass (action)" (越える)
[error] HTTP 403 for query "distance (object)"
[skipped] no result for "distance (object)" (距離)
[error] HTTP 403 for query "to roll; to tumble (action)"
[skipped] no result for "to roll; to tumble (action)" (転が���)
[error] HTTP 403 for query "to fall; to stumble (action)"
[skipped] no result for "to fall; to stumble (action)" (転ぶ (korobu))
[error] HTTP 403 for query "nuisance; bother; trouble (object)"
[skipped] no result for "nuisance; bother; trouble (object)" (迷惑)
[error] HTTP 403 for query "boredom (object)"
[skipped] no result for "boredom (object)" (退屈)
[error] HTTP 403 for query "to run away; to flee (action)"
[skipped] no result for "to run away; to flee (action)" (逃げ出す)
[error] HTTP 403 for query "to run away; to flee (action)"
[skipped] no result for "to run away; to flee (action)" (逃げ出���)
[error] HTTP 403 for query "upside down; reversed (object)"
[skipped] no result for "upside down; reversed (object)" (逆さま)
[error] HTTP 403 for query "to meet (fated encounter) (action)"
[skipped] no result for "to meet (fated encounter) (action)" (逢う)
[error] HTTP 403 for query "hindrance; obstruction (object)"
[skipped] no result for "hindrance; obstruction (object)" (邪魔)
[error] HTTP 403 for query "wild nature; wild instinct (object)"
[skipped] no result for "wild nature; wild instinct (object)" (野性)
[error] HTTP 403 for query "silver color (object)"
[skipped] no result for "silver color (object)" (銀色)
[error] HTTP 403 for query "opening; gap; vulnerability (object)"
[skipped] no result for "opening; gap; vulnerability (object)" (隙)
[error] HTTP 403 for query "to tremble; to shake (action)"
[skipped] no result for "to tremble; to shake (action)" (震える)
[error] HTTP 403 for query "youth; adolescence (object)"
[skipped] no result for "youth; adolescence (object)" (青春)
[error] HTTP 403 for query "fire escape; emergency stairs (object)"
[skipped] no result for "fire escape; emergency stairs (object)" (非常階段)
[error] HTTP 403 for query "to resonate; to echo (action)"
[skipped] no result for "to resonate; to echo (action)" (響く)
[error] HTTP 403 for query "neck (object)"
[skipped] no result for "neck (object)" (首)
[error] HTTP 403 for query "scent; fragrance (object)"
[skipped] no result for "scent; fragrance (object)" (香り)
[error] HTTP 403 for query "bone (object)"
[skipped] no result for "bone (object)" (骨)
[error] HTTP 403 for query "demon; ogre (object)"
[skipped] no result for "demon; ogre (object)" (鬼)
[error] HTTP 403 for query "full power; all one's might (object)"
[skipped] no result for "full power; all one's might (object)" (��力)
[skipped] no result for "that guy; him/her (casual, often derogatory) (object)" (あいつ)
[error] HTTP 403 for query "pain; ache; grief (stylized katakana of 痛み) (object)"
[skipped] no result for "pain; ache; grief (stylized katakana of 痛み) (object)" (いたみ)
[error] HTTP 403 for query "to hurt; to ache; to grieve (action)"
[skipped] no result for "to hurt; to ache; to grieve (action)" (いたむ)
[error] HTTP 403 for query "one step (object)"
[skipped] no result for "one step (object)" (いっぽ)
[error] HTTP 403 for query "life (object)"
[skipped] no result for "life (object)" (いのち)
[error] HTTP 403 for query "image; impression; mental picture (object)"
[skipped] no result for "image; impression; mental picture (object)" (いめーじ)
[error] HTTP 403 for query "to reflect / project (action)"
[skipped] no result for "to reflect / project (action)" (うつす)
[error] HTTP 403 for query "to draw; to picture; to imagine (action)"
[skipped] no result for "to draw; to picture; to imagine (action)" (えがく)
[error] HTTP 403 for query "thanks to (X); owing to (object)"
[skipped] no result for "thanks to (X); owing to (object)" (おかげ)
[error] HTTP 403 for query "(literary) please give / do for me — 〜ておくれ (action)"
[skipped] no result for "(literary) please give / do for me — 〜ておくれ (action)" (おくれる)
[error] HTTP 403 for query "ghost; monster; apparition (object)"
[skipped] no result for "ghost; monster; apparition (object)" (おばけ)
[error] HTTP 403 for query "each other (object)"
[skipped] no result for "each other (object)" (お互い)
[error] HTTP 403 for query "you yourself (rough) (object)"
[skipped] no result for "you yourself (rough) (object)" (お前自身)
[error] HTTP 403 for query "thanks to, owing to (object)"
[skipped] no result for "thanks to, owing to (object)" (お陰)
[error] HTTP 403 for query "to scrape together, gather up (action)"
[skipped] no result for "to scrape together, gather up (action)" (かき集める)
[error] HTTP 403 for query "to sweat; to produce (sweat, snores, etc.) (action)"
[skipped] no result for "to sweat; to produce (sweat, snores, etc.) (action)" (かく)
[error] HTTP 403 for query "cage; basket (object)"
[skipped] no result for "cage; basket (object)" (かご)
[error] HTTP 403 for query "to grant (a wish); to fulfill (action)"
[skipped] no result for "to grant (a wish); to fulfill (action)" (かなえる)
[error] HTTP 403 for query "pumpkin (object)"
[skipped] no result for "pumpkin (object)" (かぼちゃ)
[error] HTTP 403 for query "to mind; to care about (action)"
[skipped] no result for "to mind; to care about (action)" (かまう)
[error] HTTP 403 for query "crow; raven (object)"
[skipped] no result for "crow; raven (object)" (からす)
[error] HTTP 403 for query "to be drawn / attracted (passive of 魅く・引く) (action)"
[skipped] no result for "to be drawn / attracted (passive of 魅く・引く) (action)" (かれる)
[error] HTTP 403 for query "another helping; substitute (here from おかわり 'refill') (object)"
[skipped] no result for "another helping; substitute (here from おかわり 'refill') (object)" (かわり)
[error] HTTP 403 for query "wound; scar; emotional hurt (object)"
[skipped] no result for "wound; scar; emotional hurt (object)" (きず)
[error] HTTP 403 for query "kiss (loanword, alternative spelling of キス) (object)"
[skipped] no result for "kiss (loanword, alternative spelling of キス) (object)" (きっす)
[error] HTTP 403 for query "to be decided / settled (here as 〜きまりきった 'fully fixed') (action)"
[skipped] no result for "to be decided / settled (here as 〜きまりきった 'fully fixed') (action)" (きまる)
[error] HTTP 403 for query "(suffix) to do completely; finish doing — 〜きる (action)"
[skipped] no result for "(suffix) to do completely; finish doing — 〜きる (action)" (きる)
[error] HTTP 403 for query "to brood, sulk (action)"
[skipped] no result for "to brood, sulk (action)" (くよくよする)
[error] HTTP 403 for query "to hold in one's mouth (action)"
[skipped] no result for "to hold in one's mouth (action)" (くわえる)
[error] HTTP 403 for query "to fall over; to tumble; to roll (action)"
[skipped] no result for "to fall over; to tumble; to roll (action)" (ころぶ)
[error] HTTP 403 for query "go on (and look) — soft auxiliary form (御覧) (object)"
[skipped] no result for "go on (and look) — soft auxiliary form (御覧) (object)" (ごらん)
[error] HTTP 403 for query "goal; finish line (object)"
[skipped] no result for "goal; finish line (object)" (ごーる)
[error] HTTP 403 for query "to shout; to scream; to cry out (action)"
[skipped] no result for "to shout; to scream; to cry out (action)" (さけぶ)
[error] HTTP 403 for query "to hold up (an umbrella); to put up (action)"
[skipped] no result for "to hold up (an umbrella); to put up (action)" (さす)
[error] HTTP 403 for query "happiness; good fortune (object)"
[skipped] no result for "happiness; good fortune (object)" (しあわせ)
[error] HTTP 403 for query "to do (to someone, rough) (action)"
[skipped] no result for "to do (to someone, rough) (action)" (してやる)
[error] HTTP 403 for query "to talk; to chat; to chatter (action)"
[skipped] no result for "to talk; to chat; to chatter (action)" (しゃべる)
[error] HTTP 403 for query "to be able to talk; to be able to speak (potential of しゃべる) (action)"
[skipped] no result for "to be able to talk; to be able to speak (potential of しゃべる) (action)" (しゃべれる)
[error] HTTP 403 for query "rock-paper-scissors (object)"
[skipped] no result for "rock-paper-scissors (object)" (じゃんけん)
[error] HTTP 403 for query "jeans (object)"
[skipped] no result for "jeans (object)" (じーんず)
[error] HTTP 403 for query "stage (object)"
[skipped] no result for "stage (object)" (すてーじ)
[error] HTTP 403 for query "story; plot; narrative (object)"
[skipped] no result for "story; plot; narrative (object)" (すとーりー)
[error] HTTP 403 for query "everything; all (object)"
[skipped] no result for "everything; all (object)" (すべて)
[error] HTTP 403 for query "fault / cause (object)"
[skipped] no result for "fault / cause (object)" (せい)
[error] HTTP 403 for query "that guy; that one (informal) (object)"
[skipped] no result for "that guy; that one (informal) (object)" (そいつ)
[error] HTTP 403 for query "to align; to put in order; to gather (action)"
[skipped] no result for "to align; to put in order; to gather (action)" (そろえる)
[error] HTTP 403 for query "song (loanword) (object)"
[skipped] no result for "song (loanword) (object)" (そんぐ)
[error] HTTP 403 for query "to fight; to battle (action)"
[skipped] no result for "to fight; to battle (action)" (たたかう)
[error] HTTP 403 for query "to make (a sound); to raise; to set up (action)"
[skipped] no result for "to make (a sound); to raise; to set up (action)" (たてる)
[error] HTTP 403 for query "to deceive; trick (action)"
[skipped] no result for "to deceive; trick (action)" (だます)
[error] HTTP 403 for query "chain (object)"
[skipped] no result for "chain (object)" (ちぇーん)
[error] HTTP 403 for query "chime; bell (e.g. school bell, doorbell) (object)"
[skipped] no result for "chime; bell (e.g. school bell, doorbell) (object)" (ちゃいむ)
[error] HTTP 403 for query "is not; differs (Kansai/casual collapse of 違う) (action)"
[skipped] no result for "is not; differs (Kansai/casual collapse of 違う) (action)" (ちゃう)
[error] HTTP 403 for query "give me; please (colloquial request) (action)"
[skipped] no result for "give me; please (colloquial request) (action)" (ちょうだい)
[error] HTTP 403 for query "to be scattered; to be in disarray; to be messy (action)"
[skipped] no result for "to be scattered; to be in disarray; to be messy (action)" (ちらかる)
[error] HTTP 403 for query "to be lucky; to have luck on one's side (colloquial) (action)"
[skipped] no result for "to be lucky; to have luck on one's side (colloquial) (action)" (ついてる)
[error] HTTP 403 for query "to follow along (action)"
[skipped] no result for "to follow along (action)" (ついて行く)
[error] HTTP 403 for query "to grasp; to grab; to catch (action)"
[skipped] no result for "to grasp; to grab; to catch (action)" (つかむ)
[error] HTTP 403 for query "can grasp (potential of 掴む) (action)"
[skipped] no result for "can grasp (potential of 掴む) (action)" (つかめる)
[error] HTTP 403 for query "to tell (a lie); to utter (action)"
[skipped] no result for "to tell (a lie); to utter (action)" (つく)
[error] HTTP 403 for query "to be connected; to be linked (action)"
[skipped] no result for "to be connected; to be linked (action)" (つながる)
[error] HTTP 403 for query "to crush (action)"
[skipped] no result for "to crush (action)" (つぶす)
[error] HTTP 403 for query "to shut (one's eyes) (action)"
[skipped] no result for "to shut (one's eyes) (action)" (つぶる)
[error] HTTP 403 for query "to leap out; rush out (also written 飛び出す) (action)"
[skipped] no result for "to leap out; rush out (also written 飛び出す) (action)" (とびだす)
[error] HTTP 403 for query "tunnel (object)"
[skipped] no result for "tunnel (object)" (とんねる)
[error] HTTP 403 for query "companion; comrade; fellow member (object)"
[skipped] no result for "companion; comrade; fellow member (object)" (なかま)
[error] HTTP 403 for query "to lick / underestimate (action)"
[skipped] no result for "to lick / underestimate (action)" (なめる)
[error] HTTP 403 for query "stuffed toy (object)"
[skipped] no result for "stuffed toy (object)" (ぬいぐるみ)
[error] HTTP 403 for query "to pass through; to escape; to slip out (action)"
[skipped] no result for "to pass through; to escape; to slip out (action)" (ぬける)
[error] HTTP 403 for query "to aim at; to target (action)"
[skipped] no result for "to aim at; to target (action)" (ねらう)
[error] HTTP 403 for query "to place on; to put on; to set to (music) (action)"
[skipped] no result for "to place on; to put on; to set to (music) (action)" (のせる)
[error] HTTP 403 for query "to extend; to stretch out; to reach out (action)"
[skipped] no result for "to extend; to stretch out; to reach out (action)" (のばす)
[error] HTTP 403 for query "should/expected to (object)"
[skipped] no result for "should/expected to (object)" (はず)
[error] HTTP 403 for query "miss; failure; outskirts; off the mark (object)"
[skipped] no result for "miss; failure; outskirts; off the mark (object)" (はずれ)
[error] HTTP 403 for query "to fit into; get stuck in; be hooked (action)"
[skipped] no result for "to fit into; get stuck in; be hooked (action)" (はまる)
[error] HTTP 403 for query "handle; steering wheel; handlebar (object)"
[skipped] no result for "handle; steering wheel; handlebar (object)" (はんどる)
[error] HTTP 403 for query "fool; idiot; stupid (object)"
[skipped] no result for "fool; idiot; stupid (object)" (ばか)
[error] HTTP 403 for query "hit (popular success) (object)"
[skipped] no result for "hit (popular success) (object)" (ひっと)
[error] HTTP 403 for query "all alone; completely alone; loneliness (object)"
[skipped] no result for "all alone; completely alone; loneliness (object)" (ひとりぼっち)
[error] HTTP 403 for query "pinch; crisis (loanword) (object)"
[skipped] no result for "pinch; crisis (loanword) (object)" (ぴんち)
[error] HTTP 403 for query "wonder; mystery; strange (object)"
[skipped] no result for "wonder; mystery; strange (object)" (ふしぎ)
[error] HTTP 403 for query "pretense; pretending; act (object)"
[skipped] no result for "pretense; pretending; act (object)" (ふり)
[error] HTTP 403 for query "to collide with; to crash into (action)"
[skipped] no result for "to collide with; to crash into (action)" (ぶつかる)
[error] HTTP 403 for query "to hit against; to throw at; to vent (feelings) (action)"
[skipped] no result for "to hit against; to throw at; to vent (feelings) (action)" (ぶつける)
[error] HTTP 403 for query "pride (object)"
[skipped] no result for "pride (object)" (ぷらいど)
[error] HTTP 403 for query "dust (object)"
[skipped] no result for "dust (object)" (ほこり)
[error] HTTP 403 for query "firefly (object)"
[skipped] no result for "firefly (object)" (ほたる)
[error] HTTP 403 for query "(faint) smile (object)"
[skipped] no result for "(faint) smile (object)" (ほほえみ)
[error] HTTP 403 for query "to be beaten; to be at a loss; (humble) to come/go (action)"
[skipped] no result for "to be beaten; to be at a loss; (humble) to come/go (action)" (まいる)
[error] HTTP 403 for query "to bundle, gather together (action)"
[skipped] no result for "to bundle, gather together (action)" (まとめる)
[error] HTTP 403 for query "to turn; rotate; (idiom 敵にまわす = make an enemy of) (action)"
[skipped] no result for "to turn; rotate; (idiom 敵にまわす = make an enemy of) (action)" (まわす)
[error] HTTP 403 for query "mister; Mr. (object)"
[skipped] no result for "mister; Mr. (object)" (みすたー)
[error] HTTP 403 for query "mirror (loanword) (object)"
[skipped] no result for "mirror (loanword) (object)" (みらー)
[error] HTTP 403 for query "waste; futility; pointlessness (object)"
[skipped] no result for "waste; futility; pointlessness (object)" (むだ)
[error] HTTP 403 for query "to aim for; to set one's sights on (action)"
[skipped] no result for "to aim for; to set one's sights on (action)" (めざす)
[error] HTTP 403 for query "the place where someone is; one's side (object)"
[skipped] no result for "the place where someone is; one's side (object)" (もと)
[error] HTTP 403 for query "kindness; gentleness (object)"
[skipped] no result for "kindness; gentleness (object)" (やさしさ)
[error] HTTP 403 for query "to come along; to arrive; to approach (action)"
[skipped] no result for "to come along; to arrive; to approach (action)" (やって来る)
[error] HTTP 403 for query "to break, tear through (action)"
[skipped] no result for "to break, tear through (action)" (やぶる)
[error] HTTP 403 for query "to cease; to stop (rain, noise, etc.) (action)"
[skipped] no result for "to cease; to stop (rain, noise, etc.) (action)" (やむ)
[error] HTTP 403 for query "way of doing (object)"
[skipped] no result for "way of doing (object)" (やり方)
[error] HTTP 403 for query "to redo; to start over (action)"
[skipped] no result for "to redo; to start over (action)" (やり直す)
[error] HTTP 403 for query "to go; to proceed (literary variant of 行く) (action)"
[skipped] no result for "to go; to proceed (literary variant of 行く) (action)" (ゆく)
[error] HTTP 403 for query "to make sway; rock (transitive) (action)"
[skipped] no result for "to make sway; rock (transitive) (action)" (ゆらす)
[error] HTTP 403 for query "to sway; tremble (intransitive) (action)"
[skipped] no result for "to sway; tremble (intransitive) (action)" (ゆれる)
[error] HTTP 403 for query "line (object)"
[skipped] no result for "line (object)" (らいん)
[error] HTTP 403 for query "range; microwave oven (object)"
[skipped] no result for "range; microwave oven (object)" (れんじ)
[error] HTTP 403 for query "rocker; rock musician; locker (object)"
[skipped] no result for "rocker; rock musician; locker (object)" (ろっかー)
[error] HTTP 403 for query "reason; circumstance; meaning (object)"
[skipped] no result for "reason; circumstance; meaning (object)" (わけ)
[error] HTTP 403 for query "one (from English; used in compounds) (object)"
[skipped] no result for "one (from English; used in compounds) (object)" (わん)
[error] HTTP 403 for query "adventure (loanword) (object)"
[skipped] no result for "adventure (loanword) (object)" (アドベンチャー)
[error] HTTP 403 for query "alarm (object)"
[skipped] no result for "alarm (object)" (アラーム)
[error] HTTP 403 for query "image; impression; mental picture (object)"
[skipped] no result for "image; impression; mental picture (object)" (イメージ)
[error] HTTP 403 for query "error; mistake (object)"
[skipped] no result for "error; mistake (object)" (エラー)
[error] HTTP 403 for query "end (from English) (object)"
[skipped] no result for "end (from English) (object)" (エンド)
[error] HTTP 403 for query "Enma / King Yama (judge of the dead in Japanese Buddhism; 閻魔) (object)"
[skipped] no result for "Enma / King Yama (judge of the dead in Japanese Buddhism; 閻魔) (object)" (エンマ)
[error] HTTP 403 for query "Kamehameha (Goku's signature attack) (object)"
[skipped] no result for "Kamehameha (Goku's signature attack) (object)" (カメハメ)
[error] HTTP 403 for query "colourful (loanword, na-adj) (object)"
[skipped] no result for "colourful (loanword, na-adj) (object)" (カラフル)
[error] HTTP 403 for query "kid / brat (rough) (object)"
[skipped] no result for "kid / brat (rough) (object)" (ガキ)
[error] HTTP 403 for query "kiss (object)"
[skipped] no result for "kiss (object)" (キス)
[error] HTTP 403 for query "to snap, lose one's temper (slang) (action)"
[skipped] no result for "to snap, lose one's temper (slang) (action)" (キレる)
[error] HTTP 403 for query "shit (vulgar) (object)"
[skipped] no result for "shit (vulgar) (object)" (クソ)
[error] HTTP 403 for query "fight, quarrel (object)"
[skipped] no result for "fight, quarrel (object)" (ケンカ)
[error] HTTP 403 for query "to fall flat; flop; tumble (slang) (action)"
[skipped] no result for "to fall flat; flop; tumble (slang) (action)" (コケる)
[error] HTTP 403 for query "chord (music); code; cord (object)"
[skipped] no result for "chord (music); code; cord (object)" (コード)
[error] HTTP 403 for query "goal; finish line (object)"
[skipped] no result for "goal; finish line (object)" (ゴール)
[error] HTTP 403 for query "dice (object)"
[skipped] no result for "dice (object)" (サイコロ)
[error] HTTP 403 for query "survival (loanword) (object)"
[skipped] no result for "survival (loanword) (object)" (サバイバル)
[error] HTTP 403 for query "'the' (English loanword used as emphatic marker) (object)"
[skipped] no result for "'the' (English loanword used as emphatic marker) (object)" (ザ)
[error] HTTP 403 for query "-saurus (suffix, evoking dinosaurs) (object)"
[skipped] no result for "-saurus (suffix, evoking dinosaurs) (object)" (ザウルス)
[error] HTTP 403 for query "silhouette (object)"
[skipped] no result for "silhouette (object)" (シルエット)
[error] HTTP 403 for query "scene (loanword) (object)"
[skipped] no result for "scene (loanword) (object)" (シーン)
[error] HTTP 403 for query "obstacles; nuisances (邪魔者 in katakana) (object)"
[skipped] no result for "obstacles; nuisances (邪魔者 in katakana) (object)" (ジャマモノ)
[error] HTTP 403 for query "switch (object)"
[skipped] no result for "switch (object)" (スイッチ)
[error] HTTP 403 for query "style; figure; fashion (object)"
[skipped] no result for "style; figure; fashion (object)" (スタイル)
[error] HTTP 403 for query "stage (performance or phase) (object)"
[skipped] no result for "stage (performance or phase) (object)" (ステージ)
[error] HTTP 403 for query "speed (object)"
[skipped] no result for "speed (object)" (スピード)
[error] HTTP 403 for query "thrill (object)"
[skipped] no result for "thrill (object)" (スリル)
[error] HTTP 403 for query "(tokenizer artifact — タイムマシン 'time machine' wrongly merged with the next mora) (object)"
[skipped] no result for "(tokenizer artifact — タイムマシン 'time machine' wrongly merged with the next mora) (object)" (タイムマシンゼ)
[error] HTTP 403 for query "treasure (宝 in katakana) (object)"
[skipped] no result for "treasure (宝 in katakana) (object)" (タカラ)
[error] HTTP 403 for query "down; knockdown; breakdown (object)"
[skipped] no result for "down; knockdown; breakdown (object)" (ダウン)
[error] HTTP 403 for query "change; swap (object)"
[skipped] no result for "change; swap (object)" (チェンジ)
[error] HTTP 403 for query "champion (object)"
[skipped] no result for "champion (object)" (チャンピオン)
[error] HTTP 403 for query "(tokenizer fragment — first half of ツイてる, idiom from 付く 'to attach' = to be lucky) (object)"
[skipped] no result for "(tokenizer fragment — first half of ツイてる, idiom from 付く 'to attach' = to be lucky) (object)" (ツイ)
[error] HTTP 403 for query "trouble (object)"
[skipped] no result for "trouble (object)" (トラブル)
[error] HTTP 403 for query "talk; chat; conversation (object)"
[skipped] no result for "talk; chat; conversation (object)" (トーク)
[error] HTTP 403 for query "thump-thump (excited / pounding heartbeat onomatopoeia) (object)"
[skipped] no result for "thump-thump (excited / pounding heartbeat onomatopoeia) (object)" (ドッキンドッキン)
[error] HTTP 403 for query "dream (from English) (object)"
[skipped] no result for "dream (from English) (object)" (ドリーム)
[error] HTTP 403 for query "knife (object)"
[skipped] no result for "knife (object)" (ナイフ)
[error] HTTP 403 for query "knock (on a door) (object)"
[skipped] no result for "knock (on a door) (object)" (ノック)
[error] HTTP 403 for query "heart (figurative; symbol) (object)"
[skipped] no result for "heart (figurative; symbol) (object)" (ハート)
[error] HTTP 403 for query "bucket (object)"
[skipped] no result for "bucket (object)" (バケツ)
[error] HTTP 403 for query "battle; fight (from English 'battle') (object)"
[skipped] no result for "battle; fight (from English 'battle') (object)" (バトル)
[error] HTTP 403 for query "passport (object)"
[skipped] no result for "passport (object)" (パスポート)
[error] HTTP 403 for query "hero (object)"
[skipped] no result for "hero (object)" (ヒーロー)
[error] HTTP 403 for query "pierced earring (object)"
[skipped] no result for "pierced earring (object)" (ピアス)
[error] HTTP 403 for query "a tight spot; crisis (wasei-eigo from 'pinch') (object)"
[skipped] no result for "a tight spot; crisis (wasei-eigo from 'pinch') (object)" (ピンチ)
[error] HTTP 403 for query "pretense; act; pretending (object)"
[skipped] no result for "pretense; act; pretending (object)" (フリ)
[error] HTTP 403 for query "plus-minus zero; break-even (slang) (object)"
[skipped] no result for "plus-minus zero; break-even (slang) (object)" (プラマイゼロ)
[error] HTTP 403 for query "wobbly; jiggly (gitaigo, mimics jelly/pudding) (object)"
[skipped] no result for "wobbly; jiggly (gitaigo, mimics jelly/pudding) (object)" (プルプル)
[error] HTTP 403 for query "headlight (object)"
[skipped] no result for "headlight (object)" (ヘッドライト)
[error] HTTP 403 for query "bell (object)"
[skipped] no result for "bell (object)" (ベル)
[error] HTTP 403 for query "machine (loanword) (object)"
[skipped] no result for "machine (loanword) (object)" (マシン)
[error] HTTP 403 for query "for real; serious (slang) (object)"
[skipped] no result for "for real; serious (slang) (object)" (マジ)
[error] HTTP 403 for query "magician (loanword) (object)"
[skipped] no result for "magician (loanword) (object)" (マジシャン)
[error] HTTP 403 for query "magic (loanword) (object)"
[skipped] no result for "magic (loanword) (object)" (マジック)
[error] HTTP 403 for query "melody (object)"
[skipped] no result for "melody (object)" (メロディ)
[error] HTTP 403 for query "guy; fellow; dude (colloquial) (object)"
[skipped] no result for "guy; fellow; dude (colloquial) (object)" (ヤツ)
[error] HTTP 403 for query "(stem of ヤバい — slang i-adj 'wild / crazy') (object)"
[skipped] no result for "(stem of ヤバい — slang i-adj 'wild / crazy') (object)" (ヤバ)
[error] HTTP 403 for query "lion (object)"
[skipped] no result for "lion (object)" (ライオン)
[error] HTTP 403 for query "rival (object)"
[skipped] no result for "rival (object)" (ライバル)
[error] HTTP 403 for query "line (object)"
[skipped] no result for "line (object)" (ライン)
[error] HTTP 403 for query "rhythm (object)"
[skipped] no result for "rhythm (object)" (リズム)
[error] HTTP 403 for query "loop (object)"
[skipped] no result for "loop (object)" (ループ)
[error] HTTP 403 for query "rule (object)"
[skipped] no result for "rule (object)" (ルール)
[error] HTTP 403 for query "lens (object)"
[skipped] no result for "lens (object)" (レンズ)
[error] HTTP 403 for query "race; racing (object)"
[skipped] no result for "race; racing (object)" (レース)
[error] HTTP 403 for query "lock; rock (music) (object)"
[skipped] no result for "lock; rock (music) (object)" (ロック)
[error] HTTP 403 for query "word (object)"
[skipped] no result for "word (object)" (ワード)
[error] HTTP 403 for query "world (object)"
[skipped] no result for "world (object)" (ワールド)
[error] HTTP 403 for query "first place, the most (object)"
[skipped] no result for "first place, the most (object)" (一等)
[error] HTTP 403 for query "first prize (object)"
[skipped] no result for "first prize (object)" (一等賞)
[error] HTTP 403 for query "seven colours, rainbow (object)"
[skipped] no result for "seven colours, rainbow (object)" (七色)
[error] HTTP 403 for query "up; high; top (also read うえ) (object)"
[skipped] no result for "up; high; top (also read うえ) (object)" (上)
[error] HTTP 403 for query "to back down (action)"
[skipped] no result for "to back down (action)" (下がる)
[error] HTTP 403 for query "to give (to me; honorific) (action)"
[skipped] no result for "to give (to me; honorific) (action)" (下さる)
[error] HTTP 403 for query "to give; to grant; to bestow (action)"
[skipped] no result for "to give; to grant; to bestow (action)" (与える)
[error] HTTP 403 for query "society; the world; the times (object)"
[skipped] no result for "society; the world; the times (object)" (世の中)
[error] HTTP 403 for query "both eyes (object)"
[skipped] no result for "both eyes (object)" (両目)
[error] HTTP 403 for query "middle school; junior high school (object)"
[skipped] no result for "middle school; junior high school (object)" (中学)
[error] HTTP 403 for query "to place on; to put (aboard); to set on top of (action)"
[skipped] no result for "to place on; to put (aboard); to set on top of (action)" (乗せる)
[error] HTTP 403 for query "to be able to ride; to be able to get on (action)"
[skipped] no result for "to be able to ride; to be able to get on (action)" (乗れる)
[error] HTTP 403 for query "to dry (transitive) (action)"
[skipped] no result for "to dry (transitive) (action)" (乾かす)
[error] HTTP 403 for query "to dry; to become dry; to parch (action)"
[skipped] no result for "to dry; to become dry; to parch (action)" (乾く)
[error] HTTP 403 for query "incident; case; affair (object)"
[skipped] no result for "incident; case; affair (object)" (事件)
[error] HTTP 403 for query "fact; truth; reality (object)"
[skipped] no result for "fact; truth; reality (object)" (事実)
[error] HTTP 403 for query "each other; one another; mutual (object)"
[skipped] no result for "each other; one another; mutual (object)" (互い)
[error] HTTP 403 for query "intersection; crossroads (object)"
[skipped] no result for "intersection; crossroads (object)" (交差点)
[error] HTTP 403 for query "around this time; at this late hour (object)"
[skipped] no result for "around this time; at this late hour (object)" (今頃)
[error] HTTP 403 for query "other people; stranger; unrelated person (object)"
[skipped] no result for "other people; stranger; unrelated person (object)" (他人)
[error] HTTP 403 for query "other places, elsewhere (object)"
[skipped] no result for "other places, elsewhere (object)" (他所)
[error] HTTP 403 for query "attached, included (object)"
[skipped] no result for "attached, included (object)" (付き)
[error] HTTP 403 for query "since; ever since (object)"
[skipped] no result for "since; ever since (object)" (以来)
[error] HTTP 403 for query "to entrust; to leave to someone (action)"
[skipped] no result for "to entrust; to leave to someone (action)" (任せる)
[error] HTTP 403 for query "to be transmitted; to be conveyed; to be passed on (action)"
[skipped] no result for "to be transmitted; to be conveyed; to be passed on (action)" (伝わる)
[error] HTTP 403 for query "legend (object)"
[skipped] no result for "legend (object)" (伝説)
[error] HTTP 403 for query "to extend; to reach out; to stretch (action)"
[skipped] no result for "to extend; to reach out; to stretch (action)" (伸ばす)
[error] HTTP 403 for query "can stretch out (potential of 伸ばす) (action)"
[skipped] no result for "can stretch out (potential of 伸ばす) (action)" (伸ばせる)
[error] HTTP 403 for query "to stretch; to extend; to grow longer (action)"
[skipped] no result for "to stretch; to extend; to grow longer (action)" (伸びる)
[error] HTTP 403 for query "to resemble; to be similar to (action)"
[skipped] no result for "to resemble; to be similar to (action)" (似る)
[error] HTTP 403 for query "position; location; place (object)"
[skipped] no result for "position; location; place (object)" (位置)
[error] HTTP 403 for query "to remain, be left over (action)"
[skipped] no result for "to remain, be left over (action)" (余る)
[error] HTTP 403 for query "ease, leeway, breathing room (object)"
[skipped] no result for "ease, leeway, breathing room (object)" (余裕)
[error] HTTP 403 for query "to fall over; to collapse (action)"
[skipped] no result for "to fall over; to collapse (action)" (倒れる)
[error] HTTP 403 for query "as is; unchanged (archaic kanji for まま) (object)"
[skipped] no result for "as is; unchanged (archaic kanji for まま) (object)" (儘)
[error] HTTP 403 for query "license, permit (object)"
[skipped] no result for "license, permit (object)" (免許)
[error] HTTP 403 for query "the whole country (object)"
[skipped] no result for "the whole country (object)" (全国)
[error] HTTP 403 for query "inside (object)"
[skipped] no result for "inside (object)" (内側)
[error] HTTP 403 for query "to be captured in a photo; appear in (image) (action)"
[skipped] no result for "to be captured in a photo; appear in (image) (action)" (写る)
[error] HTTP 403 for query "to cool down; to fade (of feelings) (action)"
[skipped] no result for "to cool down; to fade (of feelings) (action)" (冷める)
[error] HTTP 403 for query "to freeze (intransitive); 凍らせる = make freeze (action)"
[skipped] no result for "to freeze (intransitive); 凍らせる = make freeze (action)" (凍る)
[error] HTTP 403 for query "(suffix) can put out; bring out — 〜出す in potential (action)"
[skipped] no result for "(suffix) can put out; bring out — 〜出す in potential (action)" (出せる)
[error] HTTP 403 for query "encounter; meeting (object)"
[skipped] no result for "encounter; meeting (object)" (出会い)
[error] HTTP 403 for query "to be able to meet; to be able to encounter (action)"
[skipped] no result for "to be able to meet; to be able to encounter (action)" (出会える)
[error] HTTP 403 for query "event; incident; occurrence (object)"
[skipped] no result for "event; incident; occurrence (object)" (出来事)
[error] HTTP 403 for query "encounter, meeting (object)"
[skipped] no result for "encounter, meeting (object)" (出逢い)
[error] HTTP 403 for query "to meet (by chance); to encounter (action)"
[skipped] no result for "to meet (by chance); to encounter (action)" (出逢う)
[error] HTTP 403 for query "amount, worth (object)"
[skipped] no result for "amount, worth (object)" (分)
[error] HTTP 403 for query "to divide; to share; to split (action)"
[skipped] no result for "to divide; to share; to split (action)" (分ける)
[error] HTTP 403 for query "to run out; to be cut; to snap (action)"
[skipped] no result for "to run out; to be cut; to snap (action)" (切れる)
[error] HTTP 403 for query "separately; apart; not particularly (object)"
[skipped] no result for "separately; apart; not particularly (object)" (別)
[error] HTTP 403 for query "parting; farewell; separation (object)"
[skipped] no result for "parting; farewell; separation (object)" (別れ)
[error] HTTP 403 for query "to break; to split; to crack (action)"
[skipped] no result for "to break; to split; to crack (action)" (割る)
[error] HTTP 403 for query "to break; to crack; to split (action)"
[skipped] no result for "to break; to crack; to split (action)" (割れる)
[error] HTTP 403 for query "to move (something); to set in motion; to stir (action)"
[skipped] no result for "to move (something); to set in motion; to stir (action)" (動かす)
[error] HTTP 403 for query "can move (potential of 動く) (action)"
[skipped] no result for "can move (potential of 動く) (action)" (動ける)
[error] HTTP 403 for query "risk; danger (sung here as the loanword リスク) (object)"
[skipped] no result for "risk; danger (sung here as the loanword リスク) (object)" (危険性)
[error] HTTP 403 for query "to go; to come (humble); to be defeated (action)"
[skipped] no result for "to go; to come (humble); to be defeated (action)" (参る)
[error] HTTP 403 for query "friend; companion (object)"
[skipped] no result for "friend; companion (object)" (友)
[error] HTTP 403 for query "can take (potential of 取る) (action)"
[skipped] no result for "can take (potential of 取る) (action)" (取れる)
[error] HTTP 403 for query "to catch; accept; absorb (受ける + 止める) (action)"
[skipped] no result for "to catch; accept; absorb (受ける + 止める) (action)" (受けとめる)
[error] HTTP 403 for query "to receive; catch (a wind, a blow) (action)"
[skipped] no result for "to receive; catch (a wind, a blow) (action)" (受ける)
[error] HTTP 403 for query "hometown; birthplace (object)"
[skipped] no result for "hometown; birthplace (object)" (古里)
[error] HTTP 403 for query "to strike; to hit; to beat; to knock (action)"
[skipped] no result for "to strike; to hit; to beat; to knock (action)" (叩く)
[error] HTTP 403 for query "to scold (action)"
[skipped] no result for "to scold (action)" (叱る)
[error] HTTP 403 for query "(suffix) can do mutually — 〜合える (action)"
[skipped] no result for "(suffix) can do mutually — 〜合える (action)" (合える)
[error] HTTP 403 for query "to combine, match (action)"
[skipped] no result for "to combine, match (action)" (合わせる)
[error] HTTP 403 for query "name; reputation (object)"
[skipped] no result for "name; reputation (object)" (名)
[error] HTTP 403 for query "to spit out; to vomit; to breathe out (action)"
[skipped] no result for "to spit out; to vomit; to breathe out (action)" (吐く)
[error] HTTP 403 for query "to head towards; to face (action)"
[skipped] no result for "to head towards; to face (action)" (向かう)
[error] HTTP 403 for query "direction / facing (object)"
[skipped] no result for "direction / facing (object)" (向き)
[error] HTTP 403 for query "to face; to turn toward (action)"
[skipped] no result for "to face; to turn toward (action)" (向く)
[error] HTTP 403 for query "to turn toward; to point at; to direct (action)"
[skipped] no result for "to turn toward; to point at; to direct (action)" (向ける)
[error] HTTP 403 for query "the other side (object)"
[skipped] no result for "the other side (object)" (向こう側)
[error] HTTP 403 for query "to taste; to savor; to experience (action)"
[skipped] no result for "to taste; to savor; to experience (action)" (味わう)
[error] HTTP 403 for query "to make bloom; to cause to blossom (action)"
[skipped] no result for "to make bloom; to cause to blossom (action)" (咲かす)
[error] HTTP 403 for query "to make (flowers) bloom; to cause to flourish (action)"
[skipped] no result for "to make (flowers) bloom; to cause to flourish (action)" (咲かせる)
[error] HTTP 403 for query "workbook, problem set (object)"
[skipped] no result for "workbook, problem set (object)" (問題集)
[error] HTTP 403 for query "throat (object)"
[skipped] no result for "throat (object)" (喉)
[error] HTTP 403 for query "to chat; to talk; to chatter (action)"
[skipped] no result for "to chat; to talk; to chatter (action)" (喋る)
[error] HTTP 403 for query "a liar (object)"
[skipped] no result for "a liar (object)" (嘘つき)
[error] HTTP 403 for query "rumor; gossip (object)"
[skipped] no result for "rumor; gossip (object)" (噂)
[error] HTTP 403 for query "to bite; to chew; to gnaw (action)"
[skipped] no result for "to bite; to chew; to gnaw (action)" (噛む)
[error] HTTP 403 for query "to turn; to spin; (here) to turn against / make into (action)"
[skipped] no result for "to turn; to spin; (here) to turn against / make into (action)" (回す)
[error] HTTP 403 for query "earth; soil; ground (object)"
[skipped] no result for "earth; soil; ground (object)" (土)
[error] HTTP 403 for query "earth; ground; land (object)"
[skipped] no result for "earth; ground; land (object)" (地)
[error] HTTP 403 for query "ground; earth's surface (object)"
[skipped] no result for "ground; earth's surface (object)" (地面)
[error] HTTP 403 for query "to bury; to fill in; to fill up (action)"
[skipped] no result for "to bury; to fill in; to fill up (action)" (埋める)
[error] HTTP 403 for query "castle (object)"
[skipped] no result for "castle (object)" (城)
[error] HTTP 403 for query "case; situation; occasion (object)"
[skipped] no result for "case; situation; occasion (object)" (場合)
[error] HTTP 403 for query "scene, moment (object)"
[skipped] no result for "scene, moment (object)" (場面)
[error] HTTP 403 for query "to add, increase (action)"
[skipped] no result for "to add, increase (action)" (増やす)
[error] HTTP 403 for query "to be able to break; to destroy (potential of 壊す) (action)"
[skipped] no result for "to be able to break; to destroy (potential of 壊す) (action)" (壊せる)
[error] HTTP 403 for query "evening sun; setting sun (object)"
[skipped] no result for "evening sun; setting sun (object)" (夕陽)
[error] HTTP 403 for query "to come off; to go off (target); to be out of tune (action)"
[skipped] no result for "to come off; to go off (target); to be out of tune (action)" (外れる)
[error] HTTP 403 for query "many; much; a great number of (object)"
[skipped] no result for "many; much; a great number of (object)" (多く)
[error] HTTP 403 for query "night view (object)"
[skipped] no result for "night view (object)" (夜景)
[error] HTTP 403 for query "great adventure (object)"
[skipped] no result for "great adventure (object)" (大冒険)
[error] HTTP 403 for query "tempura on rice (a donburi dish) (object)"
[skipped] no result for "tempura on rice (a donburi dish) (object)" (天丼)
[error] HTTP 403 for query "ceiling (object)"
[skipped] no result for "ceiling (object)" (天井)
[error] HTTP 403 for query "genius (object)"
[skipped] no result for "genius (object)" (天才)
[error] HTTP 403 for query "inner part; depths; back (object)"
[skipped] no result for "inner part; depths; back (object)" (奥)
[error] HTTP 403 for query "guy, dude (rough) (object)"
[skipped] no result for "guy, dude (rough) (object)" (奴)
[error] HTTP 403 for query "those guys (rough) (object)"
[skipped] no result for "those guys (rough) (object)" (奴ら)
[error] HTTP 403 for query "beginning; origin; start (object)"
[skipped] no result for "beginning; origin; start (object)" (始まり)
[error] HTTP 403 for query "to entrust; surrender to (also written 任せる) (action)"
[skipped] no result for "to entrust; surrender to (also written 任せる) (action)" (委せる)
[error] HTTP 403 for query "figure; appearance; form (object)"
[skipped] no result for "figure; appearance; form (object)" (姿)
[error] HTTP 403 for query "to hate; to dislike (action)"
[skipped] no result for "to hate; to dislike (action)" (嫌う)
[error] HTTP 403 for query "to learn (action)"
[skipped] no result for "to learn (action)" (学ぶ)
[error] HTTP 403 for query "can protect (potential of 守る) (action)"
[skipped] no result for "can protect (potential of 守る) (action)" (守れる)
[error] HTTP 403 for query "completion; perfection (object)"
[skipped] no result for "completion; perfection (object)" (完成)
[error] HTTP 403 for query "treasure (object)"
[skipped] no result for "treasure (object)" (宝)
[error] HTTP 403 for query "treasure (also read たからもの) (object)"
[skipped] no result for "treasure (also read たからもの) (object)" (宝物)
[error] HTTP 403 for query "treasure box, treasure chest (object)"
[skipped] no result for "treasure box, treasure chest (object)" (宝箱)
[error] HTTP 403 for query "real ability, true skill (object)"
[skipped] no result for "real ability, true skill (object)" (実力)
[error] HTTP 403 for query "to draw near; to approach; to stop by (action)"
[skipped] no result for "to draw near; to approach; to stop by (action)" (寄る)
[error] HTTP 403 for query "to ask, inquire (action)"
[skipped] no result for "to ask, inquire (action)" (尋ねる)
[error] HTTP 403 for query "novel; fiction (object)"
[skipped] no result for "novel; fiction (object)" (小説)
[error] HTTP 403 for query "buttocks; bottom (object)"
[skipped] no result for "buttocks; bottom (object)" (尻)
[error] HTTP 403 for query "tail; tail end (object)"
[skipped] no result for "tail; tail end (object)" (尻尾)
[error] HTTP 403 for query "(imperative of 届く 'to reach' — 'reach!') (object)"
[skipped] no result for "(imperative of 届く 'to reach' — 'reach!') (object)" (届け)
[error] HTTP 403 for query "to deliver; to send; to forward (action)"
[skipped] no result for "to deliver; to send; to forward (action)" (届ける)
[error] HTTP 403 for query "nest; web; den (object)"
[skipped] no result for "nest; web; den (object)" (巣)
[error] HTTP 403 for query "can return (potential of 帰る) (action)"
[skipped] no result for "can return (potential of 帰る) (action)" (帰れる)
[error] HTTP 403 for query "good fortune (object)"
[skipped] no result for "good fortune (object)" (幸運)
[error] HTTP 403 for query "to stretch; extend; be prolonged (action)"
[skipped] no result for "to stretch; extend; be prolonged (action)" (延びる)
[error] HTTP 403 for query "to pull; to drag; to draw out (action)"
[skipped] no result for "to pull; to drag; to draw out (action)" (引っぱる)
[error] HTTP 403 for query "to pull; to drag; to tug (action)"
[skipped] no result for "to pull; to drag; to tug (action)" (引っ張る)
[error] HTTP 403 for query "to stretch; to spread; to extend (action)"
[skipped] no result for "to stretch; to spread; to extend (action)" (張る)
[error] HTTP 403 for query "natural; obvious; taken for granted (object)"
[skipped] no result for "natural; obvious; taken for granted (object)" (当たり前)
[error] HTTP 403 for query "to hit; to strike; to be correct (action)"
[skipped] no result for "to hit; to strike; to be correct (action)" (当たる)
[error] HTTP 403 for query "to hit; to put against; to press onto (action)"
[skipped] no result for "to hit; to put against; to press onto (action)" (当てる)
[error] HTTP 403 for query "can't wait (action)"
[skipped] no result for "can't wait (action)" (待ちきれない)
[error] HTTP 403 for query "playing late (janken cheat) (object)"
[skipped] no result for "playing late (janken cheat) (object)" (後出し)
[error] HTTP 403 for query "one's strong point; being good at (object)"
[skipped] no result for "one's strong point; being good at (object)" (得意)
[error] HTTP 403 for query "to smile (literary kanji 微笑 = 'smile' rather than 笑 'laugh') (action)"
[skipped] no result for "to smile (literary kanji 微笑 = 'smile' rather than 笑 'laugh') (action)" (微笑う)
[error] HTTP 403 for query "to be afraid of; to fear (action)"
[skipped] no result for "to be afraid of; to fear (action)" (怖がる)
[error] HTTP 403 for query "to think of; to come up with; to hit upon (action)"
[skipped] no result for "to think of; to come up with; to hit upon (action)" (思いつく)
[error] HTTP 403 for query "to seem; to be able to think; to feel that (action)"
[skipped] no result for "to seem; to be able to think; to feel that (action)" (思える)
[error] HTTP 403 for query "personality, character (object)"
[skipped] no result for "personality, character (object)" (性格)
[error] HTTP 403 for query "frustration, regret (object)"
[skipped] no result for "frustration, regret (object)" (悔しさ)
[error] HTTP 403 for query "to regret (action)"
[skipped] no result for "to regret (action)" (悔やむ)
[error] HTTP 403 for query "worry, trouble (object)"
[skipped] no result for "worry, trouble (object)" (悩み)
[error] HTTP 403 for query "to be sad; to grieve; to mourn (action)"
[skipped] no result for "to be sad; to grieve; to mourn (action)" (悲しむ)
[error] HTTP 403 for query "information; news; intelligence (object)"
[skipped] no result for "information; news; intelligence (object)" (情報)
[error] HTTP 403 for query "memory (object)"
[skipped] no result for "memory (object)" (想い出)
[error] HTTP 403 for query "to think of; to long for (emotional variant of 思う) (action)"
[skipped] no result for "to think of; to long for (emotional variant of 思う) (action)" (想う)
[error] HTTP 403 for query "to love (literary variant of 愛する) (action)"
[skipped] no result for "to love (literary variant of 愛する) (action)" (愛す)
[error] HTTP 403 for query "to love (action)"
[skipped] no result for "to love (action)" (愛する)
[error] HTTP 403 for query "deep emotion, being moved (object)"
[skipped] no result for "deep emotion, being moved (object)" (感動)
[error] HTTP 403 for query "to panic; to become flustered (action)"
[skipped] no result for "to panic; to become flustered (action)" (慌てる)
[error] HTTP 403 for query "to long for, yearn for (action)"
[skipped] no result for "to long for, yearn for (action)" (憧れる)
[error] HTTP 403 for query "growth; development (object)"
[skipped] no result for "growth; development (object)" (成長)
[error] HTTP 403 for query "selfishness (object)"
[skipped] no result for "selfishness (object)" (我儘)
[error] HTTP 403 for query "to return; to put back; to restore (action)"
[skipped] no result for "to return; to put back; to restore (action)" (戻す)
[error] HTTP 403 for query "can return (potential of 戻る) (action)"
[skipped] no result for "can return (potential of 戻る) (action)" (戻れる)
[error] HTTP 403 for query "to obtain, get hold of (action)"
[skipped] no result for "to obtain, get hold of (action)" (手に入れる)
[error] HTTP 403 for query "palm (of the hand) (object)"
[skipped] no result for "palm (of the hand) (object)" (手のひら)
[error] HTTP 403 for query "to hit; to strike; to beat (action)"
[skipped] no result for "to hit; to strike; to beat (action)" (打つ)
[error] HTTP 403 for query "technique / skill (object)"
[skipped] no result for "technique / skill (object)" (技)
[error] HTTP 403 for query "technique; skill; technology (object)"
[skipped] no result for "technique; skill; technology (object)" (技術)
[error] HTTP 403 for query "to break; snap; give in (action)"
[skipped] no result for "to break; snap; give in (action)" (折れる)
[error] HTTP 403 for query "to pull out / do through (action)"
[skipped] no result for "to pull out / do through (action)" (抜く)
[error] HTTP 403 for query "to slip through; to come out; to exit (action)"
[skipped] no result for "to slip through; to come out; to exit (action)" (抜ける)
[error] HTTP 403 for query "to hold in one's arms; to carry (problems, burdens) (action)"
[skipped] no result for "to hold in one's arms; to carry (problems, burdens) (action)" (抱える)
[error] HTTP 403 for query "to hug, hold (action)"
[skipped] no result for "to hug, hold (action)" (抱く)
[error] HTTP 403 for query "to hold down; to suppress; to restrain (action)"
[skipped] no result for "to hold down; to suppress; to restrain (action)" (押さえる)
[error] HTTP 403 for query "to spread; to expand (variant of 広がる) (action)"
[skipped] no result for "to spread; to expand (variant of 広がる) (action)" (拡がる)
[error] HTTP 403 for query "to spread; to expand; to broaden (variant of 広げる) (action)"
[skipped] no result for "to spread; to expand; to broaden (variant of 広げる) (action)" (拡げる)
[error] HTTP 403 for query "to wipe (action)"
[skipped] no result for "to wipe (action)" (拭く)
[error] HTTP 403 for query "to lift up (action)"
[skipped] no result for "to lift up (action)" (持ち上げる)
[error] HTTP 403 for query "to point to; indicate (action)"
[skipped] no result for "to point to; indicate (action)" (指す)
[error] HTTP 403 for query "ring (finger ring) (object)"
[skipped] no result for "ring (finger ring) (object)" (指輪)
[error] HTTP 403 for query "challenge (object)"
[skipped] no result for "challenge (object)" (挑戦)
[error] HTTP 403 for query "to be stuck (between) (action)"
[skipped] no result for "to be stuck (between) (action)" (挟まる)
[error] HTTP 403 for query "pretending, act (object)"
[skipped] no result for "pretending, act (object)" (振り)
[error] HTTP 403 for query "to turn around; to look back (action)"
[skipped] no result for "to turn around; to look back (action)" (振り向く)
[error] HTTP 403 for query "to catch; seize (action)"
[skipped] no result for "to catch; seize (action)" (捕まえる)
[error] HTTP 403 for query "the thing one is searching for (object)"
[skipped] no result for "the thing one is searching for (object)" (捜し物)
[error] HTTP 403 for query "can grasp (potential of 掴む) (action)"
[skipped] no result for "can grasp (potential of 掴む) (action)" (掴める)
[error] HTTP 403 for query "to be complete; to line up; to be gathered (action)"
[skipped] no result for "to be complete; to line up; to be gathered (action)" (揃う)
[error] HTTP 403 for query "to sway; to shake; to tremble (action)"
[skipped] no result for "to sway; to shake; to tremble (action)" (揺れる)
[error] HTTP 403 for query "loss; disadvantage (object)"
[skipped] no result for "loss; disadvantage (object)" (損)
[error] HTTP 403 for query "to lose out; come up short (financially or otherwise) (action)"
[skipped] no result for "to lose out; come up short (financially or otherwise) (action)" (損する)
[error] HTTP 403 for query "to let go; to release (action)"
[skipped] no result for "to let go; to release (action)" (放す)
[error] HTTP 403 for query "to leave alone (colloquial of 放っておく) (action)"
[skipped] no result for "to leave alone (colloquial of 放っておく) (action)" (放っとく)
[error] HTTP 403 for query "to save; to rescue; to help (action)"
[skipped] no result for "to save; to rescue; to help (action)" (救う)
[error] HTTP 403 for query "to be taught; to learn (from someone) (action)"
[skipped] no result for "to be taught; to learn (from someone) (action)" (教わる)
[error] HTTP 403 for query "to be scattered about; to be in disorder (action)"
[skipped] no result for "to be scattered about; to be in disorder (action)" (散らかる)
[error] HTTP 403 for query "to scatter; to fall (of petals); to perish (action)"
[skipped] no result for "to scatter; to fall (of petals); to perish (action)" (散る)
[error] HTTP 403 for query "number; count (object)"
[skipped] no result for "number; count (object)" (数)
[error] HTTP 403 for query "method; way; means (object)"
[skipped] no result for "method; way; means (object)" (方法)
[error] HTTP 403 for query "flag; banner (object)"
[skipped] no result for "flag; banner (object)" (旗)
[error] HTTP 403 for query "date (on a calendar) (object)"
[skipped] no result for "date (on a calendar) (object)" (日付け)
[error] HTTP 403 for query "to rise; to ascend (esp. sun/moon) (action)"
[skipped] no result for "to rise; to ascend (esp. sun/moon) (action)" (昇る)
[error] HTTP 403 for query "light; lamp; glow (object)"
[skipped] no result for "light; lamp; glow (object)" (明かり)
[error] HTTP 403 for query "to dawn; to end (of night); to begin (a new year) (action)"
[skipped] no result for "to dawn; to end (of night); to begin (a new year) (action)" (明ける)
[error] HTTP 403 for query "to reflect; to project; to mirror (action)"
[skipped] no result for "to reflect; to project; to mirror (action)" (映す)
[error] HTTP 403 for query "can reflect / project (potential of 映す) (action)"
[skipped] no result for "can reflect / project (potential of 映す) (action)" (映せる)
[error] HTTP 403 for query "to be reflected; to be projected; to appear (action)"
[skipped] no result for "to be reflected; to be projected; to appear (action)" (映る)
[error] HTTP 403 for query "daily living (object)"
[skipped] no result for "daily living (object)" (暮らし)
[error] HTTP 403 for query "to get dark; to come to an end; to be at a loss (action)"
[skipped] no result for "to get dark; to come to an end; to be at a loss (action)" (暮れる)
[error] HTTP 403 for query "song; tune; musical piece (object)"
[skipped] no result for "song; tune; musical piece (object)" (曲)
[error] HTTP 403 for query "at least; minimum; lowest (object)"
[skipped] no result for "at least; minimum; lowest (object)" (最低)
[error] HTTP 403 for query "end of the month (object)"
[skipped] no result for "end of the month (object)" (月末)
[error] HTTP 403 for query "expectation; hope; anticipation (object)"
[skipped] no result for "expectation; hope; anticipation (object)" (期待)
[error] HTTP 403 for query "tree-nut, tree fruit (object)"
[skipped] no result for "tree-nut, tree fruit (object)" (木の実)
[error] HTTP 403 for query "seriousness; in earnest (na-adj) (object)"
[skipped] no result for "seriousness; in earnest (na-adj) (object)" (本気)
[error] HTTP 403 for query "the real thing; genuine article (object)"
[skipped] no result for "the real thing; genuine article (object)" (本物)
[error] HTTP 403 for query "branch; twig (object)"
[skipped] no result for "branch; twig (object)" (枝)
[error] HTTP 403 for query "to wither; to dry up; to die (of plants) (action)"
[skipped] no result for "to wither; to dry up; to die (of plants) (action)" (枯れる)
[error] HTTP 403 for query "school building (object)"
[skipped] no result for "school building (object)" (校舎)
[error] HTTP 403 for query "cherry-blossom pink (object)"
[skipped] no result for "cherry-blossom pink (object)" (桜色)
[error] HTTP 403 for query "ease; comfort; pleasure (object)"
[skipped] no result for "ease; comfort; pleasure (object)" (楽)
[error] HTTP 403 for query "to enjoy; to have fun (action)"
[skipped] no result for "to enjoy; to have fun (action)" (楽しむ)
[error] HTTP 403 for query "to mind; to care about; to be concerned (action)"
[skipped] no result for "to mind; to care about; to be concerned (action)" (構う)
[error] HTTP 403 for query "doesn't matter, don't mind (action)"
[skipped] no result for "doesn't matter, don't mind (action)" (構わない)
[error] HTTP 403 for query "right, privilege (object)"
[skipped] no result for "right, privilege (object)" (権利)
[error] HTTP 403 for query "mood; temper (object)"
[skipped] no result for "mood; temper (object)" (機嫌)
[error] HTTP 403 for query "machine (object)"
[skipped] no result for "machine (object)" (機械)
[error] HTTP 403 for query "to want (3rd person) (action)"
[skipped] no result for "to want (3rd person) (action)" (欲しがる)
[error] HTTP 403 for query "to stop; to cease (of rain, wind, etc.) (action)"
[skipped] no result for "to stop; to cease (of rain, wind, etc.) (action)" (止む)
[error] HTTP 403 for query "correctness (object)"
[skipped] no result for "correctness (object)" (正しさ)
[error] HTTP 403 for query "weapon; arms (object)"
[skipped] no result for "weapon; arms (object)" (武器)
[error] HTTP 403 for query "to leave behind; to save (action)"
[skipped] no result for "to leave behind; to save (action)" (残す)
[error] HTTP 403 for query "remainder; what's left (object)"
[skipped] no result for "remainder; what's left (object)" (残り)
[error] HTTP 403 for query "to remain; to be left (action)"
[skipped] no result for "to remain; to be left (action)" (残る)
[error] HTTP 403 for query "to kill; to suppress (breath, feelings) (action)"
[skipped] no result for "to kill; to suppress (breath, feelings) (action)" (殺す)
[error] HTTP 403 for query "to notice; to realize; to come to one's senses (action)"
[skipped] no result for "to notice; to realize; to come to one's senses (action)" (気がつく)
[error] HTTP 403 for query "to notice; realise (action)"
[skipped] no result for "to notice; realise (action)" (気が付く)
[error] HTTP 403 for query "to notice; to realize; to become aware (action)"
[skipped] no result for "to notice; to realize; to become aware (action)" (気づく)
[error] HTTP 403 for query "can notice (potential of 気づく) (action)"
[skipped] no result for "can notice (potential of 気づく) (action)" (気づける)
[error] HTTP 403 for query "to notice; to realize; to become aware (action)"
[skipped] no result for "to notice; to realize; to become aware (action)" (気付く)
[error] HTTP 403 for query "swimsuit (object)"
[skipped] no result for "swimsuit (object)" (水着)
[error] HTTP 403 for query "dirt; stain; impurity (object)"
[skipped] no result for "dirt; stain; impurity (object)" (汚れ)
[error] HTTP 403 for query "to get dirty (action)"
[skipped] no result for "to get dirty (action)" (汚れる)
[error] HTTP 403 for query "to be decided, settled (action)"
[skipped] no result for "to be decided, settled (action)" (決まる)
[error] HTTP 403 for query "determination (object)"
[skipped] no result for "determination (object)" (決心)
[error] HTTP 403 for query "to sink; to go down; to feel depressed (action)"
[skipped] no result for "to sink; to go down; to feel depressed (action)" (沈む)
[error] HTTP 403 for query "to boil up; to hype up (a crowd) (action)"
[skipped] no result for "to boil up; to hype up (a crowd) (action)" (沸かす)
[error] HTTP 403 for query "to heal, cure (action)"
[skipped] no result for "to heal, cure (action)" (治す)
[error] HTTP 403 for query "law; legislation (object)"
[skipped] no result for "law; legislation (object)" (法律)
[error] HTTP 403 for query "wave (object)"
[skipped] no result for "wave (object)" (波)
[error] HTTP 403 for query "to be moved to tears; to be able to cry (action)"
[skipped] no result for "to be moved to tears; to be able to cry (action)" (泣ける)
[error] HTTP 403 for query "mud (object)"
[skipped] no result for "mud (object)" (泥)
[error] HTTP 403 for query "tears (poetic variant of 涙) (object)"
[skipped] no result for "tears (poetic variant of 涙) (object)" (泪)
[error] HTTP 403 for query "can swim (potential of 泳ぐ) (action)"
[skipped] no result for "can swim (potential of 泳ぐ) (action)" (泳げる)
[error] HTTP 403 for query "flow; current; stream (object)"
[skipped] no result for "flow; current; stream (object)" (流れ)
[error] HTTP 403 for query "to flow; to stream; to play (music) (action)"
[skipped] no result for "to flow; to stream; to play (music) (action)" (流れる)
[error] HTTP 403 for query "to float; to come to mind (action)"
[skipped] no result for "to float; to come to mind (action)" (浮かぶ)
[error] HTTP 403 for query "to bathe in; to be showered with (action)"
[skipped] no result for "to bathe in; to be showered with (action)" (浴びる)
[error] HTTP 403 for query "can erase (potential of 消す) (action)"
[skipped] no result for "can erase (potential of 消す) (action)" (消せる)
[error] HTTP 403 for query "to end; to be finished; to get by (without) (action)"
[skipped] no result for "to end; to be finished; to get by (without) (action)" (済む)
[error] HTTP 403 for query "traffic jam, stagnation (object)"
[skipped] no result for "traffic jam, stagnation (object)" (渋滞)
[error] HTTP 403 for query "temperature (object)"
[skipped] no result for "temperature (object)" (温度)
[error] HTTP 403 for query "to accumulate (action)"
[skipped] no result for "to accumulate (action)" (溜まる)
[error] HTTP 403 for query "to accumulate, save up (action)"
[skipped] no result for "to accumulate, save up (action)" (溜める)
[error] HTTP 403 for query "sigh (object)"
[skipped] no result for "sigh (object)" (溜め息)
[error] HTTP 403 for query "to melt; to dissolve (action)"
[skipped] no result for "to melt; to dissolve (action)" (溶ける)
[error] HTTP 403 for query "to get wet (action)"
[skipped] no result for "to get wet (action)" (濡れる)
[error] HTTP 403 for query "light / lamp (literary) (object)"
[skipped] no result for "light / lamp (literary) (object)" (灯)
[error] HTTP 403 for query "grey (object)"
[skipped] no result for "grey (object)" (灰色)
[error] HTTP 403 for query "to be lit; to catch fire; to turn on (action)"
[skipped] no result for "to be lit; to catch fire; to turn on (action)" (点く)
[error] HTTP 403 for query "smoke (object)"
[skipped] no result for "smoke (object)" (煙)
[error] HTTP 403 for query "to burn; to blaze; to be fired up (action)"
[skipped] no result for "to burn; to blaze; to be fired up (action)" (燃える)
[error] HTTP 403 for query "to burn; to set on fire (action)"
[skipped] no result for "to burn; to set on fire (action)" (燃やす)
[error] HTTP 403 for query "one-way (trip) (object)"
[skipped] no result for "one-way (trip) (object)" (片道)
[error] HTTP 403 for query "situation; circumstances (object)"
[skipped] no result for "situation; circumstances (object)" (状況)
[error] HTTP 403 for query "to go mad (action)"
[skipped] no result for "to go mad (action)" (狂う)
[error] HTTP 403 for query "fox (object)"
[skipped] no result for "fox (object)" (狐)
[error] HTTP 403 for query "to aim for (action)"
[skipped] no result for "to aim for (action)" (狙う)
[error] HTTP 403 for query "to appear; emerge; show up (action)"
[skipped] no result for "to appear; emerge; show up (action)" (現れる)
[error] HTTP 403 for query "loop, ring (object)"
[skipped] no result for "loop, ring (object)" (環)
[error] HTTP 403 for query "raw; live; fresh (object)"
[skipped] no result for "raw; live; fresh (object)" (生)
[error] HTTP 403 for query "to grow; to sprout (of hair, wings, plants) (action)"
[skipped] no result for "to grow; to sprout (of hair, wings, plants) (action)" (生える)
[error] HTTP 403 for query "way of living (object)"
[skipped] no result for "way of living (object)" (生き方)
[error] HTTP 403 for query "to give birth to; to produce; to create (action)"
[skipped] no result for "to give birth to; to produce; to create (action)" (生む)
[error] HTTP 403 for query "abnormal (object)"
[skipped] no result for "abnormal (object)" (異常)
[error] HTTP 403 for query "to hurt; to ache; to feel pain (action)"
[skipped] no result for "to hurt; to ache; to feel pain (action)" (痛む)
[error] HTTP 403 for query "to hurt; injure (transitive) (action)"
[skipped] no result for "to hurt; injure (transitive) (action)" (痛める)
[error] HTTP 403 for query "habit; tendency; quirk (object)"
[skipped] no result for "habit; tendency; quirk (object)" (癖)
[error] HTTP 403 for query "black and white (object)"
[skipped] no result for "black and white (object)" (白黒)
[error] HTTP 403 for query "purpose; goal; objective (object)"
[skipped] no result for "purpose; goal; objective (object)" (目的)
[error] HTTP 403 for query "opponent, partner (object)"
[skipped] no result for "opponent, partner (object)" (相手)
[error] HTTP 403 for query "signboard, billboard (object)"
[skipped] no result for "signboard, billboard (object)" (看板)
[error] HTTP 403 for query "imitation; mimicry (object)"
[skipped] no result for "imitation; mimicry (object)" (真似)
[error] HTTP 403 for query "to imitate (action)"
[skipped] no result for "to imitate (action)" (真似する)
[error] HTTP 403 for query "serious; earnest; diligent (object)"
[skipped] no result for "serious; earnest; diligent (object)" (真面目)
[error] HTTP 403 for query "sleep; slumber (object)"
[skipped] no result for "sleep; slumber (object)" (眠り)
[error] HTTP 403 for query "news; notice; word (message) (object)"
[skipped] no result for "news; notice; word (message) (object)" (知らせ)
[error] HTTP 403 for query "to inform / let know (action)"
[skipped] no result for "to inform / let know (action)" (知らせる)
[error] HTTP 403 for query "to become known; to be knowable (used in かもしれない) (action)"
[skipped] no result for "to become known; to be knowable (used in かもしれない) (action)" (知れる)
[error] HTTP 403 for query "desert (object)"
[skipped] no result for "desert (object)" (砂漠)
[error] HTTP 403 for query "to get torn; to rip; to be broken (action)"
[skipped] no result for "to get torn; to rip; to be broken (action)" (破れる)
[error] HTTP 403 for query "to make sure; to confirm; to verify (action)"
[skipped] no result for "to make sure; to confirm; to verify (action)" (確かめる)
[error] HTTP 403 for query "to polish; to shine; to refine (action)"
[skipped] no result for "to polish; to shine; to refine (action)" (磨く)
[error] HTTP 403 for query "to indicate, point out (action)"
[skipped] no result for "to indicate, point out (action)" (示す)
[error] HTTP 403 for query "to pray; to wish for (action)"
[skipped] no result for "to pray; to wish for (action)" (祈る)
[error] HTTP 403 for query "to celebrate (action)"
[skipped] no result for "to celebrate (action)" (祝う)
[error] HTTP 403 for query "secret (object)"
[skipped] no result for "secret (object)" (秘密)
[error] HTTP 403 for query "to move; to shift; to change (position/state) (action)"
[skipped] no result for "to move; to shift; to change (position/state) (action)" (移る)
[error] HTTP 403 for query "extent, degree (object)"
[skipped] no result for "extent, degree (object)" (程度)
[error] HTTP 403 for query "to stack, accumulate (action)"
[skipped] no result for "to stack, accumulate (action)" (積む)
[error] HTTP 403 for query "hole; opening; gap (object)"
[skipped] no result for "hole; opening; gap (object)" (穴)
[error] HTTP 403 for query "to thrust; to poke; to strike (action)"
[skipped] no result for "to thrust; to poke; to strike (action)" (突く)
[error] HTTP 403 for query "to be able to stand up (potential of 立ち上がる); imperative form 立ち上がれ = 'stand up!' (action)"
[skipped] no result for "to be able to stand up (potential of 立ち上がる); imperative form 立ち上がれ = 'stand up!' (action)" (立ち上がれる)
[error] HTTP 403 for query "laughter; sound of laughing (object)"
[skipped] no result for "laughter; sound of laughing (object)" (笑い声)
[error] HTTP 403 for query "(tokenizer fragment — kanji 筋 of 筋斗雲 Kinto'un; alone means 'sinew, line, plot') (object)"
[skipped] no result for "(tokenizer fragment — kanji 筋 of 筋斗雲 Kinto'un; alone means 'sinew, line, plot') (object)" (筋)
[error] HTTP 403 for query "thread; string (object)"
[skipped] no result for "thread; string (object)" (糸)
[error] HTTP 403 for query "paper airplane (object)"
[skipped] no result for "paper airplane (object)" (紙飛行機)
[error] HTTP 403 for query "purple (here read as the single mora し for poetic effect) (object)"
[skipped] no result for "purple (here read as the single mora し for poetic effect) (object)" (紫)
[error] HTTP 403 for query "to link (arms); to put together; to team up (action)"
[skipped] no result for "to link (arms); to put together; to team up (action)" (組む)
[error] HTTP 403 for query "experience (object)"
[skipped] no result for "experience (object)" (経験)
[error] HTTP 403 for query "to be tied / joined (action)"
[skipped] no result for "to be tied / joined (action)" (結ばれる)
[error] HTTP 403 for query "to tie; to bind; to link (action)"
[skipped] no result for "to tie; to bind; to link (action)" (結ぶ)
[error] HTTP 403 for query "in the end; after all (used adverbially) (object)"
[skipped] no result for "in the end; after all (used adverbially) (object)" (結局)
[error] HTTP 403 for query "to be connected; to be linked (action)"
[skipped] no result for "to be connected; to be linked (action)" (繋がる)
[error] HTTP 403 for query "tying; connecting (i-stem of 繋ぐ) (object)"
[skipped] no result for "tying; connecting (i-stem of 繋ぐ) (object)" (繋ぎ)
[error] HTTP 403 for query "to tie; to connect; to link (action)"
[skipped] no result for "to tie; to connect; to link (action)" (繋ぐ)
[error] HTTP 403 for query "beauty (object)"
[skipped] no result for "beauty (object)" (美しさ)
[error] HTTP 403 for query "old person / elder (object)"
[skipped] no result for "old person / elder (object)" (老人)
[error] HTTP 403 for query "person (formal/literary) (object)"
[skipped] no result for "person (formal/literary) (object)" (者)
[error] HTTP 403 for query "to let (someone) hear (action)"
[skipped] no result for "to let (someone) hear (action)" (聞かせる)
[error] HTTP 403 for query "to listen (attentively, e.g. to music) (action)"
[skipped] no result for "to listen (attentively, e.g. to music) (action)" (聴く)
[error] HTTP 403 for query "skin (object)"
[skipped] no result for "skin (object)" (肌)
[error] HTTP 403 for query "to grow up; to be raised (action)"
[skipped] no result for "to grow up; to be raised (action)" (育つ)
[error] HTTP 403 for query "stomach (object)"
[skipped] no result for "stomach (object)" (胃)
[error] HTTP 403 for query "leg; legs (esp. below the knee) (object)"
[skipped] no result for "leg; legs (esp. below the knee) (object)" (脚)
[error] HTTP 403 for query "belly (object)"
[skipped] no result for "belly (object)" (腹)
[error] HTTP 403 for query "knee (object)"
[skipped] no result for "knee (object)" (膝)
[error] HTTP 403 for query "to swell / inflate (action)"
[skipped] no result for "to swell / inflate (action)" (膨らむ)
[error] HTTP 403 for query "self-searching; the process of finding oneself (object)"
[skipped] no result for "self-searching; the process of finding oneself (object)" (自分探し)
[error] HTTP 403 for query "oneself (emphatic) (object)"
[skipped] no result for "oneself (emphatic) (object)" (自分自身)
[error] HTTP 403 for query "pride, prized (object)"
[skipped] no result for "pride, prized (object)" (自慢)
[error] HTTP 403 for query "nature; natural (object)"
[skipped] no result for "nature; natural (object)" (自然)
[error] HTTP 403 for query "excitement (suru-noun) (object)"
[skipped] no result for "excitement (suru-noun) (object)" (興奮)
[error] HTTP 403 for query "to lick / taste (action)"
[skipped] no result for "to lick / taste (action)" (舐める)
[error] HTTP 403 for query "suffering; agony (noun of 苦しい) (object)"
[skipped] no result for "suffering; agony (noun of 苦しい) (object)" (苦しみ)
[error] HTTP 403 for query "to suffer; to be in agony (action)"
[skipped] no result for "to suffer; to be in agony (action)" (苦しむ)
[error] HTTP 403 for query "to feel down, slump (action)"
[skipped] no result for "to feel down, slump (action)" (落ちこむ)
[error] HTTP 403 for query "to feel down; to be depressed; to sink into (action)"
[skipped] no result for "to feel down; to be depressed; to sink into (action)" (落ち込む)
[error] HTTP 403 for query "leaf; foliage (object)"
[skipped] no result for "leaf; foliage (object)" (葉)
[error] HTTP 403 for query "can go (literary potential of 行く/ゆく) (action)"
[skipped] no result for "can go (literary potential of 行く/ゆく) (action)" (行ける)
[error] HTTP 403 for query "manners / behavior (object)"
[skipped] no result for "manners / behavior (object)" (行儀)
[error] HTTP 403 for query "action; behavior; conduct (object)"
[skipped] no result for "action; behavior; conduct (object)" (行動)
[error] HTTP 403 for query "front; surface; outside (object)"
[skipped] no result for "front; surface; outside (object)" (表)
[error] HTTP 403 for query "to express; to represent; to show (action)"
[skipped] no result for "to express; to represent; to show (action)" (表す)
[error] HTTP 403 for query "back; reverse side; hidden side (object)"
[skipped] no result for "back; reverse side; hidden side (object)" (裏)
[error] HTTP 403 for query "back side (object)"
[skipped] no result for "back side (object)" (裏側)
[error] HTTP 403 for query "to gaze at; to stare at intently (action)"
[skipped] no result for "to gaze at; to stare at intently (action)" (見つめる)
[error] HTTP 403 for query "to look up at; to admire (action)"
[skipped] no result for "to look up at; to admire (action)" (見上げる)
[error] HTTP 403 for query "to see off; to watch go; to let pass (action)"
[skipped] no result for "to see off; to watch go; to let pass (action)" (見送る)
[error] HTTP 403 for query "to peer / peek (action)"
[skipped] no result for "to peer / peek (action)" (覗く)
[error] HTTP 403 for query "to wake (oneself) up; to rouse; to snap out of (action)"
[skipped] no result for "to wake (oneself) up; to rouse; to snap out of (action)" (覚ます)
[error] HTTP 403 for query "to wake up; to come to one's senses (action)"
[skipped] no result for "to wake up; to come to one's senses (action)" (覚める)
[error] HTTP 403 for query "to undo; to untie; to break (a spell); to solve (action)"
[skipped] no result for "to undo; to untie; to break (a spell); to solve (action)" (解く)
[error] HTTP 403 for query "to come undone; to be solved; to loosen (action)"
[skipped] no result for "to come undone; to be solved; to loosen (action)" (解ける)
[error] HTTP 403 for query "to come undone (action)"
[skipped] no result for "to come undone (action)" (解ける)
[error] HTTP 403 for query "to touch; to come into contact with (action)"
[skipped] no result for "to touch; to come into contact with (action)" (触れる)
[error] HTTP 403 for query "to start saying / bring up (action)"
[skipped] no result for "to start saying / bring up (action)" (言い出す)
[error] HTTP 403 for query "plan; project; scheme (object)"
[skipped] no result for "plan; project; scheme (object)" (計画)
[error] HTTP 403 for query "reason; cause; meaning (object)"
[skipped] no result for "reason; cause; meaning (object)" (訳)
[error] HTTP 403 for query "to try; to test; to put to the test (action)"
[skipped] no result for "to try; to test; to put to the test (action)" (試す)
[error] HTTP 403 for query "to stuff; to pack; to hold (one's breath) (action)"
[skipped] no result for "to stuff; to pack; to hold (one's breath) (action)" (詰める)
[error] HTTP 403 for query "way of speaking; manner of talking (object)"
[skipped] no result for "way of speaking; manner of talking (object)" (話し方)
[error] HTTP 403 for query "to recognize; to acknowledge; to accept (action)"
[skipped] no result for "to recognize; to acknowledge; to accept (action)" (認める)
[error] HTTP 403 for query "to invite; to tempt; to lure (action)"
[skipped] no result for "to invite; to tempt; to lure (action)" (誘う)
[error] HTTP 403 for query "condition; state; rhythm (object)"
[skipped] no result for "condition; state; rhythm (object)" (調子)
[error] HTTP 403 for query "resignation / giving up (object)"
[skipped] no result for "resignation / giving up (object)" (諦め)
[error] HTTP 403 for query "defeat, loss (object)"
[skipped] no result for "defeat, loss (object)" (負け)
[error] HTTP 403 for query "red; the color red (object)"
[skipped] no result for "red; the color red (object)" (赤色)
[error] HTTP 403 for query "can start running (potential of 走り出す) (action)"
[skipped] no result for "can start running (potential of 走り出す) (action)" (走り出せる)
[error] HTTP 403 for query "can run (potential of 走る) (action)"
[skipped] no result for "can run (potential of 走る) (action)" (走れる)
[error] HTTP 403 for query "to cause; raise; wake up (transitive) (action)"
[skipped] no result for "to cause; raise; wake up (transitive) (action)" (起こす)
[error] HTTP 403 for query "to happen; to occur; to take place (action)"
[skipped] no result for "to happen; to occur; to take place (action)" (起こる)
[error] HTTP 403 for query "to add; to supplement (action)"
[skipped] no result for "to add; to supplement (action)" (足す)
[error] HTTP 403 for query "footsteps (object)"
[skipped] no result for "footsteps (object)" (足音)
[error] HTTP 403 for query "trace / mark (object)"
[skipped] no result for "trace / mark (object)" (跡)
[error] HTTP 403 for query "to jump; to leap (action)"
[skipped] no result for "to jump; to leap (action)" (跳ぶ)
[error] HTTP 403 for query "dance (object)"
[skipped] no result for "dance (object)" (踊り)
[error] HTTP 403 for query "to break into a dance (action)"
[skipped] no result for "to break into a dance (action)" (踊り出す)
[error] HTTP 403 for query "to be stepped on; trampled (passive of 踏む) (action)"
[skipped] no result for "to be stepped on; trampled (passive of 踏む) (action)" (踏まれる)
[error] HTTP 403 for query "to trample, stamp on (action)"
[skipped] no result for "to trample, stamp on (action)" (踏みつける)
[error] HTTP 403 for query "to step on; to tread on (action)"
[skipped] no result for "to step on; to tread on (action)" (踏む)
[error] HTTP 403 for query "to kick (action)"
[skipped] no result for "to kick (action)" (蹴る)
[error] HTTP 403 for query "body; oneself (object)"
[skipped] no result for "body; oneself (object)" (身)
[error] HTTP 403 for query "to acquire (skill, knowledge) (action)"
[skipped] no result for "to acquire (skill, knowledge) (action)" (身につける)
[error] HTTP 403 for query "to roll; to tumble (action)"
[skipped] no result for "to roll; to tumble (action)" (転がる)
[error] HTTP 403 for query "to fall down; to tumble (action)"
[skipped] no result for "to fall down; to tumble (action)" (転ぶ)
[error] HTTP 403 for query "to appear (in print); be placed on (action)"
[skipped] no result for "to appear (in print); be placed on (action)" (載る)
[error] HTTP 403 for query "circle / ring / loop (object)"
[skipped] no result for "circle / ring / loop (object)" (輪)
[error] HTTP 403 for query "(suffix) to do thoroughly / inward (action)"
[skipped] no result for "(suffix) to do thoroughly / inward (action)" (込む)
[error] HTTP 403 for query "to welcome; to greet; to meet (someone arriving) (action)"
[skipped] no result for "to welcome; to greet; to meet (someone arriving) (action)" (迎える)
[error] HTTP 403 for query "to approach; to draw near (action)"
[skipped] no result for "to approach; to draw near (action)" (近づく)
[error] HTTP 403 for query "lost child; stray (object)"
[skipped] no result for "lost child; stray (object)" (迷子)
[error] HTTP 403 for query "to catch up (with) (action)"
[skipped] no result for "to catch up (with) (action)" (追いつく)
[error] HTTP 403 for query "to chase; to run after; to pursue (action)"
[skipped] no result for "to chase; to run after; to pursue (action)" (追い掛ける)
[error] HTTP 403 for query "to chase; pursue (literary kanji of 追いかける) (action)"
[skipped] no result for "to chase; pursue (literary kanji of 追いかける) (action)" (追い駈ける)
[error] HTTP 403 for query "to chase; to pursue; to follow (action)"
[skipped] no result for "to chase; to pursue; to follow (action)" (追う)
[error] HTTP 403 for query "to chase; to run after (colloquial of 追いかける) (action)"
[skipped] no result for "to chase; to run after (colloquial of 追いかける) (action)" (追っかける)
[error] HTTP 403 for query "to let escape; release (transitive) (action)"
[skipped] no result for "to let escape; release (transitive) (action)" (逃がす)
[error] HTTP 403 for query "to run away; to flee; to start running off (action)"
[skipped] no result for "to run away; to flee; to start running off (action)" (逃げだす)
[error] HTTP 403 for query "the opposite; reverse (object)"
[skipped] no result for "the opposite; reverse (object)" (逆)
[error] HTTP 403 for query "path / way (literary) (object)"
[skipped] no result for "path / way (literary) (object)" (途)
[error] HTTP 403 for query "on the way; midway; in the middle of (object)"
[skipped] no result for "on the way; midway; in the middle of (object)" (途中)
[error] HTTP 403 for query "speed (object)"
[skipped] no result for "speed (object)" (速さ)
[error] HTTP 403 for query "to take (someone) along; to bring along (action)"
[skipped] no result for "to take (someone) along; to bring along (action)" (連れる)
[error] HTTP 403 for query "to take (someone) out / lead away (action)"
[skipped] no result for "to take (someone) out / lead away (action)" (連れ出す)
[error] HTTP 403 for query "contact; getting in touch (suru-noun) (object)"
[skipped] no result for "contact; getting in touch (suru-noun) (object)" (連絡)
[error] HTTP 403 for query "to set out / start advancing (action)"
[skipped] no result for "to set out / start advancing (action)" (進み出す)
[error] HTTP 403 for query "to advance; push forward; progress (tr.) (action)"
[skipped] no result for "to advance; push forward; progress (tr.) (action)" (進める)
[error] HTTP 403 for query "luck; fortune (object)"
[skipped] no result for "luck; fortune (object)" (運)
[error] HTTP 403 for query "to spend (time); to pass (time) (action)"
[skipped] no result for "to spend (time); to pass (time) (action)" (過ごす)
[error] HTTP 403 for query "tool; instrument; means (object)"
[skipped] no result for "tool; instrument; means (object)" (道具)
[error] HTTP 403 for query "difference (object)"
[skipped] no result for "difference (object)" (違い)
[error] HTTP 403 for query "choice, selection (object)"
[skipped] no result for "choice, selection (object)" (選択)
[error] HTTP 403 for query "capital / city (object)"
[skipped] no result for "capital / city (object)" (都)
[error] HTTP 403 for query "to get drunk / become intoxicated (action)"
[skipped] no result for "to get drunk / become intoxicated (action)" (酔う)
[error] HTTP 403 for query "weight, heaviness (object)"
[skipped] no result for "weight, heaviness (object)" (重さ)
[error] HTTP 403 for query "to overlap, layer (action)"
[skipped] no result for "to overlap, layer (action)" (重なる)
[error] HTTP 403 for query "to pile up; to stack; to repeat (action)"
[skipped] no result for "to pile up; to stack; to repeat (action)" (重ねる)
[error] HTTP 403 for query "bastard / guy (rough) (object)"
[skipped] no result for "bastard / guy (rough) (object)" (野郎)
[error] HTTP 403 for query "gold (object)"
[skipped] no result for "gold (object)" (金)
[error] HTTP 403 for query "needle, hand (clock) (object)"
[skipped] no result for "needle, hand (clock) (object)" (針)
[error] HTTP 403 for query "iron (object)"
[skipped] no result for "iron (object)" (鉄)
[error] HTTP 403 for query "mirror (object)"
[skipped] no result for "mirror (object)" (鏡)
[error] HTTP 403 for query "to close; to shut (action)"
[skipped] no result for "to close; to shut (action)" (閉じる)
[error] HTTP 403 for query "to be in time; make it (idiom 'meet in the gap') (action)"
[skipped] no result for "to be in time; make it (idiom 'meet in the gap') (action)" (間に合う)
[error] HTTP 403 for query "to be mistaken; to be wrong (action)"
[skipped] no result for "to be mistaken; to be wrong (action)" (間違う)
[error] HTTP 403 for query "relation; connection; relevance (object)"
[skipped] no result for "relation; connection; relevance (object)" (関係)
[error] HTTP 403 for query "to fight; to struggle; to battle (action)"
[skipped] no result for "to fight; to struggle; to battle (action)" (闘う)
[error] HTTP 403 for query "to make rain, cause to fall (action)"
[skipped] no result for "to make rain, cause to fall (action)" (降らす)
[error] HTTP 403 for query "to start raining (or snowing); to begin to fall (action)"
[skipped] no result for "to start raining (or snowing); to begin to fall (action)" (降り出す)
[error] HTTP 403 for query "sun; sunlight (object)"
[skipped] no result for "sun; sunlight (object)" (陽)
[error] HTTP 403 for query "to hide; to conceal (action)"
[skipped] no result for "to hide; to conceal (action)" (隠す)
[error] HTTP 403 for query "to hide; to be hidden (action)"
[skipped] no result for "to hide; to be hidden (action)" (隠れる)
[error] HTTP 403 for query "to be separated; to leave; to move away (action)"
[skipped] no result for "to be separated; to leave; to move away (action)" (離れる)
[error] HTTP 403 for query "umbrella (for rain) (object)"
[skipped] no result for "umbrella (for rain) (object)" (雨がさ)
[error] HTTP 403 for query "thunder, lightning (object)"
[skipped] no result for "thunder, lightning (object)" (雷)
[error] HTTP 403 for query "fog, mist (object)"
[skipped] no result for "fog, mist (object)" (霧)
[error] HTTP 403 for query "order; turn; sequence (object)"
[skipped] no result for "order; turn; sequence (object)" (順番)
[error] HTTP 403 for query "to entrust; place in someone's care (action)"
[skipped] no result for "to entrust; place in someone's care (action)" (預ける)
[error] HTTP 403 for query "reliance; something to depend on (object)"
[skipped] no result for "reliance; something to depend on (object)" (頼り)
[error] HTTP 403 for query "wish, prayer (object)"
[skipped] no result for "wish, prayer (object)" (願い事)
[error] HTTP 403 for query "sound of the wind (object)"
[skipped] no result for "sound of the wind (object)" (風の音)
[error] HTTP 403 for query "balloon (object)"
[skipped] no result for "balloon (object)" (風船)
[error] HTTP 403 for query "to fly (something); to drive fast; to speed (action)"
[skipped] no result for "to fly (something); to drive fast; to speed (action)" (飛ばす)
[error] HTTP 403 for query "to jump out; to rush out; to burst forth (action)"
[skipped] no result for "to jump out; to rush out; to burst forth (action)" (飛び出す)
[error] HTTP 403 for query "to leap out; spring out (alt. of 飛び出す) (action)"
[skipped] no result for "to leap out; spring out (alt. of 飛び出す) (action)" (飛び出る)
[error] HTTP 403 for query "to keep flying (action)"
[skipped] no result for "to keep flying (action)" (飛び続ける)
[error] HTTP 403 for query "to eat (rough/masc.); consume (action)"
[skipped] no result for "to eat (rough/masc.); consume (action)" (食う)
[error] HTTP 403 for query "to get tired of; to grow weary of (action)"
[skipped] no result for "to get tired of; to grow weary of (action)" (飽きる)
[error] HTTP 403 for query "to decorate; to adorn; to embellish (action)"
[skipped] no result for "to decorate; to adorn; to embellish (action)" (飾る)
[error] HTTP 403 for query "fool; idiot; stupid (object)"
[skipped] no result for "fool; idiot; stupid (object)" (馬鹿)
[error] HTTP 403 for query "to make a racket; rage (action)"
[skipped] no result for "to make a racket; rage (action)" (騒ぐ)
[error] HTTP 403 for query "to ring; to sound; to play (an instrument) (action)"
[skipped] no result for "to ring; to sound; to play (an instrument) (action)" (鳴らす)
[error] HTTP 403 for query "to silence, shut up (causative) (action)"
[skipped] no result for "to silence, shut up (causative) (action)" (黙らせる)
[error] HTTP 403 for query "to shut up (action)"
[skipped] no result for "to shut up (action)" (黙る)
[error] HTTP 403 for query "darkness (object)"
[skipped] no result for "darkness (object)" (闇)
[error] HTTP 403 for query "eternity, forever (object)"
[skipped] no result for "eternity, forever (object)" (永遠)
[error] HTTP 403 for query "solitude; loneliness (object)"
[skipped] no result for "solitude; loneliness (object)" (孤独)
[error] HTTP 403 for query "miracle (object)"
[skipped] no result for "miracle (object)" (奇跡)
[error] HTTP 403 for query "existence (object)"
[skipped] no result for "existence (object)" (存在)
[error] HTTP 403 for query "heart (organ) (object)"
[skipped] no result for "heart (organ) (object)" (心臓)
[error] HTTP 403 for query "warmth; human warmth (object)"
[skipped] no result for "warmth; human warmth (object)" (温もり)
[error] HTTP 403 for query "days; daily life (object)"
[skipped] no result for "days; daily life (object)" (日々)
[error] HTTP 403 for query "sacrifice; victim (object)"
[skipped] no result for "sacrifice; victim (object)" (犠牲)
[error] HTTP 403 for query "impulse (object)"
[skipped] no result for "impulse (object)" (衝動)
[error] HTTP 403 for query "heartbeat; pulse (object)"
[skipped] no result for "heartbeat; pulse (object)" (鼓動)
[error] HTTP 403 for query "bravado; acting tough (object)"
[skipped] no result for "bravado; acting tough (object)" (強がり)
[error] HTTP 403 for query "to act tough; to put on a brave front (action)"
[skipped] no result for "to act tough; to put on a brave front (action)" (強がる)
[error] HTTP 403 for query "beyond; the far side (object)"
[skipped] no result for "beyond; the far side (object)" (彼方)
[error] HTTP 403 for query "regret (object)"
[skipped] no result for "regret (object)" (後悔)
[error] HTTP 403 for query "passion (object)"
[skipped] no result for "passion (object)" (情熱)
[error] HTTP 403 for query "to embrace, to hug tightly (action)"
[skipped] no result for "to embrace, to hug tightly (action)" (抱きしめる)
[error] HTTP 403 for query "darkness (object)"
[skipped] no result for "darkness (object)" (暗闇)
[error] HTTP 403 for query "justice (object)"
[skipped] no result for "justice (object)" (正義)
[error] HTTP 403 for query "contradiction (object)"
[skipped] no result for "contradiction (object)" (矛盾)
[error] HTTP 403 for query "bond; emotional tie (object)"
[skipped] no result for "bond; emotional tie (object)" (絆)
[error] HTTP 403 for query "wing(s) (object)"
[skipped] no result for "wing(s) (object)" (翼)
[error] HTTP 403 for query "oath; vow (object)"
[skipped] no result for "oath; vow (object)" (誓い)
[error] HTTP 403 for query "clumsy, unskillful (object)"
[skipped] no result for "clumsy, unskillful (object)" (不器用)
[error] HTTP 403 for query "sword (Japanese equivalent of German 'Schwert') (object)"
[skipped] no result for "sword (Japanese equivalent of German 'Schwert') (object)" (剣)
[error] HTTP 403 for query "breathing; respiration (object)"
[skipped] no result for "breathing; respiration (object)" (呼吸)
[error] HTTP 403 for query "illusion; fantasy (object)"
[skipped] no result for "illusion; fantasy (object)" (幻想)
[error] HTTP 403 for query "to devote; to offer; to dedicate (action)"
[skipped] no result for "to devote; to offer; to dedicate (action)" (捧げる)
[error] HTTP 403 for query "to grab, to seize (action)"
[skipped] no result for "to grab, to seize (action)" (掴む)
[error] HTTP 403 for query "fragment; piece; shard (object)"
[skipped] no result for "fragment; piece; shard (object)" (欠片)
[error] HTTP 403 for query "flame (object)"
[skipped] no result for "flame (object)" (炎)
[error] HTTP 403 for query "life (object)"
[skipped] no result for "life (object)" (生命)
[error] HTTP 403 for query "despair; hopelessness (object)"
[skipped] no result for "despair; hopelessness (object)" (絶望)
[error] HTTP 403 for query "gaze; line of sight (object)"
[skipped] no result for "gaze; line of sight (object)" (視線)
[error] HTTP 403 for query "proof; evidence (object)"
[skipped] no result for "proof; evidence (object)" (証)
[error] HTTP 403 for query "footprints; traces (object)"
[skipped] no result for "footprints; traces (object)" (足跡)
[error] HTTP 403 for query "maze; labyrinth (object)"
[skipped] no result for "maze; labyrinth (object)" (迷路)
[error] HTTP 403 for query "chain (object)"
[skipped] no result for "chain (object)" (鎖)
[error] HTTP 403 for query "revolution (object)"
[skipped] no result for "revolution (object)" (革命)
[error] HTTP 403 for query "scenery; landscape (object)"
[skipped] no result for "scenery; landscape (object)" (風景)
[error] HTTP 403 for query "sigh (object)"
[skipped] no result for "sigh (object)" (ため息)
[error] HTTP 403 for query "warmth (object)"
[skipped] no result for "warmth (object)" (ぬくもり)
[error] HTTP 403 for query "straight line; beeline (object)"
[skipped] no result for "straight line; beeline (object)" (一直線)
[error] HTTP 403 for query "hurray; long live (object)"
[skipped] no result for "hurray; long live (object)" (万歳)
[error] HTTP 403 for query "crescent moon (object)"
[skipped] no result for "crescent moon (object)" (三日月)
[error] HTTP 403 for query "leaving school (object)"
[skipped] no result for "leaving school (object)" (下校)
[error] HTTP 403 for query "lead role; protagonist (object)"
[skipped] no result for "lead role; protagonist (object)" (主役)
[error] HTTP 403 for query "premonition; presentiment (object)"
[skipped] no result for "premonition; presentiment (object)" (予感)
[error] HTTP 403 for query "conflict; dispute (object)"
[skipped] no result for "conflict; dispute (object)" (争い)
[error] HTTP 403 for query "birds of a feather; people who are alike (object)"
[skipped] no result for "birds of a feather; people who are alike (object)" (似た者同士)
[error] HTTP 403 for query "body temperature; warmth (object)"
[skipped] no result for "body temperature; warmth (object)" (体温)
[error] HTTP 403 for query "mission; duty (object)"
[skipped] no result for "mission; duty (object)" (使命)
[error] HTTP 403 for query "values; sense of values (object)"
[skipped] no result for "values; sense of values (object)" (価値観)
[error] HTTP 403 for query "guarantee; assurance (object)"
[skipped] no result for "guarantee; assurance (object)" (保証)
[error] HTTP 403 for query "falsehood; deception (object)"
[skipped] no result for "falsehood; deception (object)" (偽り)
[error] HTTP 403 for query "wound; cut (object)"
[skipped] no result for "wound; cut (object)" (傷口)
[error] HTTP 403 for query "scar (object)"
[skipped] no result for "scar (object)" (傷跡)
[error] HTTP 403 for query "to tilt; to lean (action)"
[skipped] no result for "to tilt; to lean (action)" (傾く)
[error] HTTP 403 for query "to shine brilliantly (action)"
[skipped] no result for "to shine brilliantly (action)" (光り輝く)
[error] HTTP 403 for query "one's turn; cue (object)"
[skipped] no result for "one's turn; cue (object)" (出番)
[error] HTTP 403 for query "sword; katana (object)"
[skipped] no result for "sword; katana (object)" (刀)
[error] HTTP 403 for query "to tear apart; to rip through (action)"
[skipped] no result for "to tear apart; to rip through (action)" (切り裂く)
[error] HTTP 403 for query "crossroads; fork in the road (object)"
[skipped] no result for "crossroads; fork in the road (object)" (別れ道)
[error] HTTP 403 for query "hero; brave person (object)"
[skipped] no result for "hero; brave person (object)" (勇者)
[error] HTTP 403 for query "driving force; motivation (object)"
[skipped] no result for "driving force; motivation (object)" (原動力)
[error] HTTP 403 for query "origin; starting point (object)"
[skipped] no result for "origin; starting point (object)" (原点)
[error] HTTP 403 for query "telephone receiver (object)"
[skipped] no result for "telephone receiver (object)" (受話器)
[error] HTTP 403 for query "signal; sign (object)"
[skipped] no result for "signal; sign (object)" (合図)
[error] HTTP 403 for query "honor (Japanese equivalent of 'honor') (object)"
[skipped] no result for "honor (Japanese equivalent of 'honor') (object)" (名誉)
[error] HTTP 403 for query "headwind (object)"
[skipped] no result for "headwind (object)" (向かい風)
[error] HTTP 403 for query "denial; negation (object)"
[skipped] no result for "denial; negation (object)" (否定)
[error] HTTP 403 for query "breathing; respiration (object)"
[skipped] no result for "breathing; respiration (object)" (呼吸)
[error] HTTP 403 for query "to lament; to grieve (action)"
[skipped] no result for "to lament; to grieve (action)" (嘆く)
[error] HTTP 403 for query "vessel; container; capacity (object)"
[skipped] no result for "vessel; container; capacity (object)" (器)
[error] HTTP 403 for query "hell (object)"
[skipped] no result for "hell (object)" (地獄)
[error] HTTP 403 for query "night road (object)"
[skipped] no result for "night road (object)" (夜道)
[error] HTTP 403 for query "earth; ground (object)"
[skipped] no result for "earth; ground (object)" (大地)
[error] HTTP 403 for query "to play (music); to perform (action)"
[skipped] no result for "to play (music); to perform (action)" (奏でる)
[error] HTTP 403 for query "goddess (object)"
[skipped] no result for "goddess (object)" (女神)
[error] HTTP 403 for query "to snuggle up; to stay close (action)"
[skipped] no result for "to snuggle up; to stay close (action)" (寄り添う)
[error] HTTP 403 for query "comfort; atmosphere of a place (object)"
[skipped] no result for "comfort; atmosphere of a place (object)" (居心地)
[error] HTTP 403 for query "development; turn of events (object)"
[skipped] no result for "development; turn of events (object)" (展開)
[error] HTTP 403 for query "to go around; to revolve (action)"
[skipped] no result for "to go around; to revolve (action)" (巡る)
[error] HTTP 403 for query "giant; titan (object)"
[skipped] no result for "giant; titan (object)" (巨人)
[error] HTTP 403 for query "bow and arrow (object)"
[skipped] no result for "bow and arrow (object)" (弓矢)
[error] HTTP 403 for query "smile (object)"
[skipped] no result for "smile (object)" (微笑)
[error] HTTP 403 for query "ambition; aspiration; will (object)"
[skipped] no result for "ambition; aspiration; will (object)" (志)
[error] HTTP 403 for query "clear weather; fine day (object)"
[skipped] no result for "clear weather; fine day (object)" (快晴)
[error] HTTP 403 for query "laughing when remembering something (object)"
[skipped] no result for "laughing when remembering something (object)" (思い出し笑い)
[error] HTTP 403 for query "grudge; resentment (object)"
[skipped] no result for "grudge; resentment (object)" (恨み)
[error] HTTP 403 for query "devil; demon (object)"
[skipped] no result for "devil; demon (object)" (悪魔)
[error] HTTP 403 for query "will; determination (Japanese equivalent of German 'Wille') (object)"
[skipped] no result for "will; determination (Japanese equivalent of German 'Wille') (object)" (意志)
[error] HTTP 403 for query "hatred (Japanese equivalent of German 'Hass') (object)"
[skipped] no result for "hatred (Japanese equivalent of German 'Hass') (object)" (憎しみ)
[error] HTTP 403 for query "results; achievement (object)"
[skipped] no result for "results; achievement (object)" (成果)
[error] HTTP 403 for query "battlefield (object)"
[skipped] no result for "battlefield (object)" (戦場)
[error] HTTP 403 for query "understood; consent (object)"
[skipped] no result for "understood; consent (object)" (承知)
[error] HTTP 403 for query "fist (object)"
[skipped] no result for "fist (object)" (拳)
[error] HTTP 403 for query "to shake off; to break free (action)"
[skipped] no result for "to shake off; to break free (action)" (振り切る)
[error] HTTP 403 for query "to squeeze out; wring out (action)"
[skipped] no result for "to squeeze out; wring out (action)" (振り絞る)
[error] HTTP 403 for query "rule; domination (object)"
[skipped] no result for "rule; domination (object)" (支配)
[error] HTTP 403 for query "to attack, to push aggressively (action)"
[skipped] no result for "to attack, to push aggressively (action)" (攻める)
[error] HTTP 403 for query "defeat (object)"
[skipped] no result for "defeat (object)" (敗北)
[error] HTTP 403 for query "incomplete; unfinished (object)"
[skipped] no result for "incomplete; unfinished (object)" (未完成)
[error] HTTP 403 for query "true feelings; real intention (object)"
[skipped] no result for "true feelings; real intention (object)" (本音)
[error] HTTP 403 for query "fruit; result (object)"
[skipped] no result for "fruit; result (object)" (果実)
[error] HTTP 403 for query "profile; side view of a face (object)"
[skipped] no result for "profile; side view of a face (object)" (横顔)
[error] HTTP 403 for query "desire; greed (object)"
[skipped] no result for "desire; greed (object)" (欲望)
[error] HTTP 403 for query "to warp; to distort (action)"
[skipped] no result for "to warp; to distort (action)" (歪む)
[error] HTTP 403 for query "god of death; grim reaper (object)"
[skipped] no result for "god of death; grim reaper (object)" (死神)
[error] HTTP 403 for query "horizon (object)"
[skipped] no result for "horizon (object)" (水平線)
[error] HTTP 403 for query "eternity; permanence (object)"
[skipped] no result for "eternity; permanence (object)" (永久)
[error] HTTP 403 for query "decision; determination (object)"
[skipped] no result for "decision; determination (object)" (決断)
[error] HTTP 403 for query "law; rule; principle (object)"
[skipped] no result for "law; rule; principle (object)" (法則)
[error] HTTP 403 for query "ocean floor; seabed (object)"
[skipped] no result for "ocean floor; seabed (object)" (海底)
[error] HTTP 403 for query "tearful voice (object)"
[skipped] no result for "tearful voice (object)" (涙声)
[error] HTTP 403 for query "deep breath (object)"
[skipped] no result for "deep breath (object)" (深呼吸)
[error] HTTP 403 for query "to start melting (action)"
[skipped] no result for "to start melting (action)" (溶け出す)
[error] HTTP 403 for query "Mars (object)"
[skipped] no result for "Mars (object)" (火星)
[error] HTTP 403 for query "ash (object)"
[skipped] no result for "ash (object)" (灰)
[error] HTTP 403 for query "countless; innumerable (object)"
[skipped] no result for "countless; innumerable (object)" (無数)
[error] HTTP 403 for query "sacrifice (object)"
[skipped] no result for "sacrifice (object)" (犠���)
[error] HTTP 403 for query "hunter (object)"
[skipped] no result for "hunter (object)" (狩人)
[error] HTTP 403 for query "beast; animal (object)"
[skipped] no result for "beast; animal (object)" (獣)
[error] HTTP 403 for query "prey; quarry; game (object)"
[skipped] no result for "prey; quarry; game (object)" (獲物)
[error] HTTP 403 for query "doubt (object)"
[skipped] no result for "doubt (object)" (疑い)
[error] HTTP 403 for query "awakening (object)"
[skipped] no result for "awakening (object)" (目覚め)
[error] HTTP 403 for query "eyes; pupils (object)"
[skipped] no result for "eyes; pupils (object)" (瞳)
[error] HTTP 403 for query "wisdom; knowledge (object)"
[skipped] no result for "wisdom; knowledge (object)" (知恵)
[error] HTTP 403 for query "destruction (object)"
[skipped] no result for "destruction (object)" (破壊)
[error] HTTP 403 for query "fantasy; daydream (object)"
[skipped] no result for "fantasy; daydream (object)" (空想)
[error] HTTP 403 for query "blank; void (object)"
[skipped] no result for "blank; void (object)" (空白)
[error] HTTP 403 for query "to confront; stand up to (action)"
[skipped] no result for "to confront; stand up to (action)" (立ち向かう)
[error] HTTP 403 for query "purity; innocence (object)"
[skipped] no result for "purity; innocence (object)" (純粋)
[error] HTTP 403 for query "trap (object)"
[skipped] no result for "trap (object)" (罠)
[error] HTTP 403 for query "to flap wings; to take flight (action)"
[skipped] no result for "to flap wings; to take flight (action)" (羽ばたく)
[error] HTTP 403 for query "supporting role; side character (object)"
[skipped] no result for "supporting role; side character (object)" (脇役)
[error] HTTP 403 for query "to dance; to flutter (action)"
[skipped] no result for "to dance; to flutter (action)" (舞う)
[error] HTTP 403 for query "to fade (action)"
[skipped] no result for "to fade (action)" (色褪せる)
[error] HTTP 403 for query "petal (object)"
[skipped] no result for "petal (object)" (花びら)
[error] HTTP 403 for query "bouquet (object)"
[skipped] no result for "bouquet (object)" (花束)
[error] HTTP 403 for query "to sprout; to bud; to emerge (action)"
[skipped] no result for "to sprout; to bud; to emerge (action)" (芽生える)
[error] HTTP 403 for query "hero (object)"
[skipped] no result for "hero (object)" (英雄)
[error] HTTP 403 for query "canola/rapeseed flowers (object)"
[skipped] no result for "canola/rapeseed flowers (object)" (菜の花)
[error] HTTP 403 for query "graffiti; doodle (object)"
[skipped] no result for "graffiti; doodle (object)" (落書き)
[error] HTTP 403 for query "lid; cover (object)"
[skipped] no result for "lid; cover (object)" (蓋)
[error] HTTP 403 for query "resolution; readiness (object)"
[skipped] no result for "resolution; readiness (object)" (覚悟 (kakugo))
[error] HTTP 403 for query "to visit; to arrive; to come (action)"
[skipped] no result for "to visit; to arrive; to come (action)" (訪れる)
[error] HTTP 403 for query "to forgive; to allow (action)"
[skipped] no result for "to forgive; to allow (action)" (許す)
[error] HTTP 403 for query "to vow; to swear (action)"
[skipped] no result for "to vow; to swear (action)" (誓う)
[error] HTTP 403 for query "to pierce through; to persist (action)"
[skipped] no result for "to pierce through; to persist (action)" (貫く)
[error] HTTP 403 for query "to step forward; to take a step (action)"
[skipped] no result for "to step forward; to take a step (action)" (踏み出す)
[error] HTTP 403 for query "orbit; trajectory (object)"
[skipped] no result for "orbit; trajectory (object)" (軌道)
[error] HTTP 403 for query "to reach; to arrive at (action)"
[skipped] no result for "to reach; to arrive at (action)" (辿り着く)
[error] HTTP 403 for query "tailwind; favorable wind (object)"
[skipped] no result for "tailwind; favorable wind (object)" (追い風)
[error] HTTP 403 for query "to be transparent; to be crystal clear (action)"
[skipped] no result for "to be transparent; to be crystal clear (action)" (透き通る)
[error] HTTP 403 for query "advance; attack (object)"
[skipped] no result for "advance; attack (object)" (進撃)
[error] HTTP 403 for query "fate; destiny (object)"
[skipped] no result for "fate; destiny (object)" (運命)
[error] HTTP 403 for query "mistake; error; transgression (object)"
[skipped] no result for "mistake; error; transgression (object)" (過ち)
[error] HTTP 403 for query "detour; roundabout way (object)"
[skipped] no result for "detour; roundabout way (object)" (遠回り)
[error] HTTP 403 for query "concentration (object)"
[skipped] no result for "concentration (object)" (集中)
[error] HTTP 403 for query "quietness; silence (object)"
[skipped] no result for "quietness; silence (object)" (静けさ)
[error] HTTP 403 for query "to take flight; to fly away (action)"
[skipped] no result for "to take flight; to fly away (action)" (飛び立つ)
[error] HTTP 403 for query "heights; high place (object)"
[skipped] no result for "heights; high place (object)" (高み)
[error] HTTP 403 for query "soul; spirit (object)"
[skipped] no result for "soul; spirit (object)" (魂)
[error] HTTP 403 for query "charm, attraction (object)"
[skipped] no result for "charm, attraction (object)" (魅力)
[error] HTTP 403 for query "birdcage (object)"
[skipped] no result for "birdcage (object)" (鳥籠)
[error] HTTP 403 for query "any day; whatever day; someday (object)"
[skipped] no result for "any day; whatever day; someday (object)" (いつの日)
[error] HTTP 403 for query "to wriggle; squirm; stir (creepily) (action)"
[skipped] no result for "to wriggle; squirm; stir (creepily) (action)" (うごめく)
[error] HTTP 403 for query "to hang one's head; look down (action)"
[skipped] no result for "to hang one's head; look down (action)" (うつむく)
[error] HTTP 403 for query "to nod (in agreement) (action)"
[skipped] no result for "to nod (in agreement) (action)" (うなずく)
[error] HTTP 403 for query "ultra (loanword) (object)"
[skipped] no result for "ultra (loanword) (object)" (うるとら)
[error] HTTP 403 for query "to visit; to call on; to arrive (of a season, moment) (action)"
[skipped] no result for "to visit; to call on; to arrive (of a season, moment) (action)" (おとずれる)
[error] HTTP 403 for query "extra, freebie, throw-in (object)"
[skipped] no result for "extra, freebie, throw-in (object)" (おまけ)
[error] HTTP 403 for query "to run through; to dash past (action)"
[skipped] no result for "to run through; to dash past (action)" (かけぬける)
[error] HTTP 403 for query "fragment; piece; shard (object)"
[skipped] no result for "fragment; piece; shard (object)" (かけら)
[error] HTTP 403 for query "lump, mass, cluster (object)"
[skipped] no result for "lump, mass, cluster (object)" (かたまり)
[error] HTTP 403 for query "to tease; to make fun of; to banter (action)"
[skipped] no result for "to tease; to make fun of; to banter (action)" (からかう)
[error] HTTP 403 for query "to entangle; to cling to; to be intertwined (action)"
[skipped] no result for "to entangle; to cling to; to be intertwined (action)" (からむ)
[error] HTTP 403 for query "to dodge; brush off (action)"
[skipped] no result for "to dodge; brush off (action)" (かわす)
[error] HTTP 403 for query "garage (object)"
[skipped] no result for "garage (object)" (がれーじ)
[error] HTTP 403 for query "trigger, opportunity (object)"
[skipped] no result for "trigger, opportunity (object)" (きっかけ)
[error] HTTP 403 for query "fox (object)"
[skipped] no result for "fox (object)" (きつね)
[error] HTTP 403 for query "to pull off; to nail it; to decide (slang) (action)"
[skipped] no result for "to pull off; to nail it; to decide (slang) (action)" (きめる)
[error] HTTP 403 for query "to make shine / sparkle (causative of きらめく) (action)"
[skipped] no result for "to make shine / sparkle (causative of きらめく) (action)" (きらめかせる)
[error] HTTP 403 for query "sparkle; brilliance (object)"
[skipped] no result for "sparkle; brilliance (object)" (きらめき)
[error] HTTP 403 for query "to sparkle; to glitter; to shimmer (action)"
[skipped] no result for "to sparkle; to glitter; to shimmer (action)" (きらめく)
[error] HTTP 403 for query "to duck under; to pass through (action)"
[skipped] no result for "to duck under; to pass through (action)" (くぐる)
[error] HTTP 403 for query "sneeze (object)"
[skipped] no result for "sneeze (object)" (くしゃみ)
[error] HTTP 403 for query "spider (object)"
[skipped] no result for "spider (object)" (くも)
[error] HTTP 403 for query "cricket (sport / insect) (object)"
[skipped] no result for "cricket (sport / insect) (object)" (くりけっと)
[error] HTTP 403 for query "to rub; to scrub (action)"
[skipped] no result for "to rub; to scrub (action)" (こする)
[error] HTTP 403 for query "this world; the present life (object)"
[skipped] no result for "this world; the present life (object)" (この世)
[error] HTTP 403 for query "to spill; to let fall; to let out (a sigh, complaint) (action)"
[skipped] no result for "to spill; to let fall; to let out (a sigh, complaint) (action)" (こぼす)
[error] HTTP 403 for query "to spill; to overflow; to fall (as tears) (action)"
[skipped] no result for "to spill; to overflow; to fall (as tears) (action)" (こぼれる)
[error] HTTP 403 for query "to spill and fall; to trickle down (action)"
[skipped] no result for "to spill and fall; to trickle down (action)" (こぼれ落ちる)
[error] HTTP 403 for query "to put into; to charge with (feeling) (action)"
[skipped] no result for "to put into; to charge with (feeling) (action)" (こめる)
[error] HTTP 403 for query "to endure; to hold back; to suppress (action)"
[skipped] no result for "to endure; to hold back; to suppress (action)" (こらえる)
[error] HTTP 403 for query "compass (loanword) (object)"
[skipped] no result for "compass (loanword) (object)" (こんぱす)
[error] HTTP 403 for query "comma; decimal point (object)"
[skipped] no result for "comma; decimal point (object)" (こんま)
[error] HTTP 403 for query "to deceive; to gloss over; to cover up (action)"
[skipped] no result for "to deceive; to gloss over; to cover up (action)" (ごまかす)
[error] HTTP 403 for query "to wander (action)"
[skipped] no result for "to wander (action)" (さまよう)
[error] HTTP 403 for query "to fail, mess up (action)"
[skipped] no result for "to fail, mess up (action)" (しくじる)
[error] HTTP 403 for query "gesture; mannerism; behaviour (object)"
[skipped] no result for "gesture; mannerism; behaviour (object)" (しぐさ)
[error] HTTP 403 for query "drop; droplet (object)"
[skipped] no result for "drop; droplet (object)" (しずく)
[error] HTTP 403 for query "to go numb; be thrilled (action)"
[skipped] no result for "to go numb; be thrilled (action)" (しびれる)
[error] HTTP 403 for query "to soak in; to permeate; to seep into (action)"
[skipped] no result for "to soak in; to permeate; to seep into (action)" (しみ込む)
[error] HTTP 403 for query "to crouch; to squat (action)"
[skipped] no result for "to crouch; to squat (action)" (しゃがむ)
[error] HTTP 403 for query "to be stylish; to dress smartly; to be witty (action)"
[skipped] no result for "to be stylish; to dress smartly; to be witty (action)" (しゃれる)
[error] HTTP 403 for query "scene (object)"
[skipped] no result for "scene (object)" (しーん)
[error] HTTP 403 for query "Japanese (people/language, from English) (object)"
[skipped] no result for "Japanese (people/language, from English) (object)" (じゃぱにーず)
[error] HTTP 403 for query "to scoop up; to ladle out (action)"
[skipped] no result for "to scoop up; to ladle out (action)" (すくう)
[error] HTTP 403 for query "to slip through (action)"
[skipped] no result for "to slip through (action)" (すり抜ける)
[error] HTTP 403 for query "missing each other; passing by (noun of すれ違う) (object)"
[skipped] no result for "missing each other; passing by (noun of すれ違う) (object)" (すれ違い)
[error] HTTP 403 for query "to pass each other; miss connections (action)"
[skipped] no result for "to pass each other; miss connections (action)" (すれ違う)
[error] HTTP 403 for query "line (of dialogue); spoken words (katakana form) (object)"
[skipped] no result for "line (of dialogue); spoken words (katakana form) (object)" (せりふ)
[error] HTTP 403 for query "considerably; quite (相当 in casual katakana) (object)"
[skipped] no result for "considerably; quite (相当 in casual katakana) (object)" (そうとう)
[error] HTTP 403 for query "to turn away; to avert (eyes, attention) (action)"
[skipped] no result for "to turn away; to avert (eyes, attention) (action)" (そらす)
[error] HTTP 403 for query "to finally arrive; to struggle on to; to reach (action)"
[skipped] no result for "to finally arrive; to struggle on to; to reach (action)" (たどり着く)
[error] HTTP 403 for query "tanuki; raccoon dog (object)"
[skipped] no result for "tanuki; raccoon dog (object)" (たぬき)
[error] HTTP 403 for query "to hesitate; to waver (action)"
[skipped] no result for "to hesitate; to waver (action)" (ためらう)
[error] HTTP 403 for query "to mutter; to murmur; to whisper to oneself (action)"
[skipped] no result for "to mutter; to murmur; to whisper to oneself (action)" (つぶやく)
[error] HTTP 403 for query "to stumble; to trip (action)"
[skipped] no result for "to stumble; to trip (action)" (つまずく)
[error] HTTP 403 for query "tip-toes (object)"
[skipped] no result for "tip-toes (object)" (つま先)
[error] HTTP 403 for query "the very top; summit; peak (object)"
[skipped] no result for "the very top; summit; peak (object)" (てっぺん)
[error] HTTP 403 for query "door; gateway (often 扉) (object)"
[skipped] no result for "door; gateway (often 扉) (object)" (とびら)
[error] HTTP 403 for query "trouble (loanword) (object)"
[skipped] no result for "trouble (loanword) (object)" (とらぶる)
[error] HTTP 403 for query "trombone (object)"
[skipped] no result for "trombone (object)" (とろんぼーん)
[error] HTTP 403 for query "dramatic (loanword) (object)"
[skipped] no result for "dramatic (loanword) (object)" (どらまてぃっく)
[error] HTTP 403 for query "to form; to accomplish; to do (action)"
[skipped] no result for "to form; to accomplish; to do (action)" (なす)
[error] HTTP 403 for query "to trace (a line/memory) (action)"
[skipped] no result for "to trace (a line/memory) (action)" (なぞる)
[error] HTTP 403 for query "to stroke; to pat; to caress (action)"
[skipped] no result for "to stroke; to pat; to caress (action)" (なでる)
[error] HTTP 403 for query "to be bustling; to be crowded; to be lively (action)"
[skipped] no result for "to be bustling; to be crowded; to be lively (action)" (にぎわう)
[error] HTTP 403 for query "to beg; to pester for; to wheedle (action)"
[skipped] no result for "to beg; to pester for; to wheedle (action)" (ねだる)
[error] HTTP 403 for query "neck; bottleneck (object)"
[skipped] no result for "neck; bottleneck (object)" (ねっく)
[error] HTTP 403 for query "to peek; to peep; to look in (action)"
[skipped] no result for "to peek; to peep; to look in (action)" (のぞく)
[error] HTTP 403 for query "mood; vibe; rhythm (colloq.) (object)"
[skipped] no result for "mood; vibe; rhythm (colloq.) (object)" (のり)
[error] HTTP 403 for query "highway; expressway (object)"
[skipped] no result for "highway; expressway (object)" (はいうぇい)
[error] HTTP 403 for query "hug; embrace (object)"
[skipped] no result for "hug; embrace (object)" (はぐ)
[error] HTTP 403 for query "to stray from; to lose sight of (a companion) (action)"
[skipped] no result for "to stray from; to lose sight of (a companion) (action)" (はぐれる)
[error] HTTP 403 for query "to frolic, get rowdy (action)"
[skipped] no result for "to frolic, get rowdy (action)" (はしゃぐ)
[error] HTTP 403 for query "to burst open; to pop; to let loose; to have a blast (action)"
[skipped] no result for "to burst open; to pop; to let loose; to have a blast (action)" (はじける)
[error] HTTP 403 for query "to stick out, overflow (action)"
[skipped] no result for "to stick out, overflow (action)" (はみ出す)
[error] HTTP 403 for query "to spread out (transitive); make extend (here in causative passive) (action)"
[skipped] no result for "to spread out (transitive); make extend (here in causative passive) (action)" (はらす)
[error] HTTP 403 for query "to scatter, distribute widely (action)"
[skipped] no result for "to scatter, distribute widely (action)" (ばら撒く)
[error] HTTP 403 for query "to be found out; to be exposed; to leak out (action)"
[skipped] no result for "to be found out; to be exposed; to leak out (action)" (ばれる)
[error] HTTP 403 for query "pattern (loanword) (object)"
[skipped] no result for "pattern (loanword) (object)" (ぱたーん)
[error] HTTP 403 for query "panic (loanword) (object)"
[skipped] no result for "panic (loanword) (object)" (ぱにっく)
[error] HTTP 403 for query "paradise (loanword) (object)"
[skipped] no result for "paradise (loanword) (object)" (ぱらだいす)
[error] HTTP 403 for query "to turn over; to flip; to overturn (action)"
[skipped] no result for "to turn over; to flip; to overturn (action)" (ひっくり返す)
[error] HTTP 403 for query "a single piece; fragment (object)"
[skipped] no result for "a single piece; fragment (object)" (ひとかけら)
[error] HTTP 403 for query "sunny place; sunshine (object)"
[skipped] no result for "sunny place; sunshine (object)" (ひなた)
[error] HTTP 403 for query "crack; fissure (object)"
[skipped] no result for "crack; fissure (object)" (ひび)
[error] HTTP 403 for query "clown; pierrot (object)"
[skipped] no result for "clown; pierrot (object)" (ぴえろ)
[error] HTTP 403 for query "pitch (musical tone); tempo (object)"
[skipped] no result for "pitch (musical tone); tempo (object)" (ぴっち)
[error] HTTP 403 for query "to joke; to mess around; to fool around (action)"
[skipped] no result for "to joke; to mess around; to fool around (action)" (ふざける)
[error] HTTP 403 for query "to send flying, knock out (action)"
[skipped] no result for "to send flying, knock out (action)" (ぶっ飛ばす)
[error] HTTP 403 for query "navel; belly button (object)"
[skipped] no result for "navel; belly button (object)" (へそ)
[error] HTTP 403 for query "pedal (object)"
[skipped] no result for "pedal (object)" (ぺだる)
[error] HTTP 403 for query "to undo; to untie; to loosen (action)"
[skipped] no result for "to undo; to untie; to loosen (action)" (ほどく)
[error] HTTP 403 for query "to come undone, unravel (action)"
[skipped] no result for "to come undone, unravel (action)" (ほどける)
[error] HTTP 403 for query "fluke, lucky break (object)"
[skipped] no result for "fluke, lucky break (object)" (まぐれ)
[error] HTTP 403 for query "stuffed; full stomach (満腹) — na-adjective (object)"
[skipped] no result for "stuffed; full stomach (満腹) — na-adjective (object)" (まんぷく)
[error] HTTP 403 for query "to regard as; to consider as; to deem (action)"
[skipped] no result for "to regard as; to consider as; to deem (action)" (みなす)
[error] HTTP 403 for query "inconsistency; unevenness (object)"
[skipped] no result for "inconsistency; unevenness (object)" (むら)
[error] HTTP 403 for query "to go around; to cycle; to come around in turn (action)"
[skipped] no result for "to go around; to cycle; to come around in turn (action)" (めぐる)
[error] HTTP 403 for query "gloomy; hazy; feeling vaguely uneasy or troubled (object)"
[skipped] no result for "gloomy; hazy; feeling vaguely uneasy or troubled (object)" (もやもや)
[error] HTTP 403 for query "to mess up, blunder (slang) (action)"
[skipped] no result for "to mess up, blunder (slang) (action)" (やらかす)
[error] HTTP 403 for query "reason; logic; argument (stylized katakana of 理屈) (object)"
[skipped] no result for "reason; logic; argument (stylized katakana of 理屈) (object)" (りくつ)
[error] HTTP 403 for query "route; path (object)"
[skipped] no result for "route; path (object)" (るーと)
[error] HTTP 403 for query "accelerator; gas pedal (object)"
[skipped] no result for "accelerator; gas pedal (object)" (アクセル)
[error] HTTP 403 for query "ego; selfishness (object)"
[skipped] no result for "ego; selfishness (object)" (エゴ)
[error] HTTP 403 for query "episode; anecdote (object)"
[skipped] no result for "episode; anecdote (object)" (エピソード)
[error] HTTP 403 for query "cheer; yell; words of encouragement (object)"
[skipped] no result for "cheer; yell; words of encouragement (object)" (エール)
[error] HTTP 403 for query "count; counting (object)"
[skipped] no result for "count; counting (object)" (カウント)
[error] HTTP 403 for query "spicy; dry-tasting (辛口) — used as a na-adj (object)"
[skipped] no result for "spicy; dry-tasting (辛口) — used as a na-adj (object)" (カラクチ)
[error] HTTP 403 for query "totally empty (slang) (object)"
[skipped] no result for "totally empty (slang) (object)" (ガラ空き)
[error] HTTP 403 for query "bond; tie (絆 in katakana) (object)"
[skipped] no result for "bond; tie (絆 in katakana) (object)" (キズナ)
[error] HTTP 403 for query "miracle (奇跡 in katakana for emphasis) (object)"
[skipped] no result for "miracle (奇跡 in katakana for emphasis) (object)" (キセキ)
[error] HTTP 403 for query "canvas (object)"
[skipped] no result for "canvas (object)" (キャンバス)
[error] HTTP 403 for query "clear; to clear (a stage, hurdle) (object)"
[skipped] no result for "clear; to clear (a stage, hurdle) (object)" (クリア)
[error] HTTP 403 for query "control (object)"
[skipped] no result for "control (object)" (コントロール)
[error] HTTP 403 for query "prime time; golden hour (object)"
[skipped] no result for "prime time; golden hour (object)" (ゴールデンタイム)
[error] HTTP 403 for query "scenario; screenplay (object)"
[skipped] no result for "scenario; screenplay (object)" (シナリオ)
[error] HTTP 403 for query "sign; mark; proof (katakana stylization of 印/証) (object)"
[skipped] no result for "sign; mark; proof (katakana stylization of 印/証) (object)" (シルシ)
[error] HTTP 403 for query "joke (object)"
[skipped] no result for "joke (object)" (ジョーク)
[error] HTTP 403 for query "sense; taste; intuition (object)"
[skipped] no result for "sense; taste; intuition (object)" (センス)
[error] HTTP 403 for query "timing (object)"
[skipped] no result for "timing (object)" (タイミング)
[error] HTTP 403 for query "target (object)"
[skipped] no result for "target (object)" (ターゲット)
[error] HTTP 403 for query "by far the best (object)"
[skipped] no result for "by far the best (object)" (ダントツ)
[error] HTTP 403 for query "thorn, splinter (object)"
[skipped] no result for "thorn, splinter (object)" (トゲ)
[error] HTTP 403 for query "sudden shower, passing rain (object)"
[skipped] no result for "sudden shower, passing rain (object)" (ニワカ雨)
[error] HTTP 403 for query "negative; negativity (object)"
[skipped] no result for "negative; negativity (object)" (ネガティブ)
[error] HTTP 403 for query "mouse-grey (object)"
[skipped] no result for "mouse-grey (object)" (ネズミ色)
[error] HTTP 403 for query "noise; static (object)"
[skipped] no result for "noise; static (object)" (ノイズ)
[error] HTTP 403 for query "absurd chaos, mayhem (object)"
[skipped] no result for "absurd chaos, mayhem (object)" (ハチャメチャ)
[error] HTTP 403 for query "to be hooked / addicted (action)"
[skipped] no result for "to be hooked / addicted (action)" (ハマる)
[error] HTTP 403 for query "to ditch, run off (slang) (action)"
[skipped] no result for "to ditch, run off (slang) (action)" (バックれる)
[error] HTTP 403 for query "palette (object)"
[skipped] no result for "palette (object)" (パレット)
[error] HTTP 403 for query "parade (object)"
[skipped] no result for "parade (object)" (パレード)
[error] HTTP 403 for query "marble (toy) (object)"
[skipped] no result for "marble (toy) (object)" (ビー玉)
[error] HTTP 403 for query "the very best, top of the heap (object)"
[skipped] no result for "the very best, top of the heap (object)" (ピカイチ)
[cached] フェイス → reused URL for "face"
[error] HTTP 403 for query "pride (object)"
[skipped] no result for "pride (object)" (プライド)
[error] HTTP 403 for query "pressure (object)"
[skipped] no result for "pressure (object)" (プレッシャー)
[error] HTTP 403 for query "heavyweight class (object)"
[skipped] no result for "heavyweight class (object)" (ヘヴィー級)
[error] HTTP 403 for query "pace; tempo (object)"
[skipped] no result for "pace; tempo (object)" (ペース)
[error] HTTP 403 for query "poker (card game) (object)"
[skipped] no result for "poker (card game) (object)" (ポーカー)
[error] HTTP 403 for query "minor (music key); minor; obscure (object)"
[skipped] no result for "minor (music key); minor; obscure (object)" (マイナー)
[error] HTTP 403 for query "master; expert (object)"
[skipped] no result for "master; expert (object)" (マスター)
[error] HTTP 403 for query "sewing machine (ミシン目 = perforated line) (object)"
[skipped] no result for "sewing machine (ミシン目 = perforated line) (object)" (ミシン)
[error] HTTP 403 for query "melody (object)"
[skipped] no result for "melody (object)" (メロディー)
[error] HTTP 403 for query "last scene; final scene (object)"
[skipped] no result for "last scene; final scene (object)" (ラストシーン)
[error] HTTP 403 for query "risk (object)"
[skipped] no result for "risk (object)" (リスク)
[error] HTTP 403 for query "limit (object)"
[skipped] no result for "limit (object)" (リミット)
[error] HTTP 403 for query "roll; (here) credit roll (object)"
[skipped] no result for "roll; (here) credit roll (object)" (ロール)
[error] HTTP 403 for query "naughty; mischievous (腕白) — used as a na-adjective (object)"
[skipped] no result for "naughty; mischievous (腕白) — used as a na-adjective (object)" (ワンパク)
[error] HTTP 403 for query "all alone; loneliness (object)"
[skipped] no result for "all alone; loneliness (object)" (一人ぼっち)
[error] HTTP 403 for query "a handful (object)"
[skipped] no result for "a handful (object)" (一掴み)
[error] HTTP 403 for query "a single character; one letter (object)"
[skipped] no result for "a single character; one letter (object)" (一文字)
[error] HTTP 403 for query "single-log bridge; narrow one-plank bridge (object)"
[skipped] no result for "single-log bridge; narrow one-plank bridge (object)" (一本橋)
[error] HTTP 403 for query "the first/brightest star (object)"
[skipped] no result for "the first/brightest star (object)" (一番星)
[error] HTTP 403 for query "a line, boundary (object)"
[skipped] no result for "a line, boundary (object)" (一線)
[error] HTTP 403 for query "rising; ascent; climb (object)"
[skipped] no result for "rising; ascent; climb (object)" (上昇)
[error] HTTP 403 for query "geta (traditional Japanese wooden clogs) (object)"
[skipped] no result for "geta (traditional Japanese wooden clogs) (object)" (下駄)
[error] HTTP 403 for query "end of the century (object)"
[skipped] no result for "end of the century (object)" (世紀末)
[error] HTTP 403 for query "the world, society (judgmental) (object)"
[skipped] no result for "the world, society (judgmental) (object)" (世間)
[error] HTTP 403 for query "ordinary, average (object)"
[skipped] no result for "ordinary, average (object)" (並)
[error] HTTP 403 for query "the middle of a path; halfway (object)"
[skipped] no result for "the middle of a path; halfway (object)" (中道)
[error] HTTP 403 for query "to roll up, wad up (action)"
[skipped] no result for "to roll up, wad up (action)" (丸める)
[error] HTTP 403 for query "assertion, claim (object)"
[skipped] no result for "assertion, claim (object)" (主張)
[error] HTTP 403 for query "to overcome; to get over; to climb over (action)"
[skipped] no result for "to overcome; to get over; to climb over (action)" (乗り越える)
[error] HTTP 403 for query "to board; to get into (a vehicle) (action)"
[skipped] no result for "to board; to get into (a vehicle) (action)" (乗り込む)
[error] HTTP 403 for query "to disturb; to throw into disorder (action)"
[skipped] no result for "to disturb; to throw into disorder (action)" (乱す)
[error] HTTP 403 for query "to become disordered; to be disturbed; to be in chaos (action)"
[skipped] no result for "to become disordered; to be disturbed; to be in chaos (action)" (乱れる)
[error] HTTP 403 for query "to compete; to contend; to fight (action)"
[skipped] no result for "to compete; to contend; to fight (action)" (争う)
[error] HTTP 403 for query "situation / state of affairs (object)"
[skipped] no result for "situation / state of affairs (object)" (事態)
[error] HTTP 403 for query "to exchange (words, glances, promises) (action)"
[skipped] no result for "to exchange (words, glances, promises) (action)" (交わす)
[error] HTTP 403 for query "to intersect; to cross; to associate with (action)"
[skipped] no result for "to intersect; to cross; to associate with (action)" (交わる)
[error] HTTP 403 for query "intersection (object)"
[skipped] no result for "intersection (object)" (交差)
[error] HTTP 403 for query "crowd of people; throng (object)"
[skipped] no result for "crowd of people; throng (object)" (人ごみ)
[error] HTTP 403 for query "humanity, mankind (object)"
[skipped] no result for "humanity, mankind (object)" (人類)
[error] HTTP 403 for query "these days; nowadays (object)"
[skipped] no result for "these days; nowadays (object)" (今時)
[error] HTTP 403 for query "device, mechanism, contrivance (object)"
[skipped] no result for "device, mechanism, contrivance (object)" (仕掛け)
[error] HTTP 403 for query "to set up; to launch; to initiate (action)"
[skipped] no result for "to set up; to launch; to initiate (action)" (仕掛ける)
[error] HTTP 403 for query "mechanism, structure (object)"
[skipped] no result for "mechanism, structure (object)" (仕組み)
[error] HTTP 403 for query "gesture; mannerism; behavior (object)"
[skipped] no result for "gesture; mannerism; behavior (object)" (仕草)
[error] HTTP 403 for query "to train; teach (a trick); prep (action)"
[skipped] no result for "to train; teach (a trick); prep (action)" (仕込む)
[error] HTTP 403 for query "mask (object)"
[skipped] no result for "mask (object)" (仮面)
[error] HTTP 403 for query "to lie face-down, press low (action)"
[skipped] no result for "to lie face-down, press low (action)" (伏せる)
[error] HTTP 403 for query "to settle down; to take up residence (action)"
[skipped] no result for "to settle down; to take up residence (action)" (住みつく)
[error] HTTP 403 for query "to create / produce (action)"
[skipped] no result for "to create / produce (action)" (作り出す)
[error] HTTP 403 for query "to use up; to exhaust (action)"
[skipped] no result for "to use up; to exhaust (action)" (使い切る)
[error] HTTP 403 for query "to compare; to liken; to use as a metaphor (action)"
[skipped] no result for "to compare; to liken; to use as a metaphor (action)" (例える)
[error] HTTP 403 for query "trust (object)"
[skipped] no result for "trust (object)" (信頼)
[error] HTTP 403 for query "correction; revision; amendment (object)"
[skipped] no result for "correction; revision; amendment (object)" (修正)
[error] HTTP 403 for query "prejudice; bias (object)"
[skipped] no result for "prejudice; bias (object)" (偏見)
[error] HTTP 403 for query "coincidence; chance; accident (object)"
[skipped] no result for "coincidence; chance; accident (object)" (偶然)
[error] HTTP 403 for query "to hurt; to injure; to wound (action)"
[skipped] no result for "to hurt; to injure; to wound (action)" (傷付ける)
[error] HTTP 403 for query "as before; as it was; restored (object)"
[skipped] no result for "as before; as it was; restored (object)" (元通り)
[error] HTTP 403 for query "full power; all one's strength; utmost effort (object)"
[skipped] no result for "full power; all one's strength; utmost effort (object)" (全力)
[error] HTTP 403 for query "whole body; entire body (object)"
[skipped] no result for "whole body; entire body (object)" (全身)
[error] HTTP 403 for query "fully open; full throttle (object)"
[skipped] no result for "fully open; full throttle (object)" (全開)
[error] HTTP 403 for query "soldier; troops (object)"
[skipped] no result for "soldier; troops (object)" (兵隊)
[error] HTTP 403 for query "typical example; archetype (object)"
[skipped] no result for "typical example; archetype (object)" (典型)
[error] HTTP 403 for query "reunion; meeting again (object)"
[skipped] no result for "reunion; meeting again (object)" (再会)
[error] HTTP 403 for query "playback; regeneration; revival (object)"
[skipped] no result for "playback; regeneration; revival (object)" (再生)
[error] HTTP 403 for query "to strain, concentrate (a sense) (action)"
[skipped] no result for "to strain, concentrate (a sense) (action)" (凝らす)
[error] HTTP 403 for query "to give it all; to use up completely (action)"
[skipped] no result for "to give it all; to use up completely (action)" (出し切る)
[error] HTTP 403 for query "to share (with each other) (action)"
[skipped] no result for "to share (with each other) (action)" (分かち合う)
[error] HTTP 403 for query "to share (with each other); to divide up (action)"
[skipped] no result for "to share (with each other); to divide up (action)" (分け合う)
[error] HTTP 403 for query "to run out of; to be out of breath (action)"
[skipped] no result for "to run out of; to be out of breath (action)" (切らす)
[error] HTTP 403 for query "to cut out / quarry (action)"
[skipped] no result for "to cut out / quarry (action)" (切り出す)
[error] HTTP 403 for query "to cut off, sever (action)"
[skipped] no result for "to cut off, sever (action)" (切り離す)
[error] HTTP 403 for query "early summer (object)"
[skipped] no result for "early summer (object)" (初夏)
[error] HTTP 403 for query "initial, early stage (object)"
[skipped] no result for "initial, early stage (object)" (初期)
[error] HTTP 403 for query "restriction; limit (object)"
[skipped] no result for "restriction; limit (object)" (制限)
[error] HTTP 403 for query "to get stuck in; to pierce (intransitive) (action)"
[skipped] no result for "to get stuck in; to pierce (intransitive) (action)" (刺さる)
[error] HTTP 403 for query "to pierce; to stab; to sting (action)"
[skipped] no result for "to pierce; to stab; to sting (action)" (刺す)
[error] HTTP 403 for query "stimulation, thrill (object)"
[skipped] no result for "stimulation, thrill (object)" (刺激)
[error] HTTP 403 for query "to carve; to engrave; to etch (action)"
[skipped] no result for "to carve; to engrave; to etch (action)" (刻む)
[error] HTTP 403 for query "to shave off; to cut down; to reduce (action)"
[skipped] no result for "to shave off; to cut down; to reduce (action)" (削る)
[error] HTTP 403 for query "facing forward, positive (object)"
[skipped] no result for "facing forward, positive (object)" (前向き)
[error] HTTP 403 for query "to peel off; come unstuck (action)"
[skipped] no result for "to peel off; come unstuck (action)" (剥がれる)
[error] HTTP 403 for query "to bare (fangs); to peel; to strip (action)"
[skipped] no result for "to bare (fangs); to peel; to strip (action)" (剥く)
[error] HTTP 403 for query "acceleration; speeding up (object)"
[skipped] no result for "acceleration; speeding up (object)" (加速)
[error] HTTP 403 for query "to encourage; cheer up (action)"
[skipped] no result for "to encourage; cheer up (action)" (励ます)
[error] HTTP 403 for query "pardon; forgiveness; give me a break (object)"
[skipped] no result for "pardon; forgiveness; give me a break (object)" (勘弁)
[error] HTTP 403 for query "to win / earn (by fighting) (action)"
[skipped] no result for "to win / earn (by fighting) (action)" (勝ちとる)
[error] HTTP 403 for query "winning or losing (object)"
[skipped] no result for "winning or losing (object)" (勝ち負け)
[error] HTTP 403 for query "winner; victor (object)"
[skipped] no result for "winner; victor (object)" (勝者)
[error] HTTP 403 for query "to wrap up; to envelop (action)"
[skipped] no result for "to wrap up; to envelop (action)" (包み込む)
[error] HTTP 403 for query "to transform; to take on a different form (action)"
[skipped] no result for "to transform; to take on a different form (action)" (化ける)
[error] HTTP 403 for query "monster / shape-shifter (object)"
[skipped] no result for "monster / shape-shifter (object)" (化け物)
[error] HTTP 403 for query "halfway, fragmentary (object)"
[skipped] no result for "halfway, fragmentary (object)" (半端)
[error] HTTP 403 for query "association; society; organization (object)"
[skipped] no result for "association; society; organization (object)" (協会)
[error] HTTP 403 for query "to tell fortunes; to divine; to foretell (action)"
[skipped] no result for "to tell fortunes; to divine; to foretell (action)" (占う)
[error] HTTP 403 for query "to mark / inscribe (action)"
[skipped] no result for "to mark / inscribe (action)" (印す)
[error] HTTP 403 for query "to leave; to go away; (as suffix) completely (action)"
[skipped] no result for "to leave; to go away; (as suffix) completely (action)" (去る)
[error] HTTP 403 for query "foul, rule violation (object)"
[skipped] no result for "foul, rule violation (object)" (反則)
[error] HTTP 403 for query "reflection (light) (object)"
[skipped] no result for "reflection (light) (object)" (反射)
[error] HTTP 403 for query "resistance; rebellion; defiance (object)"
[skipped] no result for "resistance; rebellion; defiance (object)" (反抗)
[error] HTTP 403 for query "counterattack; counteroffensive (object)"
[skipped] no result for "counterattack; counteroffensive (object)" (反撃)
[error] HTTP 403 for query "to take away, take up (topic) (action)"
[skipped] no result for "to take away, take up (topic) (action)" (取り上げる)
[error] HTTP 403 for query "to leave behind; to leave out (action)"
[skipped] no result for "to leave behind; to leave out (action)" (取り残す)
[error] HTTP 403 for query "to accept; to catch; to take in (action)"
[skipped] no result for "to accept; to catch; to take in (action)" (受け止める)
[error] HTTP 403 for query "excuse, pretext (object)"
[skipped] no result for "excuse, pretext (object)" (口実)
[error] HTTP 403 for query "favorite phrase; verbal habit; pet saying (object)"
[skipped] no result for "favorite phrase; verbal habit; pet saying (object)" (口癖)
[error] HTTP 403 for query "shout; cry; scream (object)"
[skipped] no result for "shout; cry; scream (object)" (叫び)
[error] HTTP 403 for query "words; lines (of an actor); speech (object)"
[skipped] no result for "words; lines (of an actor); speech (object)" (台詞)
[error] HTTP 403 for query "interval; free moment between tasks (object)"
[skipped] no result for "interval; free moment between tasks (object)" (合間)
[error] HTTP 403 for query "fellow; comrade; (suffix) people of the same kind (object)"
[skipped] no result for "fellow; comrade; (suffix) people of the same kind (object)" (同士)
[error] HTTP 403 for query "to name; to give a name to (action)"
[skipped] no result for "to name; to give a name to (action)" (名付ける)
[error] HTTP 403 for query "to spit out; to let out; to vent (action)"
[skipped] no result for "to spit out; to let out; to vent (action)" (吐き出す)
[error] HTTP 403 for query "to tell (a lie); to utter; to breathe out (action)"
[skipped] no result for "to tell (a lie); to utter; to breathe out (action)" (吐く)
[error] HTTP 403 for query "to face each other; to sit face-to-face (action)"
[skipped] no result for "to face each other; to sit face-to-face (action)" (向かい合う)
[error] HTTP 403 for query "to bark; to roar; to howl (action)"
[skipped] no result for "to bark; to roar; to howl (action)" (吠える)
[error] HTTP 403 for query "to breathe in; to inhale; to suck in (action)"
[skipped] no result for "to breathe in; to inhale; to suck in (action)" (吸い込む)
[error] HTTP 403 for query "to blow away; to dispel (action)"
[skipped] no result for "to blow away; to dispel (action)" (吹き飛ばす)
[error] HTTP 403 for query "to be blown away; to be sent flying (action)"
[skipped] no result for "to be blown away; to be sent flying (action)" (吹き飛ぶ)
[error] HTTP 403 for query "snowstorm; blizzard (object)"
[skipped] no result for "snowstorm; blizzard (object)" (吹雪)
[error] HTTP 403 for query "to roar; to bark; to howl (action)"
[skipped] no result for "to roar; to bark; to howl (action)" (吼える)
[error] HTTP 403 for query "to be amazed; to be dumbfounded; to be fed up (action)"
[skipped] no result for "to be amazed; to be dumbfounded; to be fed up (action)" (呆れる)
[error] HTTP 403 for query "to tell; to announce; to inform (action)"
[skipped] no result for "to tell; to announce; to inform (action)" (告げる)
[error] HTTP 403 for query "(romantic) confession (object)"
[skipped] no result for "(romantic) confession (object)" (告白)
[error] HTTP 403 for query "to swallow up, engulf (action)"
[skipped] no result for "to swallow up, engulf (action)" (呑み込む)
[error] HTTP 403 for query "to swallow; to gulp down; to engulf (action)"
[skipped] no result for "to swallow; to gulp down; to engulf (action)" (呑む)
[error] HTTP 403 for query "curse (object)"
[skipped] no result for "curse (object)" (呪い)
[error] HTTP 403 for query "to call out to (action)"
[skipped] no result for "to call out to (action)" (呼びかける)
[error] HTTP 403 for query "song; ballad (traditional variant of 歌) (object)"
[skipped] no result for "song; ballad (traditional variant of 歌) (object)" (唄)
[error] HTTP 403 for query "to sing (variant of 歌う, often for traditional ballads) (action)"
[skipped] no result for "to sing (variant of 歌う, often for traditional ballads) (action)" (唄う)
[error] HTTP 403 for query "lip (object)"
[skipped] no result for "lip (object)" (唇)
[error] HTTP 403 for query "saliva; spit (object)"
[skipped] no result for "saliva; spit (object)" (唾)
[error] HTTP 403 for query "to ask; to question; to pose a question (action)"
[skipped] no result for "to ask; to question; to pose a question (action)" (問いかける)
[error] HTTP 403 for query "to question, inquire (action)"
[skipped] no result for "to question, inquire (action)" (問う)
[error] HTTP 403 for query "good; virtue; goodness (object)"
[skipped] no result for "good; virtue; goodness (object)" (善)
[error] HTTP 403 for query "to make (someone) happy (action)"
[skipped] no result for "to make (someone) happy (action)" (喜ばす)
[error] HTTP 403 for query "to smell; to sniff (action)"
[skipped] no result for "to smell; to sniff (action)" (嗅ぐ)
[error] HTTP 403 for query "to mesh, lock together (action)"
[skipped] no result for "to mesh, lock together (action)" (噛み合う)
[error] HTTP 403 for query "state; nation; country (object)"
[skipped] no result for "state; nation; country (object)" (国家)
[error] HTTP 403 for query "ground; on the earth; above ground (object)"
[skipped] no result for "ground; on the earth; above ground (object)" (地上)
[error] HTTP 403 for query "horizon (where land meets sky) (object)"
[skipped] no result for "horizon (where land meets sky) (object)" (地平線)
[error] HTTP 403 for query "slope; hill road (object)"
[skipped] no result for "slope; hill road (object)" (坂道)
[error] HTTP 403 for query "to be buried; to be covered; to be hidden away (action)"
[skipped] no result for "to be buried; to be covered; to be hidden away (action)" (埋もれる)
[error] HTTP 403 for query "to fall (morally); to be degraded (dramatic variant of 落ちる) (action)"
[skipped] no result for "to fall (morally); to be degraded (dramatic variant of 落ちる) (action)" (堕ちる)
[error] HTTP 403 for query "to endure / hold back (action)"
[skipped] no result for "to endure / hold back (action)" (堪える)
[error] HTTP 403 for query "to endure; hold back (action)"
[skipped] no result for "to endure; hold back (action)" (堪える)
[error] HTTP 403 for query "to block, cover (action)"
[skipped] no result for "to block, cover (action)" (塞ぐ)
[error] HTTP 403 for query "to fall; to plummet (dramatic variant of 落ちる) (action)"
[skipped] no result for "to fall; to plummet (dramatic variant of 落ちる) (action)" (墜ちる)
[error] HTTP 403 for query "to sell off / sell out (action)"
[skipped] no result for "to sell off / sell out (action)" (売り渡す)
[error] HTTP 403 for query "shapeshifter (Buddhist reading) (object)"
[skipped] no result for "shapeshifter (Buddhist reading) (object)" (変化)
[error] HTTP 403 for query "evening; dusk (object)"
[skipped] no result for "evening; dusk (object)" (夕)
[error] HTTP 403 for query "miss; off the mark; a dud (object)"
[skipped] no result for "miss; off the mark; a dud (object)" (外れ)
[error] HTTP 403 for query "to dream of; to dream about (action)"
[skipped] no result for "to dream of; to dream about (action)" (夢みる)
[error] HTTP 403 for query "to snatch away; to take by force; to rob (action)"
[skipped] no result for "to snatch away; to take by force; to rob (action)" (奪う)
[error] HTTP 403 for query "curiosity (object)"
[skipped] no result for "curiosity (object)" (好奇心)
[error] HTTP 403 for query "yokai, supernatural creature (object)"
[skipped] no result for "yokai, supernatural creature (object)" (妖怪)
[error] HTTP 403 for query "academic record (object)"
[skipped] no result for "academic record (object)" (学歴)
[error] HTTP 403 for query "universe; outer space; cosmos (object)"
[skipped] no result for "universe; outer space; cosmos (object)" (宇宙)
[error] HTTP 403 for query "completion / done (object)"
[skipped] no result for "completion / done (object)" (完了)
[error] HTTP 403 for query "to decide; to establish; to fix (one's aim) (action)"
[skipped] no result for "to decide; to establish; to fix (one's aim) (action)" (定める)
[error] HTTP 403 for query "treasure island (object)"
[skipped] no result for "treasure island (object)" (宝島)
[error] HTTP 403 for query "jewel, gem (object)"
[skipped] no result for "jewel, gem (object)" (宝石)
[error] HTTP 403 for query "to bear fruit, ripen (action)"
[skipped] no result for "to bear fruit, ripen (action)" (実る)
[error] HTTP 403 for query "execution; carrying out; putting into practice (object)"
[skipped] no result for "execution; carrying out; putting into practice (object)" (実行)
[error] HTTP 403 for query "to bring near; to draw close; to gather (action)"
[skipped] no result for "to bring near; to draw close; to gather (action)" (寄せる)
[error] HTTP 403 for query "stopping off on the way; side trip (object)"
[skipped] no result for "stopping off on the way; side trip (object)" (寄り道)
[error] HTTP 403 for query "just before, on the verge of (object)"
[skipped] no result for "just before, on the verge of (object)" (寸前)
[error] HTTP 403 for query "to shine (of light); to stream in (action)"
[skipped] no result for "to shine (of light); to stream in (action)" (射す)
[error] HTTP 403 for query "to shoot (an arrow); to pierce (with a gaze) (action)"
[skipped] no result for "to shoot (an arrow); to pierce (with a gaze) (action)" (射る)
[error] HTTP 403 for query "to guide; to lead; to show the way (action)"
[skipped] no result for "to guide; to lead; to show the way (action)" (導く)
[error] HTTP 403 for query "minority; small number (object)"
[skipped] no result for "minority; small number (object)" (少数)
[error] HTTP 403 for query "to run out; to be exhausted (action)"
[skipped] no result for "to run out; to be exhausted (action)" (尽きる)
[error] HTTP 403 for query "to exhaust / do to the limit (action)"
[skipped] no result for "to exhaust / do to the limit (action)" (尽くす)
[error] HTTP 403 for query "place where one belongs; whereabouts (object)"
[skipped] no result for "place where one belongs; whereabouts (object)" (居場所)
[error] HTTP 403 for query "piled high; mountains of (object)"
[skipped] no result for "piled high; mountains of (object)" (山積み)
[error] HTTP 403 for query "cliff (object)"
[skipped] no result for "cliff (object)" (崖)
[error] HTTP 403 for query "circulation; going around; pilgrimage (object)"
[skipped] no result for "circulation; going around; pilgrimage (object)" (巡り)
[error] HTTP 403 for query "to meet by chance/fate (action)"
[skipped] no result for "to meet by chance/fate (action)" (巡りあう)
[error] HTTP 403 for query "fated encounter (object)"
[skipped] no result for "fated encounter (object)" (巡り合い)
[error] HTTP 403 for query "to hold out; to offer; to extend (action)"
[skipped] no result for "to hold out; to offer; to extend (action)" (差し出す)
[error] HTTP 403 for query "to shine in; to insert; to plug in (action)"
[skipped] no result for "to shine in; to insert; to plug in (action)" (差し込む)
[error] HTTP 403 for query "to shine (of light); to hold up (an umbrella) (action)"
[skipped] no result for "to shine (of light); to hold up (an umbrella) (action)" (差す)
[error] HTTP 403 for query "to roll up; to whirl up (dust, etc.) (action)"
[skipped] no result for "to roll up; to whirl up (dust, etc.) (action)" (巻き上げる)
[error] HTTP 403 for query "to involve; to drag in; to engulf (action)"
[skipped] no result for "to involve; to drag in; to engulf (action)" (巻き込む)
[error] HTTP 403 for query "common sense; common knowledge (object)"
[skipped] no result for "common sense; common knowledge (object)" (常識)
[error] HTTP 403 for query "curtain (theatre) (object)"
[skipped] no result for "curtain (theatre) (object)" (幕)
[error] HTTP 403 for query "parallel lines (idiom: deadlock) (object)"
[skipped] no result for "parallel lines (idiom: deadlock) (object)" (平行線)
[error] HTTP 403 for query "New Year's card (object)"
[skipped] no result for "New Year's card (object)" (年賀状)
[error] HTTP 403 for query "to protect; to shield; to cover for (action)"
[skipped] no result for "to protect; to shield; to cover for (action)" (庇う)
[error] HTTP 403 for query "to sit down (and stay) (action)"
[skipped] no result for "to sit down (and stay) (action)" (座り込む)
[error] HTTP 403 for query "to revolve; to go around (variant of 巡る) (action)"
[skipped] no result for "to revolve; to go around (variant of 巡る) (action)" (廻る)
[error] HTTP 403 for query "to drag along; to pull; to linger on (action)"
[skipped] no result for "to drag along; to pull; to linger on (action)" (引きずる)
[error] HTTP 403 for query "to hold back; keep (someone) from leaving (action)"
[skipped] no result for "to hold back; keep (someone) from leaving (action)" (引きとめる)
[error] HTTP 403 for query "to draw near; to pull close (action)"
[skipped] no result for "to draw near; to pull close (action)" (引き寄せる)
[error] HTTP 403 for query "exchange (object)"
[skipped] no result for "exchange (object)" (引き換え)
[error] HTTP 403 for query "to exchange; to trade in for (action)"
[skipped] no result for "to exchange; to trade in for (action)" (引き換える)
[error] HTTP 403 for query "to drag along; to carry over (feelings, past) (action)"
[skipped] no result for "to drag along; to carry over (feelings, past) (action)" (引き摺る)
[error] HTTP 403 for query "turning back (noun form of 引き返す) (object)"
[skipped] no result for "turning back (noun form of 引き返す) (object)" (引き返し)
[error] HTTP 403 for query "to turn back; to return the way one came (action)"
[skipped] no result for "to turn back; to return the way one came (action)" (引き返す)
[error] HTTP 403 for query "trigger (of a gun); trigger (cause) (object)"
[skipped] no result for "trigger (of a gun); trigger (cause) (object)" (引き金)
[error] HTTP 403 for query "coward; weakling (object)"
[skipped] no result for "coward; weakling (object)" (弱虫)
[error] HTTP 403 for query "to vie, compete with (action)"
[skipped] no result for "to vie, compete with (action)" (張り合う)
[error] HTTP 403 for query "bullet; projectile (object)"
[skipped] no result for "bullet; projectile (object)" (弾)
[error] HTTP 403 for query "to flick, repel (action)"
[skipped] no result for "to flick, repel (action)" (弾く)
[error] HTTP 403 for query "to burst open; to pop; to split (action)"
[skipped] no result for "to burst open; to pop; to split (action)" (弾ける)
[error] HTTP 403 for query "aim; goal; expectation; destination (object)"
[skipped] no result for "aim; goal; expectation; destination (object)" (当て)
[error] HTTP 403 for query "to go; to proceed (literary variant of 行く) (action)"
[skipped] no result for "to go; to proceed (literary variant of 行く) (action)" (往く)
[error] HTTP 403 for query "figure seen from behind; back view (object)"
[skipped] no result for "figure seen from behind; back view (object)" (後ろ姿)
[error] HTTP 403 for query "before and after; consequences (object)"
[skipped] no result for "before and after; consequences (object)" (後先)
[error] HTTP 403 for query "to obtain; to gain; to acquire (action)"
[skipped] no result for "to obtain; to gain; to acquire (action)" (得る)
[error] HTTP 403 for query "slight fever; low-grade fever (object)"
[skipped] no result for "slight fever; low-grade fever (object)" (微熱)
[error] HTTP 403 for query "to smile (action)"
[skipped] no result for "to smile (action)" (微笑む)
[error] HTTP 403 for query "response / reply (technical) (object)"
[skipped] no result for "response / reply (technical) (object)" (応答)
[error] HTTP 403 for query "to anger someone; to make angry (action)"
[skipped] no result for "to anger someone; to make angry (action)" (怒らす)
[error] HTTP 403 for query "anger; rage; wrath (object)"
[skipped] no result for "anger; rage; wrath (object)" (怒り)
[error] HTTP 403 for query "consideration / compassion (object)"
[skipped] no result for "consideration / compassion (object)" (思いやり)
[error] HTTP 403 for query "to convince oneself; firmly believe (often wrongly) (action)"
[skipped] no result for "to convince oneself; firmly believe (often wrongly) (action)" (思い込む)
[error] HTTP 403 for query "as one wishes; as planned (object)"
[skipped] no result for "as one wishes; as planned (object)" (思い通り)
[error] HTTP 403 for query "to rush, hurry (action)"
[skipped] no result for "to rush, hurry (action)" (急く)
[error] HTTP 403 for query "feelings of love (object)"
[skipped] no result for "feelings of love (object)" (恋心)
[error] HTTP 403 for query "fear; dread; apprehension (object)"
[skipped] no result for "fear; dread; apprehension (object)" (恐れ)
[error] HTTP 403 for query "dinosaur (object)"
[skipped] no result for "dinosaur (object)" (恐竜)
[error] HTTP 403 for query "to be ashamed; to feel shame (action)"
[skipped] no result for "to be ashamed; to feel shame (action)" (恥じる)
[error] HTTP 403 for query "to resent; to hold a grudge against (action)"
[skipped] no result for "to resent; to hold a grudge against (action)" (恨む)
[error] HTTP 403 for query "to be blessed (with) (action)"
[skipped] no result for "to be blessed (with) (action)" (恵まれる)
[error] HTTP 403 for query "to torment / trouble (action)"
[skipped] no result for "to torment / trouble (action)" (悩ます)
[error] HTTP 403 for query "evil; wickedness; bad (object)"
[skipped] no result for "evil; wickedness; bad (object)" (悪)
[error] HTTP 403 for query "bad person; villain; evildoer (object)"
[skipped] no result for "bad person; villain; evildoer (object)" (悪人)
[error] HTTP 403 for query "mischief; prank; mischievous (object)"
[skipped] no result for "mischief; prank; mischievous (object)" (悪戯)
[error] HTTP 403 for query "supposition; assumption (object)"
[skipped] no result for "supposition; assumption (object)" (想定)
[error] HTTP 403 for query "stubbornness, pride (object)"
[skipped] no result for "stubbornness, pride (object)" (意地)
[error] HTTP 403 for query "intention; will; purpose (object)"
[skipped] no result for "intention; will; purpose (object)" (意思)
[error] HTTP 403 for query "civility; charm; affability (object)"
[skipped] no result for "civility; charm; affability (object)" (愛想)
[error] HTTP 403 for query "sense; feeling; sensation (object)"
[skipped] no result for "sense; feeling; sensation (object)" (感覚)
[error] HTTP 403 for query "comfort; consolation (object)"
[skipped] no result for "comfort; consolation (object)" (慰め)
[error] HTTP 403 for query "to hate; to detest (action)"
[skipped] no result for "to hate; to detest (action)" (憎む)
[error] HTTP 403 for query "we (formal) (object)"
[skipped] no result for "we (formal) (object)" (我々)
[error] HTTP 403 for query "warrior (object)"
[skipped] no result for "warrior (object)" (戦士)
[error] HTTP 403 for query "bewilderment; confusion; hesitation (object)"
[skipped] no result for "bewilderment; confusion; hesitation (object)" (戸惑い)
[error] HTTP 403 for query "to be confused; to be bewildered; to be at a loss (action)"
[skipped] no result for "to be confused; to be bewildered; to be at a loss (action)" (戸惑う)
[error] HTTP 403 for query "at hand; on hand; within reach (object)"
[skipped] no result for "at hand; on hand; within reach (object)" (手元)
[error] HTTP 403 for query "to let go of; to part with; to release (action)"
[skipped] no result for "to let go of; to part with; to release (action)" (手放す)
[error] HTTP 403 for query "to devote oneself to; to throw oneself into (action)"
[skipped] no result for "to devote oneself to; to throw oneself into (action)" (打ち込む)
[error] HTTP 403 for query "to hold back; to suppress; to restrain (action)"
[skipped] no result for "to hold back; to suppress; to restrain (action)" (抑える)
[error] HTTP 403 for query "to throw away; give up; abandon (action)"
[skipped] no result for "to throw away; give up; abandon (action)" (投げ出す)
[error] HTTP 403 for query "to throw away; to fling away; to cast aside (action)"
[skipped] no result for "to throw away; to fling away; to cast aside (action)" (投げ捨てる)
[error] HTTP 403 for query "to overtake / pass (action)"
[skipped] no result for "to overtake / pass (action)" (抜かす)
[error] HTTP 403 for query "to slip out; to escape; to break free (action)"
[skipped] no result for "to slip out; to escape; to break free (action)" (抜け出す)
[error] HTTP 403 for query "to embrace each other (action)"
[skipped] no result for "to embrace each other (action)" (抱きしめ合う)
[error] HTTP 403 for query "to hug tightly; to embrace (action)"
[skipped] no result for "to hug tightly; to embrace (action)" (抱き締める)
[error] HTTP 403 for query "to hold; to embrace; to harbor (feelings) (action)"
[skipped] no result for "to hold; to embrace; to harbor (feelings) (action)" (抱く)
[error] HTTP 403 for query "to force on, impose (action)"
[skipped] no result for "to force on, impose (action)" (押し付ける)
[error] HTTP 403 for query "to surge; to rush upon; to advance on (action)"
[skipped] no result for "to surge; to rush upon; to advance on (action)" (押し寄せる)
[error] HTTP 403 for query "to wash away, sweep away (action)"
[skipped] no result for "to wash away, sweep away (action)" (押し流す)
[error] HTTP 403 for query "to shoulder / bear (action)"
[skipped] no result for "to shoulder / bear (action)" (担う)
[error] HTTP 403 for query "to bring together; to contribute (each one bringing something) (action)"
[skipped] no result for "to bring together; to contribute (each one bringing something) (action)" (持ち寄る)
[error] HTTP 403 for query "fingertip (object)"
[skipped] no result for "fingertip (object)" (指先)
[error] HTTP 403 for query "to point at (action)"
[skipped] no result for "to point at (action)" (指差す)
[error] HTTP 403 for query "challenger (object)"
[skipped] no result for "challenger (object)" (挑戦者)
[error] HTTP 403 for query "to raise / swing up (a fist, a sword) (action)"
[skipped] no result for "to raise / swing up (a fist, a sword) (action)" (振り上げる)
[error] HTTP 403 for query "to swing around; jerk around; manipulate (action)"
[skipped] no result for "to swing around; jerk around; manipulate (action)" (振り回す)
[error] HTTP 403 for query "vibration (object)"
[skipped] no result for "vibration (object)" (振動)
[error] HTTP 403 for query "to catch; to grasp; to capture (action)"
[skipped] no result for "to catch; to grasp; to capture (action)" (捉える)
[error] HTTP 403 for query "to be caught; to be bound by; to be obsessed with (action)"
[skipped] no result for "to be caught; to be bound by; to be obsessed with (action)" (捕らわれる)
[error] HTTP 403 for query "to twist; wring (action)"
[skipped] no result for "to twist; wring (action)" (捻る)
[error] HTTP 403 for query "to track down; find by searching (探す + 出す) (action)"
[skipped] no result for "to track down; find by searching (探す + 出す) (action)" (探し出す)
[error] HTTP 403 for query "to search for; to feel out; to probe (action)"
[skipped] no result for "to search for; to feel out; to probe (action)" (探る)
[error] HTTP 403 for query "to scoop up; to ladle out (action)"
[skipped] no result for "to scoop up; to ladle out (action)" (掬う)
[error] HTTP 403 for query "to seize (firmly) (action)"
[skipped] no result for "to seize (firmly) (action)" (掴み取る)
[error] HTTP 403 for query "to scratch; to rake (action)"
[skipped] no result for "to scratch; to rake (action)" (掻く)
[error] HTTP 403 for query "to depict / draw out (action)"
[skipped] no result for "to depict / draw out (action)" (描き出す)
[error] HTTP 403 for query "to grasp tightly; to clench (action)"
[skipped] no result for "to grasp tightly; to clench (action)" (握りしめる)
[error] HTTP 403 for query "to grasp tightly; to clench (action)"
[skipped] no result for "to grasp tightly; to clench (action)" (握り締める)
[error] HTTP 403 for query "to shake, sway (action)"
[skipped] no result for "to shake, sway (action)" (揺さぶる)
[error] HTTP 403 for query "to shake; to sway; to rock (action)"
[skipped] no result for "to shake; to sway; to rock (action)" (揺らす)
[error] HTTP 403 for query "to shoot; to fire (a gun) (action)"
[skipped] no result for "to shoot; to fire (a gun) (action)" (撃つ)
[error] HTTP 403 for query "to stroke; to caress; to brush gently (action)"
[skipped] no result for "to stroke; to caress; to brush gently (action)" (撫でる)
[error] HTTP 403 for query "to support; to hold up (action)"
[skipped] no result for "to support; to hold up (action)" (支える)
[error] HTTP 403 for query "reform; reorganization (object)"
[skipped] no result for "reform; reorganization (object)" (改革)
[error] HTTP 403 for query "to release; to fire; to let loose (action)"
[skipped] no result for "to release; to fire; to let loose (action)" (放つ)
[error] HTTP 403 for query "to toss; to throw; to fling (action)"
[skipped] no result for "to toss; to throw; to fling (action)" (放る)
[error] HTTP 403 for query "to break loose; to be set free; to let fly (action)"
[skipped] no result for "to break loose; to be set free; to let fly (action)" (放れる)
[error] HTTP 403 for query "salvation; help; relief (object)"
[skipped] no result for "salvation; help; relief (object)" (救い)
[error] HTTP 403 for query "to rescue / pull out (action)"
[skipped] no result for "to rescue / pull out (action)" (救い出す)
[error] HTTP 403 for query "utterly; disastrously; a wretched mess (object)"
[skipped] no result for "utterly; disastrously; a wretched mess (object)" (散々)
[error] HTTP 403 for query "to scatter around; to make a mess (action)"
[skipped] no result for "to scatter around; to make a mess (action)" (散らかす)
[error] HTTP 403 for query "to scatter; to disperse (action)"
[skipped] no result for "to scatter; to disperse (action)" (散らす)
[error] HTTP 403 for query "to be scattered; to be dispersed (action)"
[skipped] no result for "to be scattered; to be dispersed (action)" (散らばる)
[error] HTTP 403 for query "to be a match for (with neg) (action)"
[skipped] no result for "to be a match for (with neg) (action)" (敵う)
[error] HTTP 403 for query "civilization (object)"
[skipped] no result for "civilization (object)" (文明)
[error] HTTP 403 for query "humanities; liberal arts (student/track) (object)"
[skipped] no result for "humanities; liberal arts (student/track) (object)" (文系)
[error] HTTP 403 for query "to sever; to cut off; to abstain from (action)"
[skipped] no result for "to sever; to cut off; to abstain from (action)" (断つ)
[error] HTTP 403 for query "departure, setting out (object)"
[skipped] no result for "departure, setting out (object)" (旅立ち)
[error] HTTP 403 for query "the light of day, public eye (object)"
[skipped] no result for "the light of day, public eye (object)" (日の目)
[error] HTTP 403 for query "sunlight, sunbeam (object)"
[skipped] no result for "sunlight, sunbeam (object)" (日射し)
[error] HTTP 403 for query "daily special; changing day by day (object)"
[skipped] no result for "daily special; changing day by day (object)" (日替わり)
[error] HTTP 403 for query "shade; the shadowed side (object)"
[skipped] no result for "shade; the shadowed side (object)" (日陰)
[error] HTTP 403 for query "horoscope (object)"
[skipped] no result for "horoscope (object)" (星占い)
[error] HTTP 403 for query "constellation (object)"
[skipped] no result for "constellation (object)" (星座)
[error] HTTP 403 for query "starry sky (object)"
[skipped] no result for "starry sky (object)" (星空)
[error] HTTP 403 for query "to project; cast onto (a screen, a surface) (action)"
[skipped] no result for "to project; cast onto (a screen, a surface) (action)" (映し出す)
[error] HTTP 403 for query "spring breeze (object)"
[skipped] no result for "spring breeze (object)" (春風)
[error] HTTP 403 for query "last night (object)"
[skipped] no result for "last night (object)" (昨夜)
[error] HTTP 403 for query "to clear away (clouds, doubt) (action)"
[skipped] no result for "to clear away (clouds, doubt) (action)" (晴らす)
[error] HTTP 403 for query "to rage / go wild (action)"
[skipped] no result for "to rage / go wild (action)" (暴れる)
[error] HTTP 403 for query "to bend; to distort; to compromise (principles) (action)"
[skipped] no result for "to bend; to distort; to compromise (principles) (action)" (曲げる)
[error] HTTP 403 for query "to rewrite; to overwrite; to renew (action)"
[skipped] no result for "to rewrite; to overwrite; to renew (action)" (書き換える)
[error] HTTP 403 for query "the strongest (object)"
[skipped] no result for "the strongest (object)" (最強)
[error] HTTP 403 for query "last moment / dying breath (object)"
[skipped] no result for "last moment / dying breath (object)" (最期)
[error] HTTP 403 for query "final; last (object)"
[skipped] no result for "final; last (object)" (最終)
[error] HTTP 403 for query "moonlit night (object)"
[skipped] no result for "moonlit night (object)" (月夜)
[error] HTTP 403 for query "months and days, time (object)"
[skipped] no result for "months and days, time (object)" (月日)
[error] HTTP 403 for query "moonlight (object)"
[skipped] no result for "moonlight (object)" (月明かり)
[error] HTTP 403 for query "wish; hope; desire (object)"
[skipped] no result for "wish; hope; desire (object)" (望み)
[error] HTTP 403 for query "to wish for; to hope for; to desire (action)"
[skipped] no result for "to wish for; to hope for; to desire (action)" (望む)
[error] HTTP 403 for query "nut; berry; fruit of a tree (object)"
[skipped] no result for "nut; berry; fruit of a tree (object)" (木の実)
[error] HTTP 403 for query "unknown; uncharted (object)"
[skipped] no result for "unknown; uncharted (object)" (未知)
[error] HTTP 403 for query "instinct (object)"
[skipped] no result for "instinct (object)" (本能)
[error] HTTP 403 for query "bundle (object)"
[skipped] no result for "bundle (object)" (束)
[error] HTTP 403 for query "to fulfill; to carry out; to accomplish (action)"
[skipped] no result for "to fulfill; to carry out; to accomplish (action)" (果たす)
[error] HTTP 403 for query "frame; mold; fixed pattern (object)"
[skipped] no result for "frame; mold; fixed pattern (object)" (枠)
[error] HTTP 403 for query "to be built across; to span (a bridge, rainbow) (action)"
[skipped] no result for "to be built across; to span (a bridge, rainbow) (action)" (架かる)
[error] HTTP 403 for query "to build across; span (action)"
[skipped] no result for "to build across; span (action)" (架ける)
[error] HTTP 403 for query "to be dyed; to be tinged with (action)"
[skipped] no result for "to be dyed; to be tinged with (action)" (染まる)
[error] HTTP 403 for query "to dye; to tint; to color (action)"
[skipped] no result for "to dye; to tint; to color (action)" (染める)
[error] HTTP 403 for query "to be dyed; to be tinged (poetic variant of 染まる) (action)"
[skipped] no result for "to be dyed; to be tinged (poetic variant of 染まる) (action)" (染る)
[error] HTTP 403 for query "pillar; column; post (object)"
[skipped] no result for "pillar; column; post (object)" (柱)
[error] HTTP 403 for query "willow (tree) (object)"
[skipped] no result for "willow (tree) (object)" (柳)
[error] HTTP 403 for query "root (object)"
[skipped] no result for "root (object)" (根)
[error] HTTP 403 for query "guts; willpower; spirit (object)"
[skipped] no result for "guts; willpower; spirit (object)" (根性)
[error] HTTP 403 for query "to show off / look cool (action)"
[skipped] no result for "to show off / look cool (action)" (格好つける)
[error] HTTP 403 for query "to comb out (action)"
[skipped] no result for "to comb out (action)" (梳く)
[error] HTTP 403 for query "easy win (object)"
[skipped] no result for "easy win (object)" (楽勝)
[error] HTTP 403 for query "to take a stance; ready oneself (action)"
[skipped] no result for "to take a stance; ready oneself (action)" (構える)
[error] HTTP 403 for query "pattern / appearance (object)"
[skipped] no result for "pattern / appearance (object)" (模様)
[error] HTTP 403 for query "sidelong glance; looking out of the corner of one's eye (object)"
[skipped] no result for "sidelong glance; looking out of the corner of one's eye (object)" (横目)
[error] HTTP 403 for query "tree (poetic/literary variant of 木) (object)"
[skipped] no result for "tree (poetic/literary variant of 木) (object)" (樹)
[error] HTTP 403 for query "to be missing; to be lacking; to be chipped (action)"
[skipped] no result for "to be missing; to be lacking; to be chipped (action)" (欠ける)
[error] HTTP 403 for query "depending on; up to (something) (object)"
[skipped] no result for "depending on; up to (something) (object)" (次第)
[error] HTTP 403 for query "greed; desire; craving (object)"
[skipped] no result for "greed; desire; craving (object)" (欲)
[error] HTTP 403 for query "greedy person (object)"
[skipped] no result for "greedy person (object)" (欲張り)
[error] HTTP 403 for query "complete opposite (object)"
[skipped] no result for "complete opposite (object)" (正反対)
[error] HTTP 403 for query "correct answer (object)"
[skipped] no result for "correct answer (object)" (正解)
[error] HTTP 403 for query "to get tired from walking (action)"
[skipped] no result for "to get tired from walking (action)" (歩き疲れる)
[error] HTTP 403 for query "to walk; to tread (a path in life) (action)"
[skipped] no result for "to walk; to tread (a path in life) (action)" (歩む)
[error] HTTP 403 for query "pedestrian overpass (object)"
[skipped] no result for "pedestrian overpass (object)" (歩道橋)
[error] HTTP 403 for query "gear, cog (object)"
[skipped] no result for "gear, cog (object)" (歯車)
[error] HTTP 403 for query "shell; husk; crust (object)"
[skipped] no result for "shell; husk; crust (object)" (殻)
[error] HTTP 403 for query "as one pleases; carefree (na-adj) (object)"
[skipped] no result for "as one pleases; carefree (na-adj) (object)" (気まま)
[error] HTTP 403 for query "fighting spirit; gumption; spirited yell (object)"
[skipped] no result for "fighting spirit; gumption; spirited yell (object)" (気合い)
[error] HTTP 403 for query "sign; presence; indication (object)"
[skipped] no result for "sign; presence; indication (object)" (気配)
[error] HTTP 403 for query "puddle (object)"
[skipped] no result for "puddle (object)" (水たまり)
[error] HTTP 403 for query "horizontal; level (here as part of 水平線 'horizon') (object)"
[skipped] no result for "horizontal; level (here as part of 水平線 'horizon') (object)" (水平)
[error] HTTP 403 for query "established rule, custom (object)"
[skipped] no result for "established rule, custom (object)" (決まり事)
[error] HTTP 403 for query "to sink; to submerge; to keep (feelings) down (action)"
[skipped] no result for "to sink; to submerge; to keep (feelings) down (action)" (沈める)
[error] HTTP 403 for query "to run along; follow (action)"
[skipped] no result for "to run along; follow (action)" (沿う)
[error] HTTP 403 for query "law; rule; method (object)"
[skipped] no result for "law; rule; method (object)" (法)
[error] HTTP 403 for query "bubble, foam (object)"
[skipped] no result for "bubble, foam (object)" (泡)
[error] HTTP 403 for query "waves and wind (object)"
[skipped] no result for "waves and wind (object)" (波風)
[error] HTTP 403 for query "crying voice; sobbing; wailing (object)"
[skipped] no result for "crying voice; sobbing; wailing (object)" (泣き声)
[error] HTTP 403 for query "tearful face; crying face (object)"
[skipped] no result for "tearful face; crying face (object)" (泣き顔)
[error] HTTP 403 for query "to pour (action)"
[skipped] no result for "to pour (action)" (注ぐ)
[error] HTTP 403 for query "to wash away (action)"
[skipped] no result for "to wash away (action)" (洗い流す)
[error] HTTP 403 for query "shooting star; meteor (object)"
[skipped] no result for "shooting star; meteor (object)" (流れ星)
[error] HTTP 403 for query "to flow down; stream down (action)"
[skipped] no result for "to flow down; stream down (action)" (流れ落ちる)
[error] HTTP 403 for query "trend, fashion (object)"
[skipped] no result for "trend, fashion (object)" (流行)
[error] HTTP 403 for query "to float; to show (an expression) (action)"
[skipped] no result for "to float; to show (an expression) (action)" (浮かべる)
[error] HTTP 403 for query "to be cheerful; to get carried away; to be giddy (action)"
[skipped] no result for "to be cheerful; to get carried away; to be giddy (action)" (浮かれる)
[error] HTTP 403 for query "to erase completely (action)"
[skipped] no result for "to erase completely (action)" (消し去る)
[error] HTTP 403 for query "digestion (food/idea) (object)"
[skipped] no result for "digestion (food/idea) (object)" (消化)
[error] HTTP 403 for query "to be mixed; to blend; to mingle (action)"
[skipped] no result for "to be mixed; to blend; to mingle (action)" (混ざる)
[error] HTTP 403 for query "to be mixed; to be blended; to mingle (action)"
[skipped] no result for "to be mixed; to be blended; to mingle (action)" (混じる)
[error] HTTP 403 for query "to fill; to satisfy (action)"
[skipped] no result for "to fill; to satisfy (action)" (満たす)
[error] HTTP 403 for query "to be full; to be filled with (action)"
[skipped] no result for "to be full; to be filled with (action)" (満ちる)
[error] HTTP 403 for query "full tank (object)"
[skipped] no result for "full tank (object)" (満タン)
[error] HTTP 403 for query "full moon (object)"
[skipped] no result for "full moon (object)" (満月)
[error] HTTP 403 for query "full bloom (object)"
[skipped] no result for "full bloom (object)" (満開)
[error] HTTP 403 for query "to start overflowing (action)"
[skipped] no result for "to start overflowing (action)" (溢れだす)
[error] HTTP 403 for query "to drown; to be addicted to (action)"
[skipped] no result for "to drown; to be addicted to (action)" (溺れる)
[error] HTTP 403 for query "slide (playground) (object)"
[skipped] no result for "slide (playground) (object)" (滑り台)
[error] HTTP 403 for query "to perform / play a role (action)"
[skipped] no result for "to perform / play a role (action)" (演じる)
[error] HTTP 403 for query "to row; to pedal (action)"
[skipped] no result for "to row; to pedal (action)" (漕ぐ)
[error] HTTP 403 for query "killing (time); crushing (object)"
[skipped] no result for "killing (time); crushing (object)" (潰し)
[error] HTTP 403 for query "to crush; to smash; to squash (action)"
[skipped] no result for "to crush; to smash; to squash (action)" (潰す)
[error] HTTP 403 for query "to be clear, limpid (action)"
[skipped] no result for "to be clear, limpid (action)" (澄む)
[error] HTTP 403 for query "to grow muddy / clouded (action)"
[skipped] no result for "to grow muddy / clouded (action)" (濁る)
[error] HTTP 403 for query "volcano (object)"
[skipped] no result for "volcano (object)" (火山)
[error] HTTP 403 for query "carbonated water (object)"
[skipped] no result for "carbonated water (object)" (炭酸水)
[error] HTTP 403 for query "uninhabited island; desert island (object)"
[skipped] no result for "uninhabited island; desert island (object)" (無人島)
[error] HTTP 403 for query "impossible game (slang) (object)"
[skipped] no result for "impossible game (slang) (object)" (無理ゲー)
[error] HTTP 403 for query "infinity; infinite; boundless (object)"
[skipped] no result for "infinity; infinite; boundless (object)" (無限)
[error] HTTP 403 for query "to burn; to scorch; to singe (action)"
[skipped] no result for "to burn; to scorch; to singe (action)" (焦がす)
[error] HTTP 403 for query "to light up, reveal in light (action)"
[skipped] no result for "to light up, reveal in light (action)" (照らし出す)
[error] HTTP 403 for query "absorption / fervor (object)"
[skipped] no result for "absorption / fervor (object)" (熱中)
[error] HTTP 403 for query "to flare up; to burst into flames; to blaze (action)"
[skipped] no result for "to flare up; to burst into flames; to blaze (action)" (燃え上がる)
[error] HTTP 403 for query "fuel (object)"
[skipped] no result for "fuel (object)" (燃料)
[error] HTTP 403 for query "explosion; eruption (object)"
[skipped] no result for "explosion; eruption (object)" (爆発)
[error] HTTP 403 for query "nail; claw (object)"
[skipped] no result for "nail; claw (object)" (爪)
[error] HTTP 403 for query "characteristic; trait; peculiarity (object)"
[skipped] no result for "characteristic; trait; peculiarity (object)" (特性)
[error] HTTP 403 for query "aim; target; purpose (object)"
[skipped] no result for "aim; target; purpose (object)" (狙い)
[error] HTTP 403 for query "current state; present condition (object)"
[skipped] no result for "current state; present condition (object)" (現状)
[error] HTTP 403 for query "logic; reasoning (object)"
[skipped] no result for "logic; reasoning (object)" (理屈)
[error] HTTP 403 for query "sciences; STEM (student/track) (object)"
[skipped] no result for "sciences; STEM (student/track) (object)" (理系)
[error] HTTP 403 for query "indulgence, dependence (object)"
[skipped] no result for "indulgence, dependence (object)" (甘え)
[error] HTTP 403 for query "to depend on; to take advantage of another's kindness (action)"
[skipped] no result for "to depend on; to take advantage of another's kindness (action)" (甘える)
[error] HTTP 403 for query "to spoil / pamper (action)"
[skipped] no result for "to spoil / pamper (action)" (甘やかす)
[error] HTTP 403 for query "to keep alive, make use of (action)"
[skipped] no result for "to keep alive, make use of (action)" (生かす)
[error] HTTP 403 for query "to survive; to live through (action)"
[skipped] no result for "to survive; to live through (action)" (生き抜く)
[error] HTTP 403 for query "to survive; to remain alive (action)"
[skipped] no result for "to survive; to remain alive (action)" (生き残る)
[error] HTTP 403 for query "to come back to life (action)"
[skipped] no result for "to come back to life (action)" (生き返る)
[error] HTTP 403 for query "from birth, innate (object)"
[skipped] no result for "from birth, innate (object)" (生まれつき)
[error] HTTP 403 for query "reincarnation (object)"
[skipped] no result for "reincarnation (object)" (生まれ変わり)
[error] HTTP 403 for query "to produce; to create; to give birth to (action)"
[skipped] no result for "to produce; to create; to give birth to (action)" (生み出す)
[error] HTTP 403 for query "to give birth to; to produce (action)"
[skipped] no result for "to give birth to; to produce (action)" (産む)
[error] HTTP 403 for query "voicemail (object)"
[skipped] no result for "voicemail (object)" (留守電)
[error] HTTP 403 for query "to be utterly exhausted (action)"
[skipped] no result for "to be utterly exhausted (action)" (疲れ果てる)
[error] HTTP 403 for query "to fall ill; to suffer from; to be troubled (action)"
[skipped] no result for "to fall ill; to suffer from; to be troubled (action)" (病む)
[error] HTTP 403 for query "to act hurt (action)"
[skipped] no result for "to act hurt (action)" (痛がる)
[error] HTTP 403 for query "to emit, let out (action)"
[skipped] no result for "to emit, let out (action)" (発する)
[error] HTTP 403 for query "to set off / depart (action)"
[skipped] no result for "to set off / depart (action)" (発つ)
[error] HTTP 403 for query "to display, demonstrate (action)"
[skipped] no result for "to display, demonstrate (action)" (発揮する)
[error] HTTP 403 for query "statement; remark; utterance (object)"
[skipped] no result for "statement; remark; utterance (object)" (発言)
[error] HTTP 403 for query "departure (of a vehicle); starting (object)"
[skipped] no result for "departure (of a vehicle); starting (object)" (発車)
[error] HTTP 403 for query "swan (object)"
[skipped] no result for "swan (object)" (白鳥)
[error] HTTP 403 for query "wrinkle, crease (object)"
[skipped] no result for "wrinkle, crease (object)" (皺)
[error] HTTP 403 for query "immediate; near at hand; short-sighted view (object)"
[skipped] no result for "immediate; near at hand; short-sighted view (object)" (目先)
[error] HTTP 403 for query "landmark / marker (object)"
[skipped] no result for "landmark / marker (object)" (目印)
[error] HTTP 403 for query "to aim at; to target (action)"
[skipped] no result for "to aim at; to target (action)" (目掛ける)
[error] HTTP 403 for query "compatibility (between people) (object)"
[skipped] no result for "compatibility (between people) (object)" (相性)
[error] HTTP 403 for query "split right in two (object)"
[skipped] no result for "split right in two (object)" (真っ二つ)
[error] HTTP 403 for query "midwinter; dead of winter (object)"
[skipped] no result for "midwinter; dead of winter (object)" (真冬)
[error] HTTP 403 for query "midsummer; height of summer (object)"
[skipped] no result for "midsummer; height of summer (object)" (真夏)
[error] HTTP 403 for query "midday; broad daylight (object)"
[skipped] no result for "midday; broad daylight (object)" (真昼)
[error] HTTP 403 for query "dazzle, brightness (object)"
[skipped] no result for "dazzle, brightness (object)" (眩しさ)
[error] HTTP 403 for query "to gaze at; to look out over (action)"
[skipped] no result for "to gaze at; to look out over (action)" (眺める)
[error] HTTP 403 for query "eye (literary variant of 目) (object)"
[skipped] no result for "eye (literary variant of 目) (object)" (眼)
[error] HTTP 403 for query "to dress up; to adorn oneself (action)"
[skipped] no result for "to dress up; to adorn oneself (action)" (着飾る)
[error] HTTP 403 for query "arrow (object)"
[skipped] no result for "arrow (object)" (矢)
[error] HTTP 403 for query "arrow / arrow-mark (object)"
[skipped] no result for "arrow / arrow-mark (object)" (矢印)
[error] HTTP 403 for query "sandy beach (object)"
[skipped] no result for "sandy beach (object)" (砂浜)
[error] HTTP 403 for query "to break; to shatter; to crumble (action)"
[skipped] no result for "to break; to shatter; to crumble (action)" (砕ける)
[error] HTTP 403 for query "to tear; to get torn (casual variant of 破れる) (action)"
[skipped] no result for "to tear; to get torn (casual variant of 破れる) (action)" (破ける)
[error] HTTP 403 for query "fragment; shard; piece (object)"
[skipped] no result for "fragment; shard; piece (object)" (破片)
[error] HTTP 403 for query "conviction, certainty (object)"
[skipped] no result for "conviction, certainty (object)" (確信)
[error] HTTP 403 for query "certain; reliable (na-adj) (object)"
[skipped] no result for "certain; reliable (na-adj) (object)" (確実)
[error] HTTP 403 for query "seed (object)"
[skipped] no result for "seed (object)" (種)
[error] HTTP 403 for query "to be piled up / accumulate (action)"
[skipped] no result for "to be piled up / accumulate (action)" (積み重なる)
[error] HTTP 403 for query "to pile up; to accumulate (action)"
[skipped] no result for "to pile up; to accumulate (action)" (積み重ねる)
[error] HTTP 403 for query "to pile up (action)"
[skipped] no result for "to pile up (action)" (積もる)
[error] HTTP 403 for query "empty can (object)"
[skipped] no result for "empty can (object)" (空き缶)
[error] HTTP 403 for query "empty / vacant seat (object)"
[skipped] no result for "empty / vacant seat (object)" (空席)
[error] HTTP 403 for query "to break through; to pierce through (action)"
[skipped] no result for "to break through; to pierce through (action)" (突き抜ける)
[error] HTTP 403 for query "breakthrough (suru-noun) (object)"
[skipped] no result for "breakthrough (suru-noun) (object)" (突破)
[error] HTTP 403 for query "hollow; depression; dent (object)"
[skipped] no result for "hollow; depression; dent (object)" (窪み)
[error] HTTP 403 for query "cramped; tight; restrictive (na-adj) (object)"
[skipped] no result for "cramped; tight; restrictive (na-adj) (object)" (窮屈)
[error] HTTP 403 for query "standing position; viewpoint; stance (object)"
[skipped] no result for "standing position; viewpoint; stance (object)" (立ち位置)
[error] HTTP 403 for query "to drop by (action)"
[skipped] no result for "to drop by (action)" (立ち寄る)
[error] HTTP 403 for query "to stop (walking); to halt; to pause (action)"
[skipped] no result for "to stop (walking); to halt; to pause (action)" (立ち止まる)
[error] HTTP 403 for query "can stop walking (potential of 立ち止まる) (action)"
[skipped] no result for "can stop walking (potential of 立ち止まる) (action)" (立ち止まれる)
[error] HTTP 403 for query "edge; end; corner (casual) (object)"
[skipped] no result for "edge; end; corner (casual) (object)" (端っこ)
[error] HTTP 403 for query "to compete (action)"
[skipped] no result for "to compete (action)" (競う)
[error] HTTP 403 for query "to laugh together; to share a laugh (action)"
[skipped] no result for "to laugh together; to share a laugh (action)" (笑い合う)
[error] HTTP 403 for query "to laugh till one rolls / collapses (action)"
[skipped] no result for "to laugh till one rolls / collapses (action)" (笑い転げる)
[error] HTTP 403 for query "to be able to laugh off (potential of 笑い飛ばす) (action)"
[skipped] no result for "to be able to laugh off (potential of 笑い飛ばす) (action)" (笑い飛ばせる)
[error] HTTP 403 for query "smile (object)"
[skipped] no result for "smile (object)" (笑み)
[error] HTTP 403 for query "cage; basket (object)"
[skipped] no result for "cage; basket (object)" (籠)
[error] HTTP 403 for query "drop; grain; particle (object)"
[skipped] no result for "drop; grain; particle (object)" (粒)
[error] HTTP 403 for query "shit; crap; damn (vulgar expletive) (object)"
[skipped] no result for "shit; crap; damn (vulgar expletive) (object)" (糞)
[error] HTTP 403 for query "to narrow (eyes); to make thin (action)"
[skipped] no result for "to narrow (eyes); to make thin (action)" (細める)
[error] HTTP 403 for query "end of the line, terminus (object)"
[skipped] no result for "end of the line, terminus (object)" (終点)
[error] HTTP 403 for query "to strangle; to wring (a neck) (action)"
[skipped] no result for "to strangle; to wring (a neck) (action)" (絞める)
[error] HTTP 403 for query "to succeed (inherit); to carry on; (of breath) to catch (action)"
[skipped] no result for "to succeed (inherit); to carry on; (of breath) to catch (action)" (継ぐ)
[error] HTTP 403 for query "to polish (a plan); to work out; to knead (action)"
[skipped] no result for "to polish (a plan); to work out; to knead (action)" (練る)
[error] HTTP 403 for query "to sew; to stitch (action)"
[skipped] no result for "to sew; to stitch (action)" (縫う)
[error] HTTP 403 for query "to shrink (action)"
[skipped] no result for "to shrink (action)" (縮む)
[error] HTTP 403 for query "prosperity; flourishing (object)"
[skipped] no result for "prosperity; flourishing (object)" (繁栄)
[error] HTTP 403 for query "to connect; to link; to tie together (action)"
[skipped] no result for "to connect; to link; to tie together (action)" (繋げる)
[error] HTTP 403 for query "to send out / unleash (action)"
[skipped] no result for "to send out / unleash (action)" (繰り出す)
[error] HTTP 403 for query "punishment (object)"
[skipped] no result for "punishment (object)" (罰)
[error] HTTP 403 for query "punishment; divine punishment (object)"
[skipped] no result for "punishment; divine punishment (object)" (罰)
[error] HTTP 403 for query "group; herd; flock; swarm (object)"
[skipped] no result for "group; herd; flock; swarm (object)" (群れ)
[error] HTTP 403 for query "the next day (object)"
[skipped] no result for "the next day (object)" (翌日)
[error] HTTP 403 for query "to grow old (action)"
[skipped] no result for "to grow old (action)" (老いる)
[error] HTTP 403 for query "to grow tired of hearing (action)"
[skipped] no result for "to grow tired of hearing (action)" (聞き飽きる)
[error] HTTP 403 for query "to avert (one's eyes); turn away (action)"
[skipped] no result for "to avert (one's eyes); turn away (action)" (背ける)
[error] HTTP 403 for query "standing on tiptoes; overreaching oneself (object)"
[skipped] no result for "standing on tiptoes; overreaching oneself (object)" (背伸び)
[error] HTTP 403 for query "to shoulder together (action)"
[skipped] no result for "to shoulder together (action)" (背負い合う)
[error] HTTP 403 for query "to carry on one's back; to bear (a burden) (action)"
[skipped] no result for "to carry on one's back; to bear (a burden) (action)" (背負う)
[error] HTTP 403 for query "to threaten; to intimidate (action)"
[skipped] no result for "to threaten; to intimidate (action)" (脅す)
[error] HTTP 403 for query "to rot; to go bad; to become corrupt (action)"
[skipped] no result for "to rot; to go bad; to become corrupt (action)" (腐る)
[error] HTTP 403 for query "to sit down (on a chair, bench, etc.) (action)"
[skipped] no result for "to sit down (on a chair, bench, etc.) (action)" (腰掛ける)
[error] HTTP 403 for query "to swell; to expand; to puff up (action)"
[skipped] no result for "to swell; to expand; to puff up (action)" (膨れる)
[error] HTTP 403 for query "selfish; on one's own terms (na-adj) (object)"
[skipped] no result for "selfish; on one's own terms (na-adj) (object)" (自分勝手)
[error] HTTP 403 for query "oneself; itself (emphatic) (object)"
[skipped] no result for "oneself; itself (emphatic) (object)" (自身)
[error] HTTP 403 for query "to reach; lead to (literary) (action)"
[skipped] no result for "to reach; lead to (literary) (action)" (至る)
[error] HTTP 403 for query "to soar; to fly up; to be lifted up (action)"
[skipped] no result for "to soar; to fly up; to be lifted up (action)" (舞い上がる)
[error] HTTP 403 for query "to fade; to lose color (action)"
[skipped] no result for "to fade; to lose color (action)" (色あせる)
[error] HTTP 403 for query "play; drama; act; performance (object)"
[skipped] no result for "play; drama; act; performance (object)" (芝居)
[error] HTTP 403 for query "flower field; flower garden (object)"
[skipped] no result for "flower field; flower garden (object)" (花畑)
[error] HTTP 403 for query "sprout; bud; shoot (object)"
[skipped] no result for "sprout; bud; shoot (object)" (芽)
[error] HTTP 403 for query "to torment; to cause suffering; to distress (action)"
[skipped] no result for "to torment; to cause suffering; to distress (action)" (苦しめる)
[error] HTTP 403 for query "thicket of grass; grassy area (object)"
[skipped] no result for "thicket of grass; grassy area (object)" (草むら)
[error] HTTP 403 for query "plants and trees; vegetation (object)"
[skipped] no result for "plants and trees; vegetation (object)" (草木)
[error] HTTP 403 for query "to ravage, take over (action)"
[skipped] no result for "to ravage, take over (action)" (荒らす)
[error] HTTP 403 for query "rough waves; raging seas (object)"
[skipped] no result for "rough waves; raging seas (object)" (荒波)
[error] HTTP 403 for query "to fall; to drop (colloquial for 落ちる) (action)"
[skipped] no result for "to fall; to drop (colloquial for 落ちる) (action)" (落っこちる)
[error] HTTP 403 for query "to fade; grow faint (action)"
[skipped] no result for "to fade; grow faint (action)" (薄れる)
[error] HTTP 403 for query "butterfly (object)"
[skipped] no result for "butterfly (object)" (蝶)
[error] HTTP 403 for query "destination (object)"
[skipped] no result for "destination (object)" (行き先)
[error] HTTP 403 for query "townscape, streetscape (object)"
[skipped] no result for "townscape, streetscape (object)" (街並み)
[error] HTTP 403 for query "street corner (object)"
[skipped] no result for "street corner (object)" (街角)
[error] HTTP 403 for query "shock; impact (object)"
[skipped] no result for "shock; impact (object)" (衝撃)
[error] HTTP 403 for query "facial expression; look (object)"
[skipped] no result for "facial expression; look (object)" (表情)
[error] HTTP 403 for query "to tear; to rip; to split (action)"
[skipped] no result for "to tear; to rip; to split (action)" (裂く)
[error] HTTP 403 for query "betrayal; treachery (object)"
[skipped] no result for "betrayal; treachery (object)" (裏切り)
[error] HTTP 403 for query "to betray; to double-cross (action)"
[skipped] no result for "to betray; to double-cross (action)" (裏切る)
[error] HTTP 403 for query "front-and-back, two-faced (object)"
[skipped] no result for "front-and-back, two-faced (object)" (裏表)
[error] HTTP 403 for query "bare feet; barefoot (object)"
[skipped] no result for "bare feet; barefoot (object)" (裸足)
[error] HTTP 403 for query "to attack; to assault; to strike (action)"
[skipped] no result for "to attack; to assault; to strike (action)" (襲う)
[error] HTTP 403 for query "to cover; to conceal; to veil (action)"
[skipped] no result for "to cover; to conceal; to veil (action)" (覆う)
[error] HTTP 403 for query "to show off; to flaunt (action)"
[skipped] no result for "to show off; to flaunt (action)" (見せつける)
[error] HTTP 403 for query "to find out; to discover; to track down (action)"
[skipped] no result for "to find out; to discover; to track down (action)" (見つけ出す)
[error] HTTP 403 for query "to look down on (from above); look down upon (fig.) (action)"
[skipped] no result for "to look down on (from above); look down upon (fig.) (action)" (見下ろす)
[error] HTTP 403 for query "to lose sight of; to lose track of (action)"
[skipped] no result for "to lose sight of; to lose track of (action)" (見失う)
[error] HTTP 403 for query "to watch over (action)"
[skipped] no result for "to watch over (action)" (見守る)
[error] HTTP 403 for query "to be found; to turn up (action)"
[skipped] no result for "to be found; to turn up (action)" (見当たる)
[error] HTTP 403 for query "to look out over (action)"
[skipped] no result for "to look out over (action)" (見渡す)
[error] HTTP 403 for query "to overlook; to miss (seeing) (action)"
[skipped] no result for "to overlook; to miss (seeing) (action)" (見落とす)
[error] HTTP 403 for query "to miss; to overlook; to let slip by (action)"
[skipped] no result for "to miss; to overlook; to let slip by (action)" (見逃す)
[error] HTTP 403 for query "to grow tired of seeing; to see too much of (action)"
[skipped] no result for "to grow tired of seeing; to see too much of (action)" (見飽きる)
[error] HTTP 403 for query "can peek; can look through (potential of 覗く) (action)"
[skipped] no result for "can peek; can look through (potential of 覗く) (action)" (覗ける)
[error] HTTP 403 for query "to untangle, unbind (action)"
[skipped] no result for "to untangle, unbind (action)" (解く)
[error] HTTP 403 for query "breaking up; dispersal (suru-noun) (object)"
[skipped] no result for "breaking up; dispersal (suru-noun) (object)" (解散)
[error] HTTP 403 for query "to touch each other; to come into contact; to interact (action)"
[skipped] no result for "to touch each other; to come into contact; to interact (action)" (触れ合う)
[error] HTTP 403 for query "to start to say (action)"
[skipped] no result for "to start to say (action)" (言いかける)
[error] HTTP 403 for query "to tell oneself; to persuade; to give a talking-to (action)"
[skipped] no result for "to tell oneself; to persuade; to give a talking-to (action)" (言い聞かせる)
[error] HTTP 403 for query "to entrust / consign (action)"
[skipped] no result for "to entrust / consign (action)" (託す)
[error] HTTP 403 for query "to write down; note; etch (action)"
[skipped] no result for "to write down; note; etch (action)" (記す)
[error] HTTP 403 for query "accent, dialect (object)"
[skipped] no result for "accent, dialect (object)" (訛り)
[error] HTTP 403 for query "to translate (action)"
[skipped] no result for "to translate (action)" (訳す)
[error] HTTP 403 for query "evidence / proof (object)"
[skipped] no result for "evidence / proof (object)" (証拠)
[error] HTTP 403 for query "trial; ordeal; test (object)"
[skipped] no result for "trial; ordeal; test (object)" (試練)
[error] HTTP 403 for query "poem; song (poetic reading of 詩) (object)"
[skipped] no result for "poem; song (poetic reading of 詩) (object)" (詩)
[error] HTTP 403 for query "to stuff in; cram (action)"
[skipped] no result for "to stuff in; cram (action)" (詰め込む)
[error] HTTP 403 for query "can stuff in (potential of 詰め込む) (action)"
[skipped] no result for "can stuff in (potential of 詰め込む) (action)" (詰め込める)
[error] HTTP 403 for query "pride (object)"
[skipped] no result for "pride (object)" (誇り)
[error] HTTP 403 for query "to be proud of (action)"
[skipped] no result for "to be proud of (action)" (誇る)
[error] HTTP 403 for query "compliment (object)"
[skipped] no result for "compliment (object)" (誉め言葉)
[error] HTTP 403 for query "to talk together; to converse with each other (action)"
[skipped] no result for "to talk together; to converse with each other (action)" (語り合う)
[error] HTTP 403 for query "deception, cover-up (object)"
[skipped] no result for "deception, cover-up (object)" (誤魔化し)
[error] HTTP 403 for query "to gloss over / fudge (action)"
[skipped] no result for "to gloss over / fudge (action)" (誤魔化す)
[error] HTTP 403 for query "mystery; riddle (object)"
[skipped] no result for "mystery; riddle (object)" (謎)
[error] HTTP 403 for query "to cede / hand over (action)"
[skipped] no result for "to cede / hand over (action)" (譲り渡す)
[error] HTTP 403 for query "to hand over; to give way; to yield (action)"
[skipped] no result for "to hand over; to give way; to yield (action)" (譲る)
[error] HTTP 403 for query "to be able to yield; to be able to give up (potential of 譲る) (action)"
[skipped] no result for "to be able to yield; to be able to give up (potential of 譲る) (action)" (譲れる)
[error] HTTP 403 for query "to blame; to accuse; to reproach (action)"
[skipped] no result for "to blame; to accuse; to reproach (action)" (責める)
[error] HTTP 403 for query "gamble; wager (object)"
[skipped] no result for "gamble; wager (object)" (賭け)
[error] HTTP 403 for query "to wager, stake (action)"
[skipped] no result for "to wager, stake (action)" (賭ける)
[error] HTTP 403 for query "to forgive; to pardon (literary variant of 許す) (action)"
[skipped] no result for "to forgive; to pardon (literary variant of 許す) (action)" (赦す)
[error] HTTP 403 for query "to run away; to run off (action)"
[skipped] no result for "to run away; to run off (action)" (走り去る)
[error] HTTP 403 for query "at one's feet; underfoot; step (object)"
[skipped] no result for "at one's feet; underfoot; step (object)" (足もと)
[error] HTTP 403 for query "at one's feet; underfoot; step (object)"
[skipped] no result for "at one's feet; underfoot; step (object)" (足元)
[error] HTTP 403 for query "footsteps; gait (object)"
[skipped] no result for "footsteps; gait (object)" (足取り)
[error] HTTP 403 for query "alley; narrow lane (object)"
[skipped] no result for "alley; narrow lane (object)" (路地)
[error] HTTP 403 for query "to hop; to jump; to bounce (action)"
[skipped] no result for "to hop; to jump; to bounce (action)" (跳ねる)
[error] HTTP 403 for query "to be able to step forward (potential of 踏み出す); imperative 踏み出せ = 'step out!' (action)"
[skipped] no result for "to be able to step forward (potential of 踏み出す); imperative 踏み出せ = 'step out!' (action)" (踏み出せる)
[error] HTTP 403 for query "to tread over; step across (action)"
[skipped] no result for "to tread over; step across (action)" (踏み越える)
[error] HTTP 403 for query "to trip over; stumble (蹴る + つまづく compound) (action)"
[skipped] no result for "to trip over; stumble (蹴る + つまづく compound) (action)" (蹴つまづく)
[error] HTTP 403 for query "to stumble; to trip (action)"
[skipped] no result for "to stumble; to trip (action)" (躓く)
[error] HTTP 403 for query "body (often read からだ) (object)"
[skipped] no result for "body (often read からだ) (object)" (身体)
[error] HTTP 403 for query "wheel (object)"
[skipped] no result for "wheel (object)" (車輪)
[error] HTTP 403 for query "light-ish; on the light side (object)"
[skipped] no result for "light-ish; on the light side (object)" (軽め)
[error] HTTP 403 for query "radiance; sparkle (noun from 輝く) (object)"
[skipped] no result for "radiance; sparkle (noun from 輝く) (object)" (輝き)
[error] HTTP 403 for query "to put into; to imbue with (feeling) (action)"
[skipped] no result for "to put into; to imbue with (feeling) (action)" (込める)
[error] HTTP 403 for query "to follow (a path); to trace; to pursue (action)"
[skipped] no result for "to follow (a path); to trace; to pursue (action)" (辿る)
[error] HTTP 403 for query "to approach; to draw near; to press (for a decision) (action)"
[skipped] no result for "to approach; to draw near; to press (for a decision) (action)" (迫る)
[error] HTTP 403 for query "hesitation; doubt; wavering (object)"
[skipped] no result for "hesitation; doubt; wavering (object)" (迷い)
[error] HTTP 403 for query "to wander into (lost) (action)"
[skipped] no result for "to wander into (lost) (action)" (迷い込む)
[error] HTTP 403 for query "to corner; drive into a corner (action)"
[skipped] no result for "to corner; drive into a corner (action)" (追い詰める)
[error] HTTP 403 for query "to overtake; to pass (action)"
[skipped] no result for "to overtake; to pass (action)" (追い越す)
[error] HTTP 403 for query "to escape; to flee; to get away from (action)"
[skipped] no result for "to escape; to flee; to get away from (action)" (逃れる)
[error] HTTP 403 for query "upside-down; reverse (object)"
[skipped] no result for "upside-down; reverse (object)" (逆さ)
[error] HTTP 403 for query "to go against; to disobey; to resist (action)"
[skipped] no result for "to go against; to disobey; to resist (action)" (逆らう)
[error] HTTP 403 for query "reversal; turnaround; comeback (object)"
[skipped] no result for "reversal; turnaround; comeback (object)" (逆転)
[error] HTTP 403 for query "to be interrupted; to break off; to pause (action)"
[skipped] no result for "to be interrupted; to break off; to pause (action)" (途切れる)
[error] HTTP 403 for query "to crawl; to creep (action)"
[skipped] no result for "to crawl; to creep (action)" (這う)
[error] HTTP 403 for query "to pass by; to go past (action)"
[skipped] no result for "to pass by; to go past (action)" (通り過ぎる)
[error] HTTP 403 for query "succession; series; continuation (object)"
[skipped] no result for "succession; series; continuation (object)" (連続)
[error] HTTP 403 for query "evolution; progress (object)"
[skipped] no result for "evolution; progress (object)" (進化)
[error] HTTP 403 for query "progress; advance; proceeding (object)"
[skipped] no result for "progress; advance; proceeding (object)" (進行)
[error] HTTP 403 for query "morality; ethics; morals (object)"
[skipped] no result for "morality; ethics; morals (object)" (道徳)
[error] HTTP 403 for query "roadside; wayside (object)"
[skipped] no result for "roadside; wayside (object)" (道端)
[error] HTTP 403 for query "to mistake; to do wrongly; to mix up (action)"
[skipped] no result for "to mistake; to do wrongly; to mix up (action)" (違える)
[error] HTTP 403 for query "to go far away; to become distant; to fade into the distance (action)"
[skipped] no result for "to go far away; to become distant; to fade into the distance (action)" (遠ざかる)
[error] HTTP 403 for query "to keep away; to distance; to avoid (action)"
[skipped] no result for "to keep away; to distance; to avoid (action)" (遠ざける)
[error] HTTP 403 for query "to choose and take (action)"
[skipped] no result for "to choose and take (action)" (選び取る)
[error] HTTP 403 for query "option; alternative (object)"
[skipped] no result for "option; alternative (object)" (選択肢)
[error] HTTP 403 for query "to avoid; to evade; to dodge (action)"
[skipped] no result for "to avoid; to evade; to dodge (action)" (避ける)
[error] HTTP 403 for query "city; metropolis; urban area (object)"
[skipped] no result for "city; metropolis; urban area (object)" (都会)
[error] HTTP 403 for query "to wake up (from a dream); to come to one's senses (action)"
[skipped] no result for "to wake up (from a dream); to come to one's senses (action)" (醒める)
[error] HTTP 403 for query "wild (of plants/animals); untamed (object)"
[skipped] no result for "wild (of plants/animals); untamed (object)" (野生)
[error] HTTP 403 for query "galaxy; the Milky Way (object)"
[skipped] no result for "galaxy; the Milky Way (object)" (銀河)
[error] HTTP 403 for query "gun; firearm (object)"
[skipped] no result for "gun; firearm (object)" (銃)
[error] HTTP 403 for query "to rust; to corrode (action)"
[skipped] no result for "to rust; to corrode (action)" (錆びる)
[error] HTTP 403 for query "to forge / train (action)"
[skipped] no result for "to forge / train (action)" (鍛える)
[error] HTTP 403 for query "to close; to shut; to lock up (action)"
[skipped] no result for "to close; to shut; to lock up (action)" (閉ざす)
[error] HTTP 403 for query "to lock up; to shut in; to confine (action)"
[skipped] no result for "to lock up; to shut in; to confine (action)" (閉じ込める)
[error] HTTP 403 for query "interval; gap; distance between (object)"
[skipped] no result for "interval; gap; distance between (object)" (間隔)
[error] HTTP 403 for query "dark night; pitch-black night (object)"
[skipped] no result for "dark night; pitch-black night (object)" (闇夜)
[error] HTTP 403 for query "to keep falling; to continue raining (or snowing) (action)"
[skipped] no result for "to keep falling; to continue raining (or snowing) (action)" (降り続く)
[error] HTTP 403 for query "limit; as long as; extent (object)"
[skipped] no result for "limit; as long as; extent (object)" (限り)
[error] HTTP 403 for query "shadow; shade; behind the scenes (object)"
[skipped] no result for "shadow; shade; behind the scenes (object)" (陰)
[error] HTTP 403 for query "gap; crevice; opening (object)"
[skipped] no result for "gap; crevice; opening (object)" (隙間)
[error] HTTP 403 for query "secret, hidden thing (object)"
[skipped] no result for "secret, hidden thing (object)" (隠し事)
[error] HTTP 403 for query "hideaway, hidden place (object)"
[skipped] no result for "hideaway, hidden place (object)" (隠れ家)
[error] HTTP 403 for query "raindrops; dripping rain (object)"
[skipped] no result for "raindrops; dripping rain (object)" (雨だれ)
[error] HTTP 403 for query "after the rain (object)"
[skipped] no result for "after the rain (object)" (雨上がり)
[error] HTTP 403 for query "raindrop (object)"
[skipped] no result for "raindrop (object)" (雨粒)
[error] HTTP 403 for query "to spill; to overflow; to fall (of tears) (action)"
[skipped] no result for "to spill; to overflow; to fall (of tears) (action)" (零れる)
[error] HTTP 403 for query "to cause to tremble; to shake; to make quiver (action)"
[skipped] no result for "to cause to tremble; to shake; to make quiver (action)" (震わす)
[error] HTTP 403 for query "face; mug (rough slang) (object)"
[skipped] no result for "face; mug (rough slang) (object)" (面)
[error] HTTP 403 for query "tone; timbre; tone color (object)"
[skipped] no result for "tone; timbre; tone color (object)" (音色)
[error] HTTP 403 for query "to make resound; to cause to echo (action)"
[skipped] no result for "to make resound; to cause to echo (action)" (響かせる)
[error] HTTP 403 for query "echo; reverberation; resonance (object)"
[skipped] no result for "echo; reverberation; resonance (object)" (響き)
[error] HTTP 403 for query "summit; peak; top (object)"
[skipped] no result for "summit; peak; top (object)" (頂上)
[error] HTTP 403 for query "cheek (object)"
[skipped] no result for "cheek (object)" (頬)
[error] HTTP 403 for query "to nod (action)"
[skipped] no result for "to nod (action)" (頷く)
[error] HTTP 403 for query "to fly around; to flit about (action)"
[skipped] no result for "to fly around; to flit about (action)" (飛び廻る)
[error] HTTP 403 for query "to jump over; to leap over (action)"
[skipped] no result for "to jump over; to leap over (action)" (飛び越える)
[error] HTTP 403 for query "to jump in; to plunge into; to dive in (action)"
[skipped] no result for "to jump in; to plunge into; to dive in (action)" (飛び込む)
[error] HTTP 403 for query "to starve; to hunger for (action)"
[skipped] no result for "to starve; to hunger for (action)" (飢える)
[error] HTTP 403 for query "to swallow; to gulp down; to take in (action)"
[skipped] no result for "to swallow; to gulp down; to take in (action)" (飲み込む)
[error] HTTP 403 for query "to decorate (action)"
[skipped] no result for "to decorate (action)" (飾り付ける)
[error] HTTP 403 for query "to be fragrant (action)"
[skipped] no result for "to be fragrant (action)" (香る)
[error] HTTP 403 for query "horse-drawn carriage (object)"
[skipped] no result for "horse-drawn carriage (object)" (馬車)
[error] HTTP 403 for query "to run; to gallop; to dash (action)"
[skipped] no result for "to run; to gallop; to dash (action)" (駆ける)
[error] HTTP 403 for query "to start running; to break into a run (action)"
[skipped] no result for "to start running; to break into a run (action)" (駆け出す)
[error] HTTP 403 for query "to run around; to race about (action)"
[skipped] no result for "to run around; to race about (action)" (駆け回る)
[error] HTTP 403 for query "to run through; to dash past (action)"
[skipped] no result for "to run through; to dash past (action)" (駆け抜ける)
[error] HTTP 403 for query "to deceive; to trick; to cheat (action)"
[skipped] no result for "to deceive; to trick; to cheat (action)" (騙す)
[error] HTTP 403 for query "to rise; intensify (intransitive) (action)"
[skipped] no result for "to rise; intensify (intransitive) (action)" (高まる)
[error] HTTP 403 for query "luxury car (object)"
[skipped] no result for "luxury car (object)" (高級車)
[error] HTTP 403 for query "pounding / racing (of a heart) (object)"
[skipped] no result for "pounding / racing (of a heart) (object)" (高鳴り)
[error] HTTP 403 for query "witch (object)"
[skipped] no result for "witch (object)" (魔女)
[error] HTTP 403 for query "(animal's) cry; call; chirp (object)"
[skipped] no result for "(animal's) cry; call; chirp (object)" (鳴き声)
[error] HTTP 403 for query "humming; a tune hummed under one's breath (object)"
[skipped] no result for "humming; a tune hummed under one's breath (object)" (鼻歌)
[error] HTTP 403 for query "stardust (object)"
[skipped] no result for "stardust (object)" (星屑)
[error] HTTP 403 for query "paradise; utopia (object)"
[skipped] no result for "paradise; utopia (object)" (楽園)
[error] HTTP 403 for query "cruelty; cruel (object)"
[skipped] no result for "cruelty; cruel (object)" (残酷)
[error] HTTP 403 for query "crimson; crimson lotus (object)"
[skipped] no result for "crimson; crimson lotus (object)" (紅蓮)
[error] HTTP 403 for query "corpse (object)"
[skipped] no result for "corpse (object)" (屍)
[error] HTTP 403 for query "resolve, readiness (object)"
[skipped] no result for "resolve, readiness (object)" (覚悟)
[error] HTTP 403 for query "adversity (object)"
[skipped] no result for "adversity (object)" (逆境)
[error] HTTP 403 for query "twilight; dusk (object)"
[skipped] no result for "twilight; dusk (object)" (黄昏)
[error] HTTP 403 for query "foam; bubble; fleeting (object)"
[skipped] no result for "foam; bubble; fleeting (object)" (うたかた)
[error] HTTP 403 for query "price; cost; compensation (object)"
[skipped] no result for "price; cost; compensation (object)" (代償)
[error] HTTP 403 for query "ethics; morality (object)"
[skipped] no result for "ethics; morality (object)" (倫理)
[error] HTTP 403 for query "acquittal; absolution (object)"
[skipped] no result for "acquittal; absolution (object)" (免罪)
[error] HTTP 403 for query "sanction; punishment (object)"
[skipped] no result for "sanction; punishment (object)" (制裁)
[error] HTTP 403 for query "moment; instant (object)"
[skipped] no result for "moment; instant (object)" (刹那)
[error] HTTP 403 for query "karma; cause and effect (object)"
[skipped] no result for "karma; cause and effect (object)" (因果)
[error] HTTP 403 for query "oath; vow; pledge (object)"
[skipped] no result for "oath; vow; pledge (object)" (契り)
[error] HTTP 403 for query "slave (object)"
[skipped] no result for "slave (object)" (奴隷)
[error] HTTP 403 for query "delusion; wild fantasy (object)"
[skipped] no result for "delusion; wild fantasy (object)" (妄想)
[error] HTTP 403 for query "coordinates (object)"
[skipped] no result for "coordinates (object)" (座標)
[error] HTTP 403 for query "bullet; projectile (object)"
[skipped] no result for "bullet; projectile (object)" (弾丸)
[error] HTTP 403 for query "tragedy (object)"
[skipped] no result for "tragedy (object)" (悲劇)
[error] HTTP 403 for query "savior; messiah (object)"
[skipped] no result for "savior; messiah (object)" (救世主)
[error] HTTP 403 for query "melody (object)"
[skipped] no result for "melody (object)" (旋律)
[error] HTTP 403 for query "dawn; daybreak (object)"
[skipped] no result for "dawn; daybreak (object)" (暁)
[error] HTTP 403 for query "glory (object)"
[skipped] no result for "glory (object)" (栄光)
[error] HTTP 403 for query "scarecrow (object)"
[skipped] no result for "scarecrow (object)" (案山子)
[error] HTTP 403 for query "target (object)"
[skipped] no result for "target (object)" (標的)
[error] HTTP 403 for query "cage; prison (object)"
[skipped] no result for "cage; prison (object)" (檻)
[error] HTTP 403 for query "sanity; one's right mind (object)"
[skipped] no result for "sanity; one's right mind (object)" (正気)
[error] HTTP 403 for query "afterimage (object)"
[skipped] no result for "afterimage (object)" (残像)
[error] HTTP 403 for query "killing intent; murderous intent (object)"
[skipped] no result for "killing intent; murderous intent (object)" (殺意)
[error] HTTP 403 for query "silence (object)"
[skipped] no result for "silence (object)" (沈黙)
[error] HTTP 403 for query "to yearn for; to long for (action)"
[skipped] no result for "to yearn for; to long for (action)" (焦がれる)
[error] HTTP 403 for query "worldly desires; earthly passions (object)"
[skipped] no result for "worldly desires; earthly passions (object)" (煩悩)
[error] HTTP 403 for query "dying in vain; dog's death (object)"
[skipped] no result for "dying in vain; dog's death (object)" (犬死)
[error] HTTP 403 for query "deadly poison (object)"
[skipped] no result for "deadly poison (object)" (猛毒)
[error] HTTP 403 for query "reason; rationality (object)"
[skipped] no result for "reason; rationality (object)" (理性)
[error] HTTP 403 for query "blink (object)"
[skipped] no result for "blink (object)" (瞬き)
[error] HTTP 403 for query "final act; curtain fall (object)"
[skipped] no result for "final act; curtain fall (object)" (終幕)
[error] HTTP 403 for query "freely in all directions (object)"
[skipped] no result for "freely in all directions (object)" (縦横無尽)
[error] HTTP 403 for query "madder red; deep sunset color (object)"
[skipped] no result for "madder red; deep sunset color (object)" (茜色)
[error] HTTP 403 for query "conflict; inner struggle (object)"
[skipped] no result for "conflict; inner struggle (object)" (葛藤)
[error] HTTP 403 for query "fiction; fabrication (object)"
[skipped] no result for "fiction; fabrication (object)" (虚構)
[error] HTTP 403 for query "mirage (object)"
[skipped] no result for "mirage (object)" (蜃気楼)
[error] HTTP 403 for query "spiral (object)"
[skipped] no result for "spiral (object)" (螺旋)
[error] HTTP 403 for query "sophistry; specious argument (object)"
[skipped] no result for "sophistry; specious argument (object)" (詭弁)
[error] HTTP 403 for query "to atone for; to redeem (action)"
[skipped] no result for "to atone for; to redeem (action)" (贖う)
[error] HTTP 403 for query "labyrinth; maze (object)"
[skipped] no result for "labyrinth; maze (object)" (迷宮)
[error] HTTP 403 for query "traces; lingering image of someone (object)"
[skipped] no result for "traces; lingering image of someone (object)" (面影)
[error] HTTP 403 for query "resting one's chin on hand (object)"
[skipped] no result for "resting one's chin on hand (object)" (頬杖)
[error] HTTP 403 for query "tactics; push-and-pull (object)"
[skipped] no result for "tactics; push-and-pull (object)" (駆け引き)
[error] HTTP 403 for query "extermination; eradication (object)"
[skipped] no result for "extermination; eradication (object)" (駆逐)
[error] HTTP 403 for query "thorn; thornbush; briar (object)"
[skipped] no result for "thorn; thornbush; briar (object)" (いばら)
[error] HTTP 403 for query "to throb, ache (action)"
[skipped] no result for "to throb, ache (action)" (うずく)
[error] HTTP 403 for query "to bury; to fill up; to cover (action)"
[skipped] no result for "to bury; to fill up; to cover (action)" (うずめる)
[error] HTTP 403 for query "to roar; growl; groan (action)"
[skipped] no result for "to roar; growl; groan (action)" (うなる)
[error] HTTP 403 for query "to be conceited (action)"
[skipped] no result for "to be conceited (action)" (うぬぼれる)
[error] HTTP 403 for query "swell; surge; undulation (object)"
[skipped] no result for "swell; surge; undulation (object)" (うねり)
[error] HTTP 403 for query "to wind, undulate (action)"
[skipped] no result for "to wind, undulate (action)" (うねる)
[error] HTTP 403 for query "surface; outward appearance; facade (object)"
[skipped] no result for "surface; outward appearance; facade (object)" (うわべ)
[error] HTTP 403 for query "soft-hearted person / pushover (object)"
[skipped] no result for "soft-hearted person / pushover (object)" (お人好し)
[error] HTTP 403 for query "to strum; to play loudly (a string instrument) (action)"
[skipped] no result for "to strum; to play loudly (a string instrument) (action)" (かきならす)
[error] HTTP 403 for query "to push aside; to part (through a crowd or foliage) (action)"
[skipped] no result for "to push aside; to part (through a crowd or foliage) (action)" (かきわける)
[error] HTTP 403 for query "to throw into chaos (action)"
[skipped] no result for "to throw into chaos (action)" (かき乱す)
[error] HTTP 403 for query "to scoop out; to bail out; to draw out (action)"
[skipped] no result for "to scoop out; to bail out; to draw out (action)" (かき出す)
[error] HTTP 403 for query "to erase; to drown out; to obliterate (action)"
[skipped] no result for "to erase; to drown out; to obliterate (action)" (かき消す)
[error] HTTP 403 for query "scab (object)"
[skipped] no result for "scab (object)" (かさぶた)
[error] HTTP 403 for query "to hold up; to hold over (as shade, to the light) (action)"
[skipped] no result for "to hold up; to hold over (as shade, to the light) (action)" (かざす)
[error] HTTP 403 for query "to grow hazy; to become blurred; to mist over (action)"
[skipped] no result for "to grow hazy; to become blurred; to mist over (action)" (かすむ)
[error] HTTP 403 for query "canary (bird) (object)"
[skipped] no result for "canary (bird) (object)" (かなりあ)
[error] HTTP 403 for query "fleeting, transient (object)"
[skipped] no result for "fleeting, transient (object)" (かりそめ)
[error] HTTP 403 for query "empty, hollow (object)"
[skipped] no result for "empty, hollow (object)" (がらんどう)
[error] HTTP 403 for query "to be muffled; to be stifled (of voice) (action)"
[skipped] no result for "to be muffled; to be stifled (of voice) (action)" (くぐもる)
[error] HTTP 403 for query "to be disheartened; to lose heart; to be crushed (action)"
[skipped] no result for "to be disheartened; to lose heart; to be crushed (action)" (くじける)
[error] HTTP 403 for query "to drop dead (rough) (action)"
[skipped] no result for "to drop dead (rough) (action)" (くたばる)
[error] HTTP 403 for query "kiss (literary) (object)"
[skipped] no result for "kiss (literary) (object)" (くちづけ)
[error] HTTP 403 for query "to disparage; to speak ill of; to belittle (action)"
[skipped] no result for "to disparage; to speak ill of; to belittle (action)" (けなす)
[error] HTTP 403 for query "to pry open; to force open (action)"
[skipped] no result for "to pry open; to force open (action)" (こじ開ける)
[error] HTTP 403 for query "to well up, surge (action)"
[skipped] no result for "to well up, surge (action)" (こみ上げる)
[error] HTTP 403 for query "innate nature (object)"
[skipped] no result for "innate nature (object)" (さが)
[error] HTTP 403 for query "to sweep away; to snatch; to carry off (action)"
[skipped] no result for "to sweep away; to snatch; to carry off (action)" (さらう)
[error] HTTP 403 for query "to lay bare; to expose; to reveal all (action)"
[skipped] no result for "to lay bare; to expose; to reveal all (action)" (さらけ出す)
[error] HTTP 403 for query "to be merry and noisy; to make a clamor (action)"
[skipped] no result for "to be merry and noisy; to make a clamor (action)" (さんざめく)
[error] HTTP 403 for query "to be noisy; to stir; to feel uneasy (action)"
[skipped] no result for "to be noisy; to stir; to feel uneasy (action)" (ざわつく)
[error] HTTP 403 for query "to be noisy; to buzz; to stir (of a crowd) (action)"
[skipped] no result for "to be noisy; to buzz; to stir (of a crowd) (action)" (ざわめく)
[error] HTTP 403 for query "to cling tightly to (action)"
[skipped] no result for "to cling tightly to (action)" (しがみつく)
[error] HTTP 403 for query "binding ties, obligations (object)"
[skipped] no result for "binding ties, obligations (object)" (しがらみ)
[error] HTTP 403 for query "schadenfreude (pleasure from others' misfortune) (object)"
[skipped] no result for "schadenfreude (pleasure from others' misfortune) (object)" (しゃーでんふろいで)
[error] HTTP 403 for query "to be dampened (mood); to become awkward; to lose interest (action)"
[skipped] no result for "to be dampened (mood); to become awkward; to lose interest (action)" (しらける)
[error] HTTP 403 for query "to slurp; sip (noodles, soup) (action)"
[skipped] no result for "to slurp; sip (noodles, soup) (action)" (すする)
[error] HTTP 403 for query "stark naked (object)"
[skipped] no result for "stark naked (object)" (すっぱだか)
[error] HTTP 403 for query "barely; grazing; by a hair (object)"
[skipped] no result for "barely; grazing; by a hair (object)" (すれすれ)
[error] HTTP 403 for query "to become jaded; to grow worldly-wise; to rub/chafe (action)"
[skipped] no result for "to become jaded; to grow worldly-wise; to rub/chafe (action)" (すれる)
[error] HTTP 403 for query "freckles (object)"
[skipped] no result for "freckles (object)" (そばかす)
[error] HTTP 403 for query "demeanor, manner, air (object)"
[skipped] no result for "demeanor, manner, air (object)" (そぶり)
[error] HTTP 403 for query "to boil; to seethe; to well up (of emotion) (action)"
[skipped] no result for "to boil; to seethe; to well up (of emotion) (action)" (たぎる)
[error] HTTP 403 for query "to scheme; to plot; to plan (often mischievously) (action)"
[skipped] no result for "to scheme; to plot; to plan (often mischievously) (action)" (たくらむ)
[error] HTTP 403 for query "kind, sort (object)"
[skipped] no result for "kind, sort (object)" (たぐい)
[error] HTTP 403 for query "to stand still, linger (action)"
[skipped] no result for "to stand still, linger (action)" (たたずむ)
[error] HTTP 403 for query "mane (of a lion or horse) (object)"
[skipped] no result for "mane (of a lion or horse) (object)" (たてがみ)
[error] HTTP 403 for query "to be torn off; to be ripped to pieces (action)"
[skipped] no result for "to be torn off; to be ripped to pieces (action)" (ちぎれる)
[error] HTTP 403 for query "patchwork, patched up (object)"
[skipped] no result for "patchwork, patched up (object)" (つぎはぎ)
[error] HTTP 403 for query "to keep hold of; to tie down; to retain (action)"
[skipped] no result for "to keep hold of; to tie down; to retain (action)" (つなぎ止める)
[error] HTTP 403 for query "to pierce; to split (the air, silence) (action)"
[skipped] no result for "to pierce; to split (the air, silence) (action)" (つんざく)
[error] HTTP 403 for query "Terry (given name) (object)"
[skipped] no result for "Terry (given name) (object)" (てりー)
[error] HTTP 403 for query "terrorist (object)"
[skipped] no result for "terrorist (object)" (てろりすと)
[error] HTTP 403 for query "Indian coral tree (Erythrina, Okinawa's prefectural flower) (object)"
[skipped] no result for "Indian coral tree (Erythrina, Okinawa's prefectural flower) (object)" (でいご)
[error] HTTP 403 for query "to throb (with excitement); to flutter (heart) (action)"
[skipped] no result for "to throb (with excitement); to flutter (heart) (action)" (ときめく)
[error] HTTP 403 for query "saved for the best, special (object)"
[skipped] no result for "saved for the best, special (object)" (とっておき)
[error] HTTP 403 for query "extraordinary, top-tier (object)"
[skipped] no result for "extraordinary, top-tier (object)" (とびっきり)
[error] HTTP 403 for query "to light (a lamp, candle); to kindle (action)"
[skipped] no result for "to light (a lamp, candle); to kindle (action)" (ともす)
[error] HTTP 403 for query "(for a light/flame) to be lit (action)"
[skipped] no result for "(for a light/flame) to be lit (action)" (ともる)
[error] HTTP 403 for query "to be captured; be bound by (action)"
[skipped] no result for "to be captured; be bound by (action)" (とらわれる)
[error] HTTP 403 for query "complete reversal, plot twist (object)"
[skipped] no result for "complete reversal, plot twist (object)" (どんでん返し)
[error] HTTP 403 for query "means / recourse (object)"
[skipped] no result for "means / recourse (object)" (なすすべ)
[error] HTTP 403 for query "to flutter; to wave; to yield (to influence) (action)"
[skipped] no result for "to flutter; to wave; to yield (to influence) (action)" (なびく)
[error] HTTP 403 for query "one's appearance; dress and manner (object)"
[skipped] no result for "one's appearance; dress and manner (object)" (なりふり)
[error] HTTP 403 for query "to grin; to smirk (action)"
[skipped] no result for "to grin; to smirk (action)" (にやつく)
[error] HTTP 403 for query "to become muddy; to be slushy (action)"
[skipped] no result for "to become muddy; to be slushy (action)" (ぬかる)
[error] HTTP 403 for query "to screw in; to force in; to thrust in (action)"
[skipped] no result for "to screw in; to force in; to thrust in (action)" (ねじ込む)
[error] HTTP 403 for query "to flutter; flap (of fabric in wind) (action)"
[skipped] no result for "to flutter; flap (of fabric in wind) (action)" (はためく)
[error] HTTP 403 for query "bumping heads; running into someone unexpectedly (object)"
[skipped] no result for "bumping heads; running into someone unexpectedly (object)" (はちあわせ)
[error] HTTP 403 for query "to flap wings (action)"
[skipped] no result for "to flap wings (action)" (はばたく)
[error] HTTP 403 for query "to be eager; to be impatient; to race (of the heart) (action)"
[skipped] no result for "to be eager; to be impatient; to race (of the heart) (action)" (はやる)
[error] HTTP 403 for query "panorama; sweeping view (object)"
[skipped] no result for "panorama; sweeping view (object)" (ぱのらま)
[error] HTTP 403 for query "to hush / lower (breath, voice) (action)"
[skipped] no result for "to hush / lower (breath, voice) (action)" (ひそめる)
[error] HTTP 403 for query "one connected piece / unbroken stretch (object)"
[skipped] no result for "one connected piece / unbroken stretch (object)" (ひとつなぎ)
[error] HTTP 403 for query "one cycle, one size (bigger) (object)"
[skipped] no result for "one cycle, one size (bigger) (object)" (ひとまわり)
[error] HTTP 403 for query "to be scared; to get cold feet; to chicken out (action)"
[skipped] no result for "to be scared; to get cold feet; to chicken out (action)" (びびる)
[error] HTTP 403 for query "to mope; to brood; to be in low spirits (action)"
[skipped] no result for "to mope; to brood; to be in low spirits (action)" (ふさぎ込む)
[error] HTTP 403 for query "to shake off; to wrench free; to disentangle (action)"
[skipped] no result for "to shake off; to wrench free; to disentangle (action)" (ふりほどく)
[error] HTTP 403 for query "to smash; to destroy; to wreck (action)"
[skipped] no result for "to smash; to destroy; to wreck (action)" (ぶちこわす)
[error] HTTP 403 for query "to spill; to pour out; to blurt out everything (action)"
[skipped] no result for "to spill; to pour out; to blurt out everything (action)" (ぶちまける)
[error] HTTP 403 for query "blunt, brusque (object)"
[skipped] no result for "blunt, brusque (object)" (ぶっきらぼう)
[error] HTTP 403 for query "to slash through; to chop up; to cut down (forceful) (action)"
[skipped] no result for "to slash through; to chop up; to cut down (forceful) (action)" (ぶった斬る)
[error] HTTP 403 for query "to send flying; to knock out (slang, emphatic) (action)"
[skipped] no result for "to send flying; to knock out (slang, emphatic) (action)" (ぶっとばす)
[error] HTTP 403 for query "to fire off; to let loose; to blast (action)"
[skipped] no result for "to fire off; to let loose; to blast (action)" (ぶっ放す)
[error] HTTP 403 for query "to be blown away, off-the-charts (action)"
[skipped] no result for "to be blown away, off-the-charts (action)" (ぶっ飛ぶ)
[error] HTTP 403 for query "tin; tinplate (object)"
[skipped] no result for "tin; tinplate (object)" (ぶりき)
[error] HTTP 403 for query "to act / pretend to be (action)"
[skipped] no result for "to act / pretend to be (action)" (ぶる)
[error] HTTP 403 for query "to be shaky; to waver; to be blurred (action)"
[skipped] no result for "to be shaky; to waver; to be blurred (action)" (ぶれる)
[error] HTTP 403 for query "to chuckle to oneself; to smirk with satisfaction (action)"
[skipped] no result for "to chuckle to oneself; to smirk with satisfaction (action)" (ほくそ笑む)
[error] HTTP 403 for query "to spout (nonsense); to blabber (vulgar) (action)"
[skipped] no result for "to spout (nonsense); to blabber (vulgar) (action)" (ほざく)
[error] HTTP 403 for query "to gush, spurt (action)"
[skipped] no result for "to gush, spurt (action)" (ほとばしる)
[error] HTTP 403 for query "blink; twinkle (of stars) (object)"
[skipped] no result for "blink; twinkle (of stars) (object)" (またたき)
[error] HTTP 403 for query "to twinkle; to flicker; to blink (action)"
[skipped] no result for "to twinkle; to flicker; to blink (action)" (またたく)
[error] HTTP 403 for query "to doze; to slumber lightly (action)"
[skipped] no result for "to doze; to slumber lightly (action)" (まどろむ)
[error] HTTP 403 for query "idiot; fool; dimwit (object)"
[skipped] no result for "idiot; fool; dimwit (object)" (まぬけ)
[error] HTTP 403 for query "blink (object)"
[skipped] no result for "blink (object)" (まばたき)
[error] HTTP 403 for query "phantom; illusion; vision (object)"
[skipped] no result for "phantom; illusion; vision (object)" (まぼろし)
[error] HTTP 403 for query "to be covered in; to be smeared with (action)"
[skipped] no result for "to be covered in; to be smeared with (action)" (まみれる)
[error] HTTP 403 for query "deception; sham; fake (object)"
[skipped] no result for "deception; sham; fake (object)" (まやかし)
[error] HTTP 403 for query "to surge, brim (action)"
[skipped] no result for "to surge, brim (action)" (みなぎる)
[error] HTTP 403 for query "to bare, expose (action)"
[skipped] no result for "to bare, expose (action)" (むき出す)
[error] HTTP 403 for query "to devour, indulge in (action)"
[skipped] no result for "to devour, indulge in (action)" (むさぼる)
[error] HTTP 403 for query "to aim at; to target (action)"
[skipped] no result for "to aim at; to target (action)" (めがける)
[error] HTTP 403 for query "to struggle; to writhe; to thrash about (action)"
[skipped] no result for "to struggle; to writhe; to thrash about (action)" (もがく)
[error] HTTP 403 for query "to feel heavy (stomach) (action)"
[skipped] no result for "to feel heavy (stomach) (action)" (もたれる)
[error] HTTP 403 for query "to get tangled (action)"
[skipped] no result for "to get tangled (action)" (もつれる)
[error] HTTP 403 for query "to become haggard; to be worn out; to become emaciated (action)"
[skipped] no result for "to become haggard; to be worn out; to become emaciated (action)" (やつれる)
[error] HTTP 403 for query "leisure, room to breathe (object)"
[skipped] no result for "leisure, room to breathe (object)" (ゆとり)
[error] HTTP 403 for query "to clamber up (action)"
[skipped] no result for "to clamber up (action)" (よじ登る)
[error] HTTP 403 for query "drool; saliva (object)"
[skipped] no result for "drool; saliva (object)" (よだれ)
[error] HTTP 403 for query "to come back to life; revive (intransitive) (action)"
[skipped] no result for "to come back to life; revive (intransitive) (action)" (よみがえる)
[error] HTTP 403 for query "alibi (loanword) (object)"
[skipped] no result for "alibi (loanword) (object)" (アリバイ)
[error] HTTP 403 for query "to get irritated (action)"
[skipped] no result for "to get irritated (action)" (イラ立つ)
[error] HTTP 403 for query "illusion (object)"
[skipped] no result for "illusion (object)" (イリュージョン)
[error] HTTP 403 for query "aurora; northern/southern lights (object)"
[skipped] no result for "aurora; northern/southern lights (object)" (オーロラ)
[error] HTTP 403 for query "kappa (water sprite folklore creature) (object)"
[skipped] no result for "kappa (water sprite folklore creature) (object)" (カッパ)
[error] HTTP 403 for query "carat (unit of weight for gems) (object)"
[skipped] no result for "carat (unit of weight for gems) (object)" (カラット)
[error] HTTP 403 for query "to glare/shine sharply (mimetic) (action)"
[skipped] no result for "to glare/shine sharply (mimetic) (action)" (ギラッとする)
[error] HTTP 403 for query "core; center (object)"
[skipped] no result for "core; center (object)" (コア)
[error] HTTP 403 for query "sadist (object)"
[skipped] no result for "sadist (object)" (サディスト)
[error] HTTP 403 for query "be silky, smooth (mimetic) (action)"
[skipped] no result for "be silky, smooth (mimetic) (action)" (サラッとする)
[error] HTTP 403 for query "Billy (proper noun, song title reference) (object)"
[skipped] no result for "Billy (proper noun, song title reference) (object)" (ザビリー)
[error] HTTP 403 for query "be gritty (mimetic) (action)"
[skipped] no result for "be gritty (mimetic) (action)" (ザラッとする)
[error] HTTP 403 for query "be crisp/alert (mimetic) (action)"
[skipped] no result for "be crisp/alert (mimetic) (action)" (シャキッとする)
[error] HTTP 403 for query "sympathy; empathy (loanword) (object)"
[skipped] no result for "sympathy; empathy (loanword) (object)" (シンパシー)
[error] HTTP 403 for query "jigsaw puzzle (object)"
[skipped] no result for "jigsaw puzzle (object)" (ジグソーパズル)
[error] HTTP 403 for query "to shiver (mimetic) (action)"
[skipped] no result for "to shiver (mimetic) (action)" (ゾクッとする)
[error] HTTP 403 for query "gibberish; total nonsense (Edo-era mimetic) (object)"
[skipped] no result for "gibberish; total nonsense (Edo-era mimetic) (object)" (チンプンカン)
[error] HTTP 403 for query "be glossy (mimetic) (action)"
[skipped] no result for "be glossy (mimetic) (action)" (ツヤッとする)
[error] HTTP 403 for query "be aloof (mimetic) (action)"
[skipped] no result for "be aloof (mimetic) (action)" (ツンとする)
[error] HTTP 403 for query "thesis (German) (object)"
[skipped] no result for "thesis (German) (object)" (テーゼ)
[error] HTTP 403 for query "uneven, bumpy (object)"
[skipped] no result for "uneven, bumpy (object)" (デコボコ)
[error] HTTP 403 for query "Despirates (coined term combining 'death' and 'pirates') (object)"
[skipped] no result for "Despirates (coined term combining 'death' and 'pirates') (object)" (デスパイレーツ)
[error] HTTP 403 for query "heart skips a beat (mimetic) (action)"
[skipped] no result for "heart skips a beat (mimetic) (action)" (ドキッとする)
[error] HTTP 403 for query "hyena (object)"
[skipped] no result for "hyena (object)" (ハイエナ)
[error] HTTP 403 for query "Bible (loanword) (object)"
[skipped] no result for "Bible (loanword) (object)" (バイブル)
[error] HTTP 403 for query "pathos (Greek) (object)"
[skipped] no result for "pathos (Greek) (object)" (パトス)
[error] HTTP 403 for query "hysteria (object)"
[skipped] no result for "hysteria (object)" (ヒステリー)
[error] HTTP 403 for query "to get scared (slang) (action)"
[skipped] no result for "to get scared (slang) (action)" (ビビる)
[error] HTTP 403 for query "Billy (proper noun) (object)"
[skipped] no result for "Billy (proper noun) (object)" (ビリー)
[error] HTTP 403 for query "(intensifying prefix — Edo slang) (object)"
[skipped] no result for "(intensifying prefix — Edo slang) (object)" (ブチ)
[error] HTTP 403 for query "to land a hard hit (slang) (action)"
[skipped] no result for "to land a hard hit (slang) (action)" (ブチかます)
[error] HTTP 403 for query "bluff (object)"
[skipped] no result for "bluff (object)" (ブラフ)
[error] HTTP 403 for query "sludge; slime; muck (object)"
[skipped] no result for "sludge; slime; muck (object)" (ヘドロ)
[error] HTTP 403 for query "pain (English loanword) (object)"
[skipped] no result for "pain (English loanword) (object)" (ペイン)
[error] HTTP 403 for query "White House (object)"
[skipped] no result for "White House (object)" (ホワイトハウス)
[error] HTTP 403 for query "borderline (object)"
[skipped] no result for "borderline (object)" (ボーダーライン)
[error] HTTP 403 for query "magma (object)"
[skipped] no result for "magma (object)" (マグマ)
[error] HTTP 403 for query "mellow; smooth (まろやか) — used as a na-adj (object)"
[skipped] no result for "mellow; smooth (まろやか) — used as a na-adj (object)" (マロヤカ)
[error] HTTP 403 for query "mirage (loanword) (object)"
[skipped] no result for "mirage (loanword) (object)" (ミラージュ)
[error] HTTP 403 for query "metamorphosis (German loanword 'Metamorphose') (object)"
[skipped] no result for "metamorphosis (German loanword 'Metamorphose') (object)" (メタモルフォーゼ)
[error] HTTP 403 for query "rising (loanword used as a noun) (object)"
[skipped] no result for "rising (loanword used as a noun) (object)" (ライジング)
[error] HTTP 403 for query "rewrite (object)"
[skipped] no result for "rewrite (object)" (リライト)
[error] HTTP 403 for query "everything; the whole lot; all of it (object)"
[skipped] no result for "everything; the whole lot; all of it (object)" (一切合切)
[error] HTTP 403 for query "wholeheartedly; with undivided attention (object)"
[skipped] no result for "wholeheartedly; with undivided attention (object)" (一心不乱)
[error] HTTP 403 for query "every gesture (yojijukugo) (object)"
[skipped] no result for "every gesture (yojijukugo) (object)" (一挙手一投足)
[error] HTTP 403 for query "a drop; a droplet (object)"
[skipped] no result for "a drop; a droplet (object)" (一滴)
[error] HTTP 403 for query "a piece; a fragment; a bit (object)"
[skipped] no result for "a piece; a fragment; a bit (object)" (一片)
[error] HTTP 403 for query "first to arrive (object)"
[skipped] no result for "first to arrive (object)" (一番乗り)
[error] HTTP 403 for query "a glance (object)"
[skipped] no result for "a glance (object)" (一瞥)
[error] HTTP 403 for query "ordinary means (usu. with ではいかない: 'not easy to handle') (object)"
[skipped] no result for "ordinary means (usu. with ではいかない: 'not easy to handle') (object)" (一筋縄)
[error] HTTP 403 for query "a single bloom (object)"
[skipped] no result for "a single bloom (object)" (一輪)
[error] HTTP 403 for query "great heights; immense depth (of feeling) (object)"
[skipped] no result for "great heights; immense depth (of feeling) (object)" (万丈)
[error] HTTP 403 for query "the earthly world; this world (below heaven) (object)"
[skipped] no result for "the earthly world; this world (below heaven) (object)" (下界)
[error] HTTP 403 for query "distrust (object)"
[skipped] no result for "distrust (object)" (不信)
[error] HTTP 403 for query "unwilling; against one's will (na-adj) (object)"
[skipped] no result for "unwilling; against one's will (na-adj) (object)" (不本意)
[error] HTTP 403 for query "absurdity; irrationality (object)"
[skipped] no result for "absurdity; irrationality (object)" (不条理)
[error] HTTP 403 for query "phoenix (object)"
[skipped] no result for "phoenix (object)" (不死鳥)
[error] HTTP 403 for query "discontinuous line, weather front (object)"
[skipped] no result for "discontinuous line, weather front (object)" (不連続線)
[error] HTTP 403 for query "world line (timeline) (object)"
[skipped] no result for "world line (timeline) (object)" (世界線)
[error] HTTP 403 for query "row of trees; tree-lined avenue (object)"
[skipped] no result for "row of trees; tree-lined avenue (object)" (並木)
[error] HTTP 403 for query "slander; libel; defamation (object)"
[skipped] no result for "slander; libel; defamation (object)" (中傷)
[error] HTTP 403 for query "to bloom in disarray (action)"
[skipped] no result for "to bloom in disarray (action)" (乱れ咲く)
[error] HTTP 403 for query "age of chaos; turbulent times; war-torn era (object)"
[skipped] no result for "age of chaos; turbulent times; war-torn era (object)" (乱世)
[error] HTTP 403 for query "wild dance (object)"
[skipped] no result for "wild dance (object)" (乱舞)
[error] HTTP 403 for query "trivial matter (object)"
[skipped] no result for "trivial matter (object)" (些事)
[error] HTTP 403 for query "misanthropy; a misanthrope (object)"
[skipped] no result for "misanthropy; a misanthrope (object)" (人嫌い)
[error] HTTP 403 for query "human rights (object)"
[skipped] no result for "human rights (object)" (人権)
[error] HTTP 403 for query "presence of people (object)"
[skipped] no result for "presence of people (object)" (人気)
[error] HTTP 403 for query "crowd ('wave of people') (object)"
[skipped] no result for "crowd ('wave of people') (object)" (人波)
[error] HTTP 403 for query "tonight; this evening (literary) (object)"
[skipped] no result for "tonight; this evening (literary) (object)" (今宵)
[error] HTTP 403 for query "moment of death (literary) (object)"
[skipped] no result for "moment of death (literary) (object)" (今際)
[error] HTTP 403 for query "to plot, set up (action)"
[skipped] no result for "to plot, set up (action)" (仕組む)
[error] HTTP 403 for query "someone else's problem; none of one's business (object)"
[skipped] no result for "someone else's problem; none of one's business (object)" (他人事)
[error] HTTP 403 for query "triviality; senselessness (usually as 他愛もない 'trivial, silly') (object)"
[skipped] no result for "triviality; senselessness (usually as 他愛もない 'trivial, silly') (object)" (他愛)
[error] HTTP 403 for query "something inseparable; necessary accompaniment (object)"
[skipped] no result for "something inseparable; necessary accompaniment (object)" (付き物)
[error] HTTP 403 for query "temporary, makeshift (object)"
[skipped] no result for "temporary, makeshift (object)" (仮初め)
[error] HTTP 403 for query "virtual, hypothetical (object)"
[skipped] no result for "virtual, hypothetical (object)" (仮想)
[error] HTTP 403 for query "to go along; to trickle down; to travel along a surface (action)"
[skipped] no result for "to go along; to trickle down; to travel along a surface (action)" (伝う)
[error] HTTP 403 for query "outsider (object)"
[skipped] no result for "outsider (object)" (余所者)
[error] HTTP 403 for query "looking away; glancing aside (object)"
[skipped] no result for "looking away; glancing aside (object)" (余所見)
[error] HTTP 403 for query "messenger, envoy (object)"
[skipped] no result for "messenger, envoy (object)" (使者)
[error] HTTP 403 for query "to invade, violate (action)"
[skipped] no result for "to invade, violate (action)" (侵す)
[error] HTTP 403 for query "invasion attack; assault (rare literary coinage) (object)"
[skipped] no result for "invasion attack; assault (rare literary coinage) (object)" (侵撃)
[error] HTTP 403 for query "to urge; prompt (action)"
[skipped] no result for "to urge; prompt (action)" (促す)
[error] HTTP 403 for query "to believe to the very end (action)"
[skipped] no result for "to believe to the very end (action)" (信じ抜く)
[error] HTTP 403 for query "faith, sincerity (literary) (object)"
[skipped] no result for "faith, sincerity (literary) (object)" (信実)
[error] HTTP 403 for query "Asura; scene of carnage; fierce struggle (object)"
[skipped] no result for "Asura; scene of carnage; fierce struggle (object)" (修羅)
[error] HTTP 403 for query "scene of carnage; bloodbath; chaotic scene (object)"
[skipped] no result for "scene of carnage; bloodbath; chaotic scene (object)" (修羅場)
[error] HTTP 403 for query "to look down (dejectedly) (action)"
[skipped] no result for "to look down (dejectedly) (action)" (俯く)
[error] HTTP 403 for query "bird's-eye view / detachment (object)"
[skipped] no result for "bird's-eye view / detachment (object)" (俯瞰)
[error] HTTP 403 for query "each; individually (object)"
[skipped] no result for "each; individually (object)" (個々)
[error] HTTP 403 for query "great person; historical hero (object)"
[skipped] no result for "great person; historical hero (object)" (偉人)
[error] HTTP 403 for query "to lie; to deceive; to falsify (action)"
[skipped] no result for "to lie; to deceive; to falsify (action)" (偽る)
[error] HTTP 403 for query "hypocrisy (object)"
[skipped] no result for "hypocrisy (object)" (偽善)
[error] HTTP 403 for query "beside; side; vicinity (object)"
[skipped] no result for "beside; side; vicinity (object)" (傍ら)
[error] HTTP 403 for query "under the umbrella of; affiliated with; subsidiary (object)"
[skipped] no result for "under the umbrella of; affiliated with; subsidiary (object)" (傘下)
[error] HTTP 403 for query "preconception, prejudice (object)"
[skipped] no result for "preconception, prejudice (object)" (先入観)
[error] HTTP 403 for query "first move; initiative; the upper hand (object)"
[skipped] no result for "first move; initiative; the upper hand (object)" (先手)
[error] HTTP 403 for query "to precede; to go before; (money) needed upfront (action)"
[skipped] no result for "to precede; to go before; (money) needed upfront (action)" (先立つ)
[error] HTTP 403 for query "reading ahead; anticipating; foreseeing (object)"
[skipped] no result for "reading ahead; anticipating; foreseeing (object)" (先読み)
[error] HTTP 403 for query "postponement; putting off; deferral (object)"
[skipped] no result for "postponement; putting off; deferral (object)" (先送り)
[error] HTTP 403 for query "light year (object)"
[skipped] no result for "light year (object)" (光年)
[error] HTTP 403 for query "one's entire body and soul; all one's might (yojijukugo) (object)"
[skipped] no result for "one's entire body and soul; all one's might (yojijukugo) (object)" (全身全霊)
[error] HTTP 403 for query "full speed; top speed (object)"
[skipped] no result for "full speed; top speed (object)" (全速力)
[error] HTTP 403 for query "crown; coronet (object)"
[skipped] no result for "crown; coronet (object)" (冠)
[error] HTTP 403 for query "the underworld; Hades; realm of the dead (object)"
[skipped] no result for "the underworld; Hades; realm of the dead (object)" (冥府)
[error] HTTP 403 for query "to be clear; to be bright; to be sharp (mind) (action)"
[skipped] no result for "to be clear; to be bright; to be sharp (mind) (action)" (冴える)
[error] HTTP 403 for query "to freeze (limbs) (action)"
[skipped] no result for "to freeze (limbs) (action)" (凍える)
[error] HTTP 403 for query "to freeze over; to be frozen solid (action)"
[skipped] no result for "to freeze over; to be frozen solid (action)" (凍てつく)
[error] HTTP 403 for query "to harden; congeal; get absorbed in (action)"
[skipped] no result for "to harden; congeal; get absorbed in (action)" (凝る)
[error] HTTP 403 for query "mediocrity; ordinariness (object)"
[skipped] no result for "mediocrity; ordinariness (object)" (凡庸)
[error] HTTP 403 for query "song of victory; triumphal song (object)"
[skipped] no result for "song of victory; triumphal song (object)" (凱歌)
[error] HTTP 403 for query "deadly weapon (sung here as 道具 'tool') (object)"
[skipped] no result for "deadly weapon (sung here as 道具 'tool') (object)" (凶器)
[error] HTTP 403 for query "bumpy, uneven (object)"
[skipped] no result for "bumpy, uneven (object)" (凸凹)
[error] HTTP 403 for query "taking out and putting in (e.g. of money, items) (object)"
[skipped] no result for "taking out and putting in (e.g. of money, items) (object)" (出し入れ)
[error] HTTP 403 for query "off-the-shelf, ready-made (object)"
[skipped] no result for "off-the-shelf, ready-made (object)" (出来合い)
[error] HTTP 403 for query "nonsense; baloney; haphazard (object)"
[skipped] no result for "nonsense; baloney; haphazard (object)" (出鱈目)
[error] HTTP 403 for query "blade; edge (of a sword) (object)"
[skipped] no result for "blade; edge (of a sword) (object)" (刃)
[error] HTTP 403 for query "blade; sword (literary; also read は) (object)"
[skipped] no result for "blade; sword (literary; also read は) (object)" (刃)
[error] HTTP 403 for query "to chop up; to cut into pieces; to mince (action)"
[skipped] no result for "to chop up; to cut into pieces; to mince (action)" (切り刻む)
[error] HTTP 403 for query "to cut off; to cast aside; to discard (action)"
[skipped] no result for "to cut off; to cast aside; to discard (action)" (切り捨てる)
[error] HTTP 403 for query "to carve out; to pioneer; to cut one's way through (action)"
[skipped] no result for "to carve out; to pioneer; to cut one's way through (action)" (切り開く)
[error] HTTP 403 for query "to cut open; to carve out (a path); to break through (action)"
[skipped] no result for "to cut open; to carve out (a path); to break through (action)" (切り開ける)
[error] HTTP 403 for query "judgment; decision; verdict (object)"
[skipped] no result for "judgment; decision; verdict (object)" (判定)
[error] HTTP 403 for query "to divide; to separate; to distinguish (action)"
[skipped] no result for "to divide; to separate; to distinguish (action)" (別つ)
[error] HTTP 403 for query "to engrave; to carve in; to etch (into memory) (action)"
[skipped] no result for "to engrave; to carve in; to etch (into memory) (action)" (刻み付ける)
[error] HTTP 403 for query "to engrave deeply (action)"
[skipped] no result for "to engrave deeply (action)" (刻み込む)
[error] HTTP 403 for query "precedent (object)"
[skipped] no result for "precedent (object)" (前例)
[error] HTTP 403 for query "criminal record (object)"
[skipped] no result for "criminal record (object)" (前科)
[error] HTTP 403 for query "front line (object)"
[skipped] no result for "front line (object)" (前線)
[error] HTTP 403 for query "to tear off, strip (action)"
[skipped] no result for "to tear off, strip (action)" (剥ぎ取る)
[error] HTTP 403 for query "to rip off (action)"
[skipped] no result for "to rip off (action)" (剥ぐ)
[error] HTTP 403 for query "taxidermied animal (object)"
[skipped] no result for "taxidermied animal (object)" (剥製)
[error] HTTP 403 for query "with all one's strength; by brute force (object)"
[skipped] no result for "with all one's strength; by brute force (object)" (力任せ)
[error] HTTP 403 for query "disadvantage, weak position (object)"
[skipped] no result for "disadvantage, weak position (object)" (劣勢)
[error] HTTP 403 for query "inferiority complex (object)"
[skipped] no result for "inferiority complex (object)" (劣等感)
[error] HTTP 403 for query "chance of winning (object)"
[skipped] no result for "chance of winning (object)" (勝ち目)
[error] HTTP 403 for query "to be ahead in wins; to have a winning record (action)"
[skipped] no result for "to be ahead in wins; to have a winning record (action)" (勝ち越す)
[error] HTTP 403 for query "winning percentage; win rate (object)"
[skipped] no result for "winning percentage; win rate (object)" (勝率)
[error] HTTP 403 for query "to grow intense; to mount; to recruit (action)"
[skipped] no result for "to grow intense; to mount; to recruit (action)" (募る)
[error] HTTP 403 for query "medal; decoration; order (object)"
[skipped] no result for "medal; decoration; order (object)" (勲章)
[error] HTTP 403 for query "false front, mask (object)"
[skipped] no result for "false front, mask (object)" (化けの皮)
[error] HTTP 403 for query "to turn into; to be transformed into (action)"
[skipped] no result for "to turn into; to be transformed into (action)" (化す)
[error] HTTP 403 for query "the North Pole; the Arctic (object)"
[skipped] no result for "the North Pole; the Arctic (object)" (北極)
[error] HTTP 403 for query "to shelter; to hide; to harbor (a person) (action)"
[skipped] no result for "to shelter; to hide; to harbor (a person) (action)" (匿う)
[error] HTTP 403 for query "tearing into shreds (here a poetic ateji for 契り — a broken pledge) (object)"
[skipped] no result for "tearing into shreds (here a poetic ateji for 契り — a broken pledge) (object)" (千切り)
[error] HTTP 403 for query "single-celled; (slang) simple-minded person (object)"
[skipped] no result for "single-celled; (slang) simple-minded person (object)" (単細胞)
[error] HTTP 403 for query "I have arrived (humble) (object)"
[skipped] no result for "I have arrived (humble) (object)" (参上)
[error] HTTP 403 for query "entering battle (object)"
[skipped] no result for "entering battle (object)" (参戦)
[error] HTTP 403 for query "balance of income and expenses (object)"
[skipped] no result for "balance of income and expenses (object)" (収支)
[error] HTTP 403 for query "to be possessed; to be obsessed with (action)"
[skipped] no result for "to be possessed; to be obsessed with (action)" (取りつかれる)
[error] HTTP 403 for query "borrowed opinion; repeating what one heard (object)"
[skipped] no result for "borrowed opinion; repeating what one heard (object)" (受け売り)
[error] HTTP 403 for query "to hum; to sing to oneself (action)"
[skipped] no result for "to hum; to sing to oneself (action)" (口ずさむ)
[error] HTTP 403 for query "kiss (object)"
[skipped] no result for "kiss (object)" (口づけ)
[error] HTTP 403 for query "mere talk; lip service (object)"
[skipped] no result for "mere talk; lip service (object)" (口先)
[error] HTTP 403 for query "to throw violently against; to slam down (action)"
[skipped] no result for "to throw violently against; to slam down (action)" (叩き付ける)
[error] HTTP 403 for query "to drive into; to hammer in; to drum into (one's head) (action)"
[skipped] no result for "to drive into; to hammer in; to drum into (one's head) (action)" (叩き込む)
[error] HTTP 403 for query "shout; scream; cry (object)"
[skipped] no result for "shout; scream; cry (object)" (叫び声)
[error] HTTP 403 for query "strongest in history (yojijukugo) (object)"
[skipped] no result for "strongest in history (yojijukugo) (object)" (史上最強)
[error] HTTP 403 for query "prayer-hands gesture / R.I.P. (object)"
[skipped] no result for "prayer-hands gesture / R.I.P. (object)" (合掌)
[error] HTTP 403 for query "auspicious day; lucky day (object)"
[skipped] no result for "auspicious day; lucky day (object)" (吉日)
[error] HTTP 403 for query "justification; moral duty (object)"
[skipped] no result for "justification; moral duty (object)" (名分)
[error] HTTP 403 for query "lingering trace / vestige (object)"
[skipped] no result for "lingering trace / vestige (object)" (名残)
[error] HTTP 403 for query "remnant, vestige (object)"
[skipped] no result for "remnant, vestige (object)" (名残り)
[error] HTTP 403 for query "a masterpiece (painting); a famous picture (object)"
[skipped] no result for "a masterpiece (painting); a famous picture (object)" (名画)
[error] HTTP 403 for query "famous saying; wise words; quote (object)"
[skipped] no result for "famous saying; wise words; quote (object)" (名言)
[error] HTTP 403 for query "sigh; breath (object)"
[skipped] no result for "sigh; breath (object)" (吐息)
[error] HTTP 403 for query "suppressed laugh; smirk; knowing smile (object)"
[skipped] no result for "suppressed laugh; smirk; knowing smile (object)" (含み笑い)
[error] HTTP 403 for query "to blow through (action)"
[skipped] no result for "to blow through (action)" (吹き抜ける)
[error] HTTP 403 for query "to blow violently; to rage (of wind) (action)"
[skipped] no result for "to blow violently; to rage (of wind) (action)" (吹き荒れる)
[error] HTTP 403 for query "to declare, proclaim (action)"
[skipped] no result for "to declare, proclaim (action)" (告ぐ)
[error] HTTP 403 for query "curse / binding spell (object)"
[skipped] no result for "curse / binding spell (object)" (呪縛)
[error] HTTP 403 for query "to awaken; call forth (action)"
[skipped] no result for "to awaken; call forth (action)" (呼び覚ます)
[error] HTTP 403 for query "reconciliation; settlement (object)"
[skipped] no result for "reconciliation; settlement (object)" (和解)
[error] HTTP 403 for query "fault; blame; sin; guilt (object)"
[skipped] no result for "fault; blame; sin; guilt (object)" (咎)
[error] HTTP 403 for query "to be in full bloom; to bloom in glory (action)"
[skipped] no result for "to be in full bloom; to bloom in glory (action)" (咲き誇る)
[error] HTTP 403 for query "pity; sorrow; pathos (object)"
[skipped] no result for "pity; sorrow; pathos (object)" (哀れ)
[error] HTTP 403 for query "entreaty; supplication; petition (object)"
[skipped] no result for "entreaty; supplication; petition (object)" (哀願)
[error] HTTP 403 for query "one and only, unparalleled (object)"
[skipped] no result for "one and only, unparalleled (object)" (唯一無二)
[error] HTTP 403 for query "saliva; spit (object)"
[skipped] no result for "saliva; spit (object)" (唾液)
[error] HTTP 403 for query "no questions / no discussion (object)"
[skipped] no result for "no questions / no discussion (object)" (問答無用)
[error] HTTP 403 for query "good and evil (object)"
[skipped] no result for "good and evil (object)" (善悪)
[error] HTTP 403 for query "to shout; to cry out; to yell (action)"
[skipped] no result for "to shout; to cry out; to yell (action)" (喚く)
[error] HTTP 403 for query "the full range of human emotions (object)"
[skipped] no result for "the full range of human emotions (object)" (喜怒哀楽)
[error] HTTP 403 for query "applause / acclaim (object)"
[skipped] no result for "applause / acclaim (object)" (喝采)
[error] HTTP 403 for query "loss, bereavement (object)"
[skipped] no result for "loss, bereavement (object)" (喪失)
[error] HTTP 403 for query "to wolf down / devour (action)"
[skipped] no result for "to wolf down / devour (action)" (喰らう)
[error] HTTP 403 for query "to sneer; mock (literary kanji of 笑う) (action)"
[skipped] no result for "to sneer; mock (literary kanji of 笑う) (action)" (嗤う)
[error] HTTP 403 for query "to boast; to brag; to feign ignorance (action)"
[skipped] no result for "to boast; to brag; to feign ignorance (action)" (嘯く)
[error] HTTP 403 for query "to ridicule; sneer at; mock (action)"
[skipped] no result for "to ridicule; sneer at; mock (action)" (嘲る)
[error] HTTP 403 for query "to bite down on / savor (action)"
[skipped] no result for "to bite down on / savor (action)" (噛みしめる)
[error] HTTP 403 for query "to bite; to snap at (action)"
[skipped] no result for "to bite; to snap at (action)" (噛み付く)
[error] HTTP 403 for query "to chew up, crunch (action)"
[skipped] no result for "to chew up, crunch (action)" (噛み砕く)
[error] HTTP 403 for query "to chew over; to reflect deeply on; to savor (action)"
[skipped] no result for "to chew over; to reflect deeply on; to savor (action)" (噛み締める)
[error] HTTP 403 for query "utensil; article; property (legal) (object)"
[skipped] no result for "utensil; article; property (legal) (object)" (器物)
[error] HTTP 403 for query "the beginning; the first arrow (signaling battle) (object)"
[skipped] no result for "the beginning; the first arrow (signaling battle) (object)" (嚆矢)
[error] HTTP 403 for query "whisper (object)"
[skipped] no result for "whisper (object)" (囁き)
[error] HTTP 403 for query "to whisper; to murmur (action)"
[skipped] no result for "to whisper; to murmur (action)" (囁く)
[error] HTTP 403 for query "hayashi; traditional Japanese festival musical accompaniment (object)"
[skipped] no result for "hayashi; traditional Japanese festival musical accompaniment (object)" (囃子)
[error] HTTP 403 for query "to be captured, trapped (action)"
[skipped] no result for "to be captured, trapped (action)" (囚われる)
[error] HTTP 403 for query "surrounded by enemies; besieged on all sides (yojijukugo) (object)"
[skipped] no result for "surrounded by enemies; besieged on all sides (yojijukugo) (object)" (四面楚歌)
[error] HTTP 403 for query "return; recurrence; regression (object)"
[skipped] no result for "return; recurrence; regression (object)" (回帰)
[error] HTTP 403 for query "edge of the sumo ring / last second (object)"
[skipped] no result for "edge of the sumo ring / last second (object)" (土俵際)
[error] HTTP 403 for query "downpour (object)"
[skipped] no result for "downpour (object)" (土砂降り)
[error] HTTP 403 for query "shoes still on; with shoes on (object)"
[skipped] no result for "shoes still on; with shoes on (object)" (土足)
[error] HTTP 403 for query "crushing victory (object)"
[skipped] no result for "crushing victory (object)" (圧勝)
[error] HTTP 403 for query "whereabouts; hiding place; location (object)"
[skipped] no result for "whereabouts; hiding place; location (object)" (在処)
[error] HTTP 403 for query "horizon; ground level (object)"
[skipped] no result for "horizon; ground level (object)" (地平)
[error] HTTP 403 for query "landmine; (slang) triggering topic (object)"
[skipped] no result for "landmine; (slang) triggering topic (object)" (地雷)
[error] HTTP 403 for query "rumble of the earth; tremor (object)"
[skipped] no result for "rumble of the earth; tremor (object)" (地響き)
[error] HTTP 403 for query "to level; to flatten; to even out (action)"
[skipped] no result for "to level; to flatten; to even out (action)" (均す)
[error] HTTP 403 for query "to fill up completely (action)"
[skipped] no result for "to fill up completely (action)" (埋め尽くす)
[error] HTTP 403 for query "to be buried; to be covered; to remain obscure (action)"
[skipped] no result for "to be buried; to be covered; to remain obscure (action)" (埋もれる)
[error] HTTP 403 for query "castle wall; rampart (object)"
[skipped] no result for "castle wall; rampart (object)" (城壁)
[error] HTTP 403 for query "execution / enforcement (object)"
[skipped] no result for "execution / enforcement (object)" (執行)
[error] HTTP 403 for query "to reward; to repay; to recompense (action)"
[skipped] no result for "to reward; to repay; to recompense (action)" (報う)
[error] HTTP 403 for query "to repaint; to rewrite (a record) (action)"
[skipped] no result for "to repaint; to rewrite (a record) (action)" (塗り替える)
[error] HTTP 403 for query "to paint over; to paint out; to fill in (action)"
[skipped] no result for "to paint over; to paint out; to fill in (action)" (塗り潰す)
[error] HTTP 403 for query "to close up; to be blocked; to heal (of a wound) (action)"
[skipped] no result for "to close up; to be blocked; to heal (of a wound) (action)" (塞がる)
[error] HTTP 403 for query "dust; dirt (object)"
[skipped] no result for "dust; dirt (object)" (塵)
[error] HTTP 403 for query "boundary line (object)"
[skipped] no result for "boundary line (object)" (境界線)
[error] HTTP 403 for query "to sell off; to sell out (for cheap) (action)"
[skipped] no result for "to sell off; to sell out (for cheap) (action)" (売りとばす)
[error] HTTP 403 for query "to change beyond recognition (action)"
[skipped] no result for "to change beyond recognition (action)" (変わり果てる)
[error] HTTP 403 for query "transition, change over time (object)"
[skipped] no result for "transition, change over time (object)" (変遷)
[error] HTTP 403 for query "dusk; twilight darkness (object)"
[skipped] no result for "dusk; twilight darkness (object)" (夕闇)
[error] HTTP 403 for query "half-dreaming, half-awake (object)"
[skipped] no result for "half-dreaming, half-awake (object)" (夢うつつ)
[error] HTTP 403 for query "dream; pipe dream; fanciful tale (object)"
[skipped] no result for "dream; pipe dream; fanciful tale (object)" (夢物語)
[error] HTTP 403 for query "great cause; just cause; duty (object)"
[skipped] no result for "great cause; just cause; duty (object)" (大義)
[error] HTTP 403 for query "big storm / chaos (object)"
[skipped] no result for "big storm / chaos (object)" (大荒れ)
[error] HTTP 403 for query "the whole country; the world; supremacy (object)"
[skipped] no result for "the whole country; the world; supremacy (object)" (天下)
[error] HTTP 403 for query "natural enemy; nemesis (object)"
[skipped] no result for "natural enemy; nemesis (object)" (天敵)
[error] HTTP 403 for query "horizon (sky-line) (object)"
[skipped] no result for "horizon (sky-line) (object)" (天空線)
[error] HTTP 403 for query "divine punishment (object)"
[skipped] no result for "divine punishment (object)" (天罰)
[error] HTTP 403 for query "to disappear; to vanish; to be lost (action)"
[skipped] no result for "to disappear; to vanish; to be lost (action)" (失せる)
[error] HTTP 403 for query "disappointment (object)"
[skipped] no result for "disappointment (object)" (失望)
[error] HTTP 403 for query "weird shout (object)"
[skipped] no result for "weird shout (object)" (奇声)
[error] HTTP 403 for query "to run; to rush (literary variant of 走る) (action)"
[skipped] no result for "to run; to rush (literary variant of 走る) (action)" (奔る)
[error] HTTP 403 for query "depths; innermost part (object)"
[skipped] no result for "depths; innermost part (object)" (奥底)
[error] HTTP 403 for query "to snatch away; to seize; to take by force (action)"
[skipped] no result for "to snatch away; to seize; to take by force (action)" (奪い取る)
[error] HTTP 403 for query "to take back by force; to reclaim; to wrest back (action)"
[skipped] no result for "to take back by force; to reclaim; to wrest back (action)" (奪い返す)
[error] HTTP 403 for query "to be stirred up; to rouse oneself; to get fired up (action)"
[skipped] no result for "to be stirred up; to rouse oneself; to get fired up (action)" (奮い立つ)
[error] HTTP 403 for query "envy, resentment (object)"
[skipped] no result for "envy, resentment (object)" (妬み)
[error] HTTP 403 for query "jealousy (object)"
[skipped] no result for "jealousy (object)" (嫉妬)
[error] HTTP 403 for query "to protect to the end; to defend completely (action)"
[skipped] no result for "to protect to the end; to defend completely (action)" (守り抜く)
[error] HTTP 403 for query "peace; tranquility; ease (object)"
[skipped] no result for "peace; tranquility; ease (object)" (安らぎ)
[error] HTTP 403 for query "peace; tranquility (literary) (object)"
[skipped] no result for "peace; tranquility (literary) (object)" (安寧)
[error] HTTP 403 for query "complete combustion / full effort (object)"
[skipped] no result for "complete combustion / full effort (object)" (完全燃焼)
[error] HTTP 403 for query "complete victory; perfect win (object)"
[skipped] no result for "complete victory; perfect win (object)" (完勝)
[error] HTTP 403 for query "mid-air; space; the air (object)"
[skipped] no result for "mid-air; space; the air (object)" (宙)
[error] HTTP 403 for query "fate; destiny; decree (poetic reading of 運命) (object)"
[skipped] no result for "fate; destiny; decree (poetic reading of 運命) (object)" (定め)
[error] HTTP 403 for query "theorem (object)"
[skipped] no result for "theorem (object)" (定理)
[error] HTTP 403 for query "feast; banquet (literary; cf. パーティー) (object)"
[skipped] no result for "feast; banquet (literary; cf. パーティー) (object)" (宴)
[error] HTTP 403 for query "dusk; evening darkness (object)"
[skipped] no result for "dusk; evening darkness (object)" (宵闇)
[error] HTTP 403 for query "livestock; cattle (object)"
[skipped] no result for "livestock; cattle (object)" (家畜)
[error] HTTP 403 for query "to accept; to admit; to tolerate (literary variant of 入れる) (action)"
[skipped] no result for "to accept; to admit; to tolerate (literary variant of 入れる) (action)" (容れる)
[error] HTTP 403 for query "mercy; pardon; leniency (object)"
[skipped] no result for "mercy; pardon; leniency (object)" (容赦)
[error] HTTP 403 for query "to carry within; to harbor; to give lodging to (action)"
[skipped] no result for "to carry within; to harbor; to give lodging to (action)" (宿す)
[error] HTTP 403 for query "mistletoe; resting tree (poetic) (object)"
[skipped] no result for "mistletoe; resting tree (poetic) (object)" (宿り木)
[error] HTTP 403 for query "to dwell; to reside; to be lodged in (action)"
[skipped] no result for "to dwell; to reside; to be lodged in (action)" (宿る)
[error] HTTP 403 for query "collection of messages; group-signed card (object)"
[skipped] no result for "collection of messages; group-signed card (object)" (寄せ書き)
[error] HTTP 403 for query "to shine in; to stream in (of light) (action)"
[skipped] no result for "to shine in; to stream in (of light) (action)" (射し込む)
[error] HTTP 403 for query "dignity; majesty (object)"
[skipped] no result for "dignity; majesty (object)" (尊厳)
[error] HTTP 403 for query "fuse (of an explosive); trigger (object)"
[skipped] no result for "fuse (of an explosive); trigger (object)" (導火線)
[error] HTTP 403 for query "small boat (object)"
[skipped] no result for "small boat (object)" (小舟)
[error] HTTP 403 for query "alley; narrow lane; path (object)"
[skipped] no result for "alley; narrow lane; path (object)" (小路)
[error] HTTP 403 for query "vanguard; advance soldier (literary military) (object)"
[skipped] no result for "vanguard; advance soldier (literary military) (object)" (尖兵)
[error] HTTP 403 for query "to settle, take up residence (action)"
[skipped] no result for "to settle, take up residence (action)" (居着く)
[error] HTTP 403 for query "refraction; warping; distortion (object)"
[skipped] no result for "refraction; warping; distortion (object)" (屈折)
[error] HTTP 403 for query "humiliation (object)"
[skipped] no result for "humiliation (object)" (屈辱)
[error] HTTP 403 for query "corpse; dead body (literary) (object)"
[skipped] no result for "corpse; dead body (literary) (object)" (屍)
[error] HTTP 403 for query "view; outlook; prospect (object)"
[skipped] no result for "view; outlook; prospect (object)" (展望)
[error] HTTP 403 for query "to slaughter; to butcher; to massacre (action)"
[skipped] no result for "to slaughter; to butcher; to massacre (action)" (屠る)
[error] HTTP 403 for query "to crumble away (action)"
[skipped] no result for "to crumble away (action)" (崩れ去る)
[error] HTTP 403 for query "balance; net amount; deduction (object)"
[skipped] no result for "balance; net amount; deduction (object)" (差し引き)
[error] HTTP 403 for query "self (literary) (object)"
[skipped] no result for "self (literary) (object)" (己)
[error] HTTP 403 for query "rewind (object)"
[skipped] no result for "rewind (object)" (巻き戻し)
[error] HTTP 403 for query "checkered pattern; Ichimatsu (traditional checker motif) (object)"
[skipped] no result for "checkered pattern; Ichimatsu (traditional checker motif) (object)" (市松)
[error] HTTP 403 for query "sail (of a ship) (object)"
[skipped] no result for "sail (of a ship) (object)" (帆)
[error] HTTP 403 for query "to take on; to be tinged with; to carry (action)"
[skipped] no result for "to take on; to be tinged with; to carry (action)" (帯びる)
[error] HTTP 403 for query "the beginning; opening; raising of the curtain (object)"
[skipped] no result for "the beginning; opening; raising of the curtain (object)" (幕開け)
[error] HTTP 403 for query "to dry up completely (action)"
[skipped] no result for "to dry up completely (action)" (干からびる)
[error] HTTP 403 for query "balance, equilibrium (object)"
[skipped] no result for "balance, equilibrium (object)" (平衡)
[error] HTTP 403 for query "tree rings; rings of life experience (object)"
[skipped] no result for "tree rings; rings of life experience (object)" (年輪)
[error] HTTP 403 for query "illusion; phantom; vision (object)"
[skipped] no result for "illusion; phantom; vision (object)" (幻)
[error] HTTP 403 for query "phantom; illusion (object)"
[skipped] no result for "phantom; illusion (object)" (幻影)
[error] HTTP 403 for query "how many times; many times (object)"
[skipped] no result for "how many times; many times (object)" (幾度)
[error] HTTP 403 for query "many layers; manifold (literary) (object)"
[skipped] no result for "many layers; manifold (literary) (object)" (幾重)
[error] HTTP 403 for query "bottomless (object)"
[skipped] no result for "bottomless (object)" (底なし)
[error] HTTP 403 for query "courage; nerve; guts (object)"
[skipped] no result for "courage; nerve; guts (object)" (度胸)
[error] HTTP 403 for query "official stance, façade (object)"
[skipped] no result for "official stance, façade (object)" (建前)
[error] HTTP 403 for query "to toy with (action)"
[skipped] no result for "to toy with (action)" (弄ぶ)
[error] HTTP 403 for query "bow-shaped; arched (object)"
[skipped] no result for "bow-shaped; arched (object)" (弓なり)
[error] HTTP 403 for query "to drag out (action)"
[skipped] no result for "to drag out (action)" (引きずり出す)
[error] HTTP 403 for query "to drag in; to pull into (action)"
[skipped] no result for "to drag in; to pull into (action)" (引きずり込む)
[error] HTTP 403 for query "foil, supporting role (object)"
[skipped] no result for "foil, supporting role (object)" (引き立て役)
[error] HTTP 403 for query "to draw (a bow) fully; to strain at full tension (action)"
[skipped] no result for "to draw (a bow) fully; to strain at full tension (action)" (引き絞る)
[error] HTTP 403 for query "to tear apart; rend (action)"
[skipped] no result for "to tear apart; rend (action)" (引き裂く)
[error] HTTP 403 for query "to pull apart; to separate; to leave behind (action)"
[skipped] no result for "to pull apart; to separate; to leave behind (action)" (引き離す)
[error] HTTP 403 for query "bowstring; (taut) string (object)"
[skipped] no result for "bowstring; (taut) string (object)" (弦)
[error] HTTP 403 for query "arc; curve (object)"
[skipped] no result for "arc; curve (object)" (弧)
[error] HTTP 403 for query "to burst; to be ready to burst (with emotion) (action)"
[skipped] no result for "to burst; to be ready to burst (with emotion) (action)" (張り裂ける)
[error] HTTP 403 for query "to give shape to, model (action)"
[skipped] no result for "to give shape to, model (action)" (形どる)
[error] HTTP 403 for query "to shape / form (action)"
[skipped] no result for "to shape / form (action)" (形作る)
[error] HTTP 403 for query "coloring / variety of hues (object)"
[skipped] no result for "coloring / variety of hues (object)" (彩り)
[error] HTTP 403 for query "to color; to paint; to decorate (action)"
[skipped] no result for "to color; to paint; to decorate (action)" (彩る)
[error] HTTP 403 for query "shadow figure; silhouette (object)"
[skipped] no result for "shadow figure; silhouette (object)" (影法師)
[error] HTTP 403 for query "to wander; to roam; to stray (action)"
[skipped] no result for "to wander; to roam; to stray (action)" (彷徨う)
[error] HTTP 403 for query "moment of giving up / last gasp (object)"
[skipped] no result for "moment of giving up / last gasp (object)" (往生際)
[error] HTTP 403 for query "to go; march forth (literary kanji 征 implies conquest) (action)"
[skipped] no result for "to go; march forth (literary kanji 征 implies conquest) (action)" (征く)
[error] HTTP 403 for query "to wait longingly (action)"
[skipped] no result for "to wait longingly (action)" (待ちわびる)
[error] HTTP 403 for query "to wait impatiently for; to long for (action)"
[skipped] no result for "to wait impatiently for; to long for (action)" (待ち侘びる)
[error] HTTP 403 for query "to await; to lie in wait for (action)"
[skipped] no result for "to await; to lie in wait for (action)" (待ち受ける)
[error] HTTP 403 for query "hair at the back of the head (often in the idiom 後ろ髪を引かれる: reluctant to leave) (object)"
[skipped] no result for "hair at the back of the head (often in the idiom 後ろ髪を引かれる: reluctant to leave) (object)" (後ろ髪)
[error] HTTP 403 for query "posterity (object)"
[skipped] no result for "posterity (object)" (後世)
[error] HTTP 403 for query "postponing (object)"
[skipped] no result for "postponing (object)" (後回し)
[error] HTTP 403 for query "blossom that bears no fruit; vain effort (object)"
[skipped] no result for "blossom that bears no fruit; vain effort (object)" (徒花)
[error] HTTP 403 for query "fairy tale (object)"
[skipped] no result for "fairy tale (object)" (御伽話)
[error] HTTP 403 for query "forbidden (archaic) (object)"
[skipped] no result for "forbidden (archaic) (object)" (御法度)
[error] HTTP 403 for query "prayer (formal) (object)"
[skipped] no result for "prayer (formal) (object)" (御祈祷)
[error] HTTP 403 for query "smile; faint smile (object)"
[skipped] no result for "smile; faint smile (object)" (微笑)
[error] HTTP 403 for query "heartbeat; pulse (object)"
[skipped] no result for "heartbeat; pulse (object)" (心拍)
[error] HTTP 403 for query "psychology; state of mind (object)"
[skipped] no result for "psychology; state of mind (object)" (心理)
[error] HTTP 403 for query "certain victory; sure win (object)"
[skipped] no result for "certain victory; sure win (object)" (必勝)
[error] HTTP 403 for query "inevitability; necessity (object)"
[skipped] no result for "inevitability; necessity (object)" (必然)
[error] HTTP 403 for query "to creep up on; to sneak up on (action)"
[skipped] no result for "to creep up on; to sneak up on (action)" (忍び寄る)
[error] HTTP 403 for query "to sneak in (action)"
[skipped] no result for "to sneak in (action)" (忍び込む)
[error] HTTP 403 for query "oblivion; forgetting (object)"
[skipped] no result for "oblivion; forgetting (object)" (忘却)
[error] HTTP 403 for query "pleasure; thrill; pleasant sensation (object)"
[skipped] no result for "pleasure; thrill; pleasant sensation (object)" (快感)
[error] HTTP 403 for query "angry roar; shout of rage (object)"
[skipped] no result for "angry roar; shout of rage (object)" (怒号)
[error] HTTP 403 for query "shouting voice (object)"
[skipped] no result for "shouting voice (object)" (怒鳴り声)
[error] HTTP 403 for query "to picture in one's mind; to envision; to imagine (action)"
[skipped] no result for "to picture in one's mind; to envision; to imagine (action)" (思い描く)
[error] HTTP 403 for query "to recall; to call to mind (action)"
[skipped] no result for "to recall; to call to mind (action)" (思い起こす)
[error] HTTP 403 for query "indolence; laziness; sloth (object)"
[skipped] no result for "indolence; laziness; sloth (object)" (怠惰)
[error] HTTP 403 for query "to hurry someone up (action)"
[skipped] no result for "to hurry someone up (action)" (急かす)
[error] HTTP 403 for query "nose-dive; steep descent (object)"
[skipped] no result for "nose-dive; steep descent (object)" (急降下)
[error] HTTP 403 for query "nature; disposition; inherent trait (object)"
[skipped] no result for "nature; disposition; inherent trait (object)" (性)
[error] HTTP 403 for query "monster; freak (object)"
[skipped] no result for "monster; freak (object)" (怪物)
[error] HTTP 403 for query "to be frightened; to be scared (action)"
[skipped] no result for "to be frightened; to be scared (action)" (怯える)
[error] HTTP 403 for query "fear, dread (object)"
[skipped] no result for "fear, dread (object)" (恐怖心)
[error] HTTP 403 for query "life; breath of life (often in 'to finish off') (object)"
[skipped] no result for "life; breath of life (often in 'to finish off') (object)" (息の根)
[error] HTTP 403 for query "to draw one's last breath; perish (action)"
[skipped] no result for "to draw one's last breath; perish (action)" (息絶える)
[error] HTTP 403 for query "regret (literary noun form of 悔いる) (object)"
[skipped] no result for "regret (literary noun form of 悔いる) (object)" (悔い)
[error] HTTP 403 for query "to regret (action)"
[skipped] no result for "to regret (action)" (悔いる)
[error] HTTP 403 for query "tears of frustration; tears of regret (object)"
[skipped] no result for "tears of frustration; tears of regret (object)" (悔し涙)
[error] HTTP 403 for query "nightmare (object)"
[skipped] no result for "nightmare (object)" (悪夢)
[error] HTTP 403 for query "fierce / desperate struggle (object)"
[skipped] no result for "fierce / desperate struggle (object)" (悪戦苦闘)
[error] HTTP 403 for query "scream; shriek (object)"
[skipped] no result for "scream; shriek (object)" (悲鳴)
[error] HTTP 403 for query "scene; spectacle; sight (object)"
[skipped] no result for "scene; spectacle; sight (object)" (情景)
[error] HTTP 403 for query "to confuse; to lead astray; to bewilder (action)"
[skipped] no result for "to confuse; to lead astray; to bewilder (action)" (惑わす)
[error] HTTP 403 for query "to confuse, lead astray (action)"
[skipped] no result for "to confuse, lead astray (action)" (惑わせる)
[error] HTTP 403 for query "meaning; significance; purpose (object)"
[skipped] no result for "meaning; significance; purpose (object)" (意義)
[error] HTTP 403 for query "sentiment; sentimentality (object)"
[skipped] no result for "sentiment; sentimentality (object)" (感傷)
[error] HTTP 403 for query "thoroughly used to; old hat (object)"
[skipped] no result for "thoroughly used to; old hat (object)" (慣れっこ)
[error] HTTP 403 for query "grief; sorrow; anxiety (object)"
[skipped] no result for "grief; sorrow; anxiety (object)" (憂い)
[error] HTTP 403 for query "hatred; abhorrence (object)"
[skipped] no result for "hatred; abhorrence (object)" (憎悪)
[error] HTTP 403 for query "to be possessed (by spirits) (action)"
[skipped] no result for "to be possessed (by spirits) (action)" (憑かれる)
[error] HTTP 403 for query "repentance; confession; penitence (object)"
[skipped] no result for "repentance; confession; penitence (object)" (懺悔)
[error] HTTP 403 for query "to form; to make up; to constitute (action)"
[skipped] no result for "to form; to make up; to constitute (action)" (成す)
[error] HTTP 403 for query "course of events (object)"
[skipped] no result for "course of events (object)" (成り行き)
[error] HTTP 403 for query "my, our (literary) (object)"
[skipped] no result for "my, our (literary) (object)" (我が)
[error] HTTP 403 for query "to admonish, warn (action)"
[skipped] no result for "to admonish, warn (action)" (戒める)
[error] HTTP 403 for query "strategy; tactics (object)"
[skipped] no result for "strategy; tactics (object)" (戦法)
[error] HTTP 403 for query "to receive; to accept humbly; to hold aloft (action)"
[skipped] no result for "to receive; to accept humbly; to hold aloft (action)" (戴く)
[error] HTTP 403 for query "trick; modus operandi; method (usu. negative) (object)"
[skipped] no result for "trick; modus operandi; method (usu. negative) (object)" (手口)
[error] HTTP 403 for query "to offer (in tribute) (action)"
[skipped] no result for "to offer (in tribute) (action)" (手向ける)
[error] HTTP 403 for query "groping, fumbling in the dark (object)"
[skipped] no result for "groping, fumbling in the dark (object)" (手探り)
[error] HTTP 403 for query "to draw in hand-over-hand (action)"
[skipped] no result for "to draw in hand-over-hand (action)" (手繰り寄せる)
[error] HTTP 403 for query "to open up about / confide (action)"
[skipped] no result for "to open up about / confide (action)" (打ち明ける)
[error] HTTP 403 for query "to break down; to smash through; to defeat (action)"
[skipped] no result for "to break down; to smash through; to defeat (action)" (打ち破る)
[error] HTTP 403 for query "calculation; self-interest; ulterior motive (object)"
[skipped] no result for "calculation; self-interest; ulterior motive (object)" (打算)
[error] HTTP 403 for query "breakthrough; resolution (of a deadlock) (object)"
[skipped] no result for "breakthrough; resolution (of a deadlock) (object)" (打開)
[error] HTTP 403 for query "to resist; to struggle against; to defy (action)"
[skipped] no result for "to resist; to struggle against; to defy (action)" (抗う)
[error] HTTP 403 for query "conflict; strife; feud (object)"
[skipped] no result for "conflict; strife; feud (object)" (抗争)
[error] HTTP 403 for query "to hold tightly; to carry (burdens); to shoulder (action)"
[skipped] no result for "to hold tightly; to carry (burdens); to shoulder (action)" (抱え込む)
[error] HTTP 403 for query "to draw close into one's arms; to hold close (action)"
[skipped] no result for "to draw close into one's arms; to hold close (action)" (抱き寄せる)
[error] HTTP 403 for query "erasure; obliteration; denial of existence (object)"
[skipped] no result for "erasure; obliteration; denial of existence (object)" (抹殺)
[error] HTTP 403 for query "to crush; to squash; to overwhelm (action)"
[skipped] no result for "to crush; to squash; to overwhelm (action)" (押しつぶす)
[error] HTTP 403 for query "to crush (action)"
[skipped] no result for "to crush (action)" (押し潰す)
[error] HTTP 403 for query "to push through (action)"
[skipped] no result for "to push through (action)" (押し通す)
[error] HTTP 403 for query "to refuse; reject; turn down (action)"
[skipped] no result for "to refuse; reject; turn down (action)" (拒む)
[error] HTTP 403 for query "to let fester, complicate (action)"
[skipped] no result for "to let fester, complicate (action)" (拗らせる)
[error] HTTP 403 for query "borrowing (humble); may I have (your attention/hand) (object)"
[skipped] no result for "borrowing (humble); may I have (your attention/hand) (object)" (拝借)
[error] HTTP 403 for query "to be evenly matched, deadlocked (action)"
[skipped] no result for "to be evenly matched, deadlocked (action)" (拮抗する)
[error] HTTP 403 for query "to be unable to handle; to find too much to deal with (action)"
[skipped] no result for "to be unable to handle; to find too much to deal with (action)" (持て余す)
[error] HTTP 403 for query "to challenge; to take on; to dare (action)"
[skipped] no result for "to challenge; to take on; to dare (action)" (挑む)
[error] HTTP 403 for query "setback, failure (object)"
[skipped] no result for "setback, failure (object)" (挫折)
[error] HTTP 403 for query "to brandish; hold aloft (action)"
[skipped] no result for "to brandish; hold aloft (action)" (振りかざす)
[error] HTTP 403 for query "to shake loose (action)"
[skipped] no result for "to shake loose (action)" (振りほどく)
[error] HTTP 403 for query "starting point, square one (object)"
[skipped] no result for "starting point, square one (object)" (振り出し)
[error] HTTP 403 for query "to shake off; to brush aside (action)"
[skipped] no result for "to shake off; to brush aside (action)" (振り払う)
[error] HTTP 403 for query "to wield; to swing; to brandish (action)"
[skipped] no result for "to wield; to swing; to brandish (action)" (振るう)
[error] HTTP 403 for query "to offer; to dedicate; to devote (literary form of 捧げる) (action)"
[skipped] no result for "to offer; to dedicate; to devote (literary form of 捧げる) (action)" (捧ぐ)
[error] HTTP 403 for query "to twist, distort (action)"
[skipped] no result for "to twist, distort (action)" (捻じ曲げる)
[error] HTTP 403 for query "to bestow / grant (action)"
[skipped] no result for "to bestow / grant (action)" (授ける)
[error] HTTP 403 for query "palm (of the hand) (object)"
[skipped] no result for "palm (of the hand) (object)" (掌)
[error] HTTP 403 for query "substitute; replacement (usually in 掛け替えのない = irreplaceable) (object)"
[skipped] no result for "substitute; replacement (usually in 掛け替えのない = irreplaceable) (object)" (掛け替え)
[error] HTTP 403 for query "to raise up; to hoist; to uphold (a slogan, ideal) (action)"
[skipped] no result for "to raise up; to hoist; to uphold (a slogan, ideal) (action)" (掲げる)
[error] HTTP 403 for query "to throw into chaos, stir up (action)"
[skipped] no result for "to throw into chaos, stir up (action)" (掻き乱す)
[error] HTTP 403 for query "to push aside; to push one's way through (action)"
[skipped] no result for "to push aside; to push one's way through (action)" (掻き分ける)
[error] HTTP 403 for query "to stir; to churn up; to disturb (action)"
[skipped] no result for "to stir; to churn up; to disturb (action)" (掻き回す)
[error] HTTP 403 for query "to drown out / erase (action)"
[skipped] no result for "to drown out / erase (action)" (掻き消す)
[error] HTTP 403 for query "to strum; to play loudly (stringed instrument) (action)"
[skipped] no result for "to strum; to play loudly (stringed instrument) (action)" (掻き鳴らす)
[error] HTTP 403 for query "to sway; to waver; to be shaken (action)"
[skipped] no result for "to sway; to waver; to be shaken (action)" (揺らぐ)
[error] HTTP 403 for query "to flicker; to sway; to waver (action)"
[skipped] no result for "to flicker; to sway; to waver (action)" (揺らめく)
[error] HTTP 403 for query "cradle (object)"
[skipped] no result for "cradle (object)" (揺りかご)
[error] HTTP 403 for query "unshakable (action)"
[skipped] no result for "unshakable (action)" (揺るがない)
[error] HTTP 403 for query "to squeeze out; to extract; to wring out (action)"
[skipped] no result for "to squeeze out; to extract; to wring out (action)" (搾り取る)
[error] HTTP 403 for query "to manipulate; to control; to pull the strings (action)"
[skipped] no result for "to manipulate; to control; to pull the strings (action)" (操る)
[error] HTTP 403 for query "to scrape; to graze (skin) (action)"
[skipped] no result for "to scrape; to graze (skin) (action)" (擦りむく)
[error] HTTP 403 for query "ruler, controller (object)"
[skipped] no result for "ruler, controller (object)" (支配者)
[error] HTTP 403 for query "offensive; offensive posture (military) (object)"
[skipped] no result for "offensive; offensive posture (military) (object)" (攻勢)
[error] HTTP 403 for query "lesson; moral (object)"
[skipped] no result for "lesson; moral (object)" (教訓)
[error] HTTP 403 for query "to flicker / scatter (action)"
[skipped] no result for "to flicker / scatter (action)" (散らつく)
[error] HTTP 403 for query "to scatter / inlay (action)"
[skipped] no result for "to scatter / inlay (action)" (散りばめる)
[error] HTTP 403 for query "to cover completely; to spread all over (action)"
[skipped] no result for "to cover completely; to spread all over (action)" (敷き詰める)
[error] HTTP 403 for query "cultural property/heritage (object)"
[skipped] no result for "cultural property/heritage (object)" (文化財)
[error] HTTP 403 for query "(tokenizer fragment — middle kanji of 筋斗雲; classical unit of measure) (object)"
[skipped] no result for "(tokenizer fragment — middle kanji of 筋斗雲; classical unit of measure) (object)" (斗)
[error] HTTP 403 for query "diagonal; at a slant (used in 斜に構える 'cynical stance') (object)"
[skipped] no result for "diagonal; at a slant (used in 斜に構える 'cynical stance') (object)" (斜)
[error] HTTP 403 for query "setting sun; declining (object)"
[skipped] no result for "setting sun; declining (object)" (斜陽)
[error] HTTP 403 for query "to slay; to cut down (with a sword) (action)"
[skipped] no result for "to slay; to cut down (with a sword) (action)" (斬る)
[error] HTTP 403 for query "to sever; to cut off; to break (ties) (action)"
[skipped] no result for "to sever; to cut off; to break (ties) (action)" (断ち切る)
[error] HTTP 403 for query "fragment; piece; shred (object)"
[skipped] no result for "fragment; piece; shred (object)" (断片)
[error] HTTP 403 for query "fresh blood (figurative) (object)"
[skipped] no result for "fresh blood (figurative) (object)" (新血)
[error] HTTP 403 for query "to apply; to give; to bestow (action)"
[skipped] no result for "to apply; to give; to bestow (action)" (施す)
[error] HTTP 403 for query "journey, road of travel (object)"
[skipped] no result for "journey, road of travel (object)" (旅路)
[error] HTTP 403 for query "sunny spot; patch of sunlight (object)"
[skipped] no result for "sunny spot; patch of sunlight (object)" (日だまり)
[error] HTTP 403 for query "perfect day for; good weather for (object)"
[skipped] no result for "perfect day for; good weather for (object)" (日和)
[error] HTTP 403 for query "sun and moon / time (literary) (object)"
[skipped] no result for "sun and moon / time (literary) (object)" (日月)
[error] HTTP 403 for query "to reveal / disclose (action)"
[skipped] no result for "to reveal / disclose (action)" (明かす)
[error] HTTP 403 for query "to spend all one's time on; to be absorbed in; days passing by (action)"
[skipped] no result for "to spend all one's time on; to be absorbed in; days passing by (action)" (明け暮れる)
[error] HTTP 403 for query "light and darkness; contrast (object)"
[skipped] no result for "light and darkness; contrast (object)" (明暗)
[error] HTTP 403 for query "obvious; plain (na-adj) (object)"
[skipped] no result for "obvious; plain (na-adj) (object)" (明白)
[error] HTTP 403 for query "stardust; multitude of small stars (object)"
[skipped] no result for "stardust; multitude of small stars (object)" (星くず)
[error] HTTP 403 for query "early afternoon (object)"
[skipped] no result for "early afternoon (object)" (昼下がり)
[error] HTTP 403 for query "to clear up completely (of sky/weather) (action)"
[skipped] no result for "to clear up completely (of sky/weather) (action)" (晴れ渡る)
[error] HTTP 403 for query "code; cipher; password (object)"
[skipped] no result for "code; cipher; password (object)" (暗号)
[error] HTTP 403 for query "obtuse foolishness (literary) (object)"
[skipped] no result for "obtuse foolishness (literary) (object)" (暗愚)
[error] HTTP 403 for query "to expose / uncover (action)"
[skipped] no result for "to expose / uncover (action)" (暴く)
[error] HTTP 403 for query "(kanji of 曝す 'to expose'; here in compound 曝け出す) (object)"
[skipped] no result for "(kanji of 曝す 'to expose'; here in compound 曝け出す) (object)" (曝)
[error] HTTP 403 for query "to lay bare; to expose; to reveal openly (action)"
[skipped] no result for "to lay bare; to expose; to reveal openly (action)" (曝け出す)
[error] HTTP 403 for query "to wind; to twist; to meander (action)"
[skipped] no result for "to wind; to twist; to meander (action)" (曲がりくねる)
[error] HTTP 403 for query "the cutting edge; latest (object)"
[skipped] no result for "the cutting edge; latest (object)" (最先端)
[error] HTTP 403 for query "maximum; to the utmost (object)"
[skipped] no result for "maximum; to the utmost (object)" (最大限)
[error] HTTP 403 for query "moonlight (object)"
[skipped] no result for "moonlight (object)" (月光)
[error] HTTP 403 for query "a fitting end (idiom) (object)"
[skipped] no result for "a fitting end (idiom) (object)" (有終の美)
[error] HTTP 403 for query "doing what one says; being true to one's word (object)"
[skipped] no result for "doing what one says; being true to one's word (object)" (有言実行)
[error] HTTP 403 for query "finiteness (object)"
[skipped] no result for "finiteness (object)" (有限)
[error] HTTP 403 for query "telescope (object)"
[skipped] no result for "telescope (object)" (望遠鏡)
[error] HTTP 403 for query "sunrise glow (object)"
[skipped] no result for "sunrise glow (object)" (朝焼け)
[error] HTTP 403 for query "grove of trees (object)"
[skipped] no result for "grove of trees (object)" (木立)
[error] HTTP 403 for query "to bunch together (action)"
[skipped] no result for "to bunch together (action)" (束なる)
[error] HTTP 403 for query "all directions (object)"
[skipped] no result for "all directions (object)" (東西南北)
[error] HTTP 403 for query "end; limit; extremity (object)"
[skipped] no result for "end; limit; extremity (object)" (果て)
[error] HTTP 403 for query "to end; to come to an end; to be exhausted (action)"
[skipped] no result for "to end; to come to an end; to be exhausted (action)" (果てる)
[error] HTTP 403 for query "framework, structure (object)"
[skipped] no result for "framework, structure (object)" (枠組み)
[error] HTTP 403 for query "to impose; lay across (literary) (action)"
[skipped] no result for "to impose; lay across (literary) (action)" (架す)
[error] HTTP 403 for query "fiction; imaginary; fictitious (object)"
[skipped] no result for "fiction; imaginary; fictitious (object)" (架空)
[error] HTTP 403 for query "shackle; fetter; burden (object)"
[skipped] no result for "shackle; fetter; burden (object)" (枷)
[error] HTTP 403 for query "entanglements; fetters; binding obligations (object)"
[skipped] no result for "entanglements; fetters; binding obligations (object)" (柵)
[error] HTTP 403 for query "total eradication; extermination; rooting out (object)"
[skipped] no result for "total eradication; extermination; rooting out (object)" (根絶やし)
[error] HTTP 403 for query "root rot (object)"
[skipped] no result for "root rot (object)" (根腐れ)
[error] HTTP 403 for query "brilliant colors; vivid colors; rich coloration (object)"
[skipped] no result for "brilliant colors; vivid colors; rich coloration (object)" (極彩色)
[error] HTTP 403 for query "plan; concept; conception; idea (object)"
[skipped] no result for "plan; concept; conception; idea (object)" (構想)
[error] HTTP 403 for query "spear; lance (object)"
[skipped] no result for "spear; lance (object)" (槍)
[error] HTTP 403 for query "to deceive; to trick; to betray (action)"
[skipped] no result for "to deceive; to trick; to betray (action)" (欺く)
[error] HTTP 403 for query "cheer; shout of joy (object)"
[skipped] no result for "cheer; shout of joy (object)" (歓声)
[error] HTTP 403 for query "warrior's tremor; excited shiver before battle (object)"
[skipped] no result for "warrior's tremor; excited shiver before battle (object)" (武者震い)
[error] HTTP 403 for query "stride; pace length (object)"
[skipped] no result for "stride; pace length (object)" (歩幅)
[error] HTTP 403 for query "place of death; deadly situation (object)"
[skipped] no result for "place of death; deadly situation (object)" (死地)
[error] HTTP 403 for query "wreckage, remains (object)"
[skipped] no result for "wreckage, remains (object)" (残骸)
[error] HTTP 403 for query "to do in; to kill (slang) (action)"
[skipped] no result for "to do in; to kill (slang) (action)" (殺る)
[error] HTTP 403 for query "splash of water (object)"
[skipped] no result for "splash of water (object)" (水しぶき)
[error] HTTP 403 for query "below the surface (object)"
[skipped] no result for "below the surface (object)" (水面下)
[error] HTTP 403 for query "to defile, taint (action)"
[skipped] no result for "to defile, taint (action)" (汚す)
[error] HTTP 403 for query "filthy mud / sludge (object)"
[skipped] no result for "filthy mud / sludge (object)" (汚泥)
[error] HTTP 403 for query "to assume; to jump to conclusions; to decide unilaterally (action)"
[skipped] no result for "to assume; to jump to conclusions; to decide unilaterally (action)" (決めつける)
[error] HTTP 403 for query "kappa (water yokai); (idiom) trivial thing (object)"
[skipped] no result for "kappa (water yokai); (idiom) trivial thing (object)" (河童)
[error] HTTP 403 for query "along the rail line (object)"
[skipped] no result for "along the rail line (object)" (沿線)
[error] HTTP 403 for query "between the waves; a lull in the surf (object)"
[skipped] no result for "between the waves; a lull in the surf (object)" (波間)
[error] HTTP 403 for query "to sob convulsively (action)"
[skipped] no result for "to sob convulsively (action)" (泣きじゃくる)
[error] HTTP 403 for query "smiling through tears; laughing while crying (object)"
[skipped] no result for "smiling through tears; laughing while crying (object)" (泣き笑い)
[error] HTTP 403 for query "way out; means of escape; path to survival (object)"
[skipped] no result for "way out; means of escape; path to survival (object)" (活路)
[error] HTTP 403 for query "shooting star; meteor (object)"
[skipped] no result for "shooting star; meteor (object)" (流星)
[error] HTTP 403 for query "drooling; salivation (clinical/literary) (object)"
[skipped] no result for "drooling; salivation (clinical/literary) (object)" (流涎)
[error] HTTP 403 for query "to surface / rise into view (action)"
[skipped] no result for "to surface / rise into view (action)" (浮かび上がる)
[error] HTTP 403 for query "the open sea; the broad ocean (literary) (object)"
[skipped] no result for "the open sea; the broad ocean (literary) (object)" (海原)
[error] HTTP 403 for query "to fade into nothing (action)"
[skipped] no result for "to fade into nothing (action)" (消え入る)
[error] HTTP 403 for query "to disappear completely; to vanish (action)"
[skipped] no result for "to disappear completely; to vanish (action)" (消え去る)
[error] HTTP 403 for query "erasure; deletion; elimination (object)"
[skipped] no result for "erasure; deletion; elimination (object)" (消去)
[error] HTTP 403 for query "extinction; disappearance; annihilation (object)"
[skipped] no result for "extinction; disappearance; annihilation (object)" (消滅)
[error] HTTP 403 for query "to shed tears; to weep (literary) (action)"
[skipped] no result for "to shed tears; to weep (literary) (action)" (涙する)
[error] HTTP 403 for query "selection; winnowing; weeding out (object)"
[skipped] no result for "selection; winnowing; weeding out (object)" (淘汰)
[error] HTTP 403 for query "deep sea (object)"
[skipped] no result for "deep sea (object)" (深海)
[error] HTTP 403 for query "deep-sea fish (object)"
[skipped] no result for "deep-sea fish (object)" (深海魚)
[error] HTTP 403 for query "abyss; depths; edge (of despair) (object)"
[skipped] no result for "abyss; depths; edge (of despair) (object)" (淵)
[error] HTTP 403 for query "mêlée; chaotic battle (object)"
[skipped] no result for "mêlée; chaotic battle (object)" (混戦)
[error] HTTP 403 for query "migratory bird (object)"
[skipped] no result for "migratory bird (object)" (渡り鳥)
[error] HTTP 403 for query "whirlpool; swirl; vortex (object)"
[skipped] no result for "whirlpool; swirl; vortex (object)" (渦)
[error] HTTP 403 for query "to swirl / whirl (action)"
[skipped] no result for "to swirl / whirl (action)" (渦巻く)
[error] HTTP 403 for query "whole body; with all one's might (object)"
[skipped] no result for "whole body; with all one's might (object)" (渾身)
[error] HTTP 403 for query "to well up, rise (action)"
[skipped] no result for "to well up, rise (action)" (湧き上がる)
[error] HTTP 403 for query "to get damp (action)"
[skipped] no result for "to get damp (action)" (湿る)
[error] HTTP 403 for query "to melt together; to blend; to merge (action)"
[skipped] no result for "to melt together; to blend; to merge (action)" (溶け合う)
[error] HTTP 403 for query "to perish, die out (action)"
[skipped] no result for "to perish, die out (action)" (滅びる)
[error] HTTP 403 for query "to destroy, ruin (action)"
[skipped] no result for "to destroy, ruin (action)" (滅ぼす)
[error] HTTP 403 for query "absurdity, farce (object)"
[skipped] no result for "absurdity, farce (object)" (滑稽)
[error] HTTP 403 for query "to blur; to run (of ink); to ooze (action)"
[skipped] no result for "to blur; to run (of ink); to ooze (action)" (滲む)
[error] HTTP 403 for query "to drift; to float; to hang in the air (action)"
[skipped] no result for "to drift; to float; to hang in the air (action)" (漂う)
[error] HTTP 403 for query "to lurk; to be hidden; to lie concealed (action)"
[skipped] no result for "to lurk; to be hidden; to lie concealed (action)" (潜む)
[error] HTTP 403 for query "to hush; to lower (one's voice); to conceal (action)"
[skipped] no result for "to hush; to lower (one's voice); to conceal (action)" (潜める)
[error] HTTP 403 for query "to slip into; to crawl into; to sneak in (action)"
[skipped] no result for "to slip into; to crawl into; to sneak in (action)" (潜り込む)
[error] HTTP 403 for query "to strain (one's ears); to listen carefully; to make clear (action)"
[skipped] no result for "to strain (one's ears); to listen carefully; to make clear (action)" (澄ます)
[error] HTTP 403 for query "to become perfectly clear; to be crystal clear (action)"
[skipped] no result for "to become perfectly clear; to be crystal clear (action)" (澄みきる)
[error] HTTP 403 for query "to become perfectly clear; to be crystal clear (action)"
[skipped] no result for "to become perfectly clear; to be crystal clear (action)" (澄み切る)
[error] HTTP 403 for query "to become perfectly clear; to be crystal clear (action)"
[skipped] no result for "to become perfectly clear; to be crystal clear (action)" (澄み渡る)
[error] HTTP 403 for query "to stagnate; to become stale; to grow murky (action)"
[skipped] no result for "to stagnate; to become stale; to grow murky (action)" (澱む)
[error] HTTP 403 for query "to light (a flame, lamp); to turn on (action)"
[skipped] no result for "to light (a flame, lamp); to turn on (action)" (灯す)
[error] HTTP 403 for query "to be lit (lamp) (action)"
[skipped] no result for "to be lit (lamp) (action)" (灯る)
[error] HTTP 403 for query "lamp-light, small flame (object)"
[skipped] no result for "lamp-light, small flame (object)" (灯火)
[error] HTTP 403 for query "to burn; sear (literary kanji of 焼く) (action)"
[skipped] no result for "to burn; sear (literary kanji of 焼く) (action)" (灼く)
[error] HTTP 403 for query "blinking / flashing (object)"
[skipped] no result for "blinking / flashing (object)" (点滅)
[error] HTTP 403 for query "to do; to perform; to accomplish (action)"
[skipped] no result for "to do; to perform; to accomplish (action)" (為す)
[error] HTTP 403 for query "flame (literary kanji of 炎) (object)"
[skipped] no result for "flame (literary kanji of 炎) (object)" (焔)
[error] HTTP 403 for query "one and only; without a second (literary) (object)"
[skipped] no result for "one and only; without a second (literary) (object)" (無二)
[error] HTTP 403 for query "unhurt; unscathed; undamaged (object)"
[skipped] no result for "unhurt; unscathed; undamaged (object)" (無傷)
[error] HTTP 403 for query "regret; vexation; chagrin (object)"
[skipped] no result for "regret; vexation; chagrin (object)" (無念)
[error] HTTP 403 for query "unconsciousness; unconsciously (object)"
[skipped] no result for "unconsciousness; unconsciously (object)" (無意識)
[error] HTTP 403 for query "invincible; matchless (na-adj) (object)"
[skipped] no result for "invincible; matchless (na-adj) (object)" (無敵)
[error] HTTP 403 for query "idleness; inactivity; doing nothing (object)"
[skipped] no result for "idleness; inactivity; doing nothing (object)" (無為)
[error] HTTP 403 for query "expressionlessness; blank face (object)"
[skipped] no result for "expressionlessness; blank face (object)" (無表情)
[error] HTTP 403 for query "infinity, limitless (object)"
[skipped] no result for "infinity, limitless (object)" (無限大)
[error] HTTP 403 for query "to tantalize, keep waiting (action)"
[skipped] no result for "to tantalize, keep waiting (action)" (焦らす)
[error] HTTP 403 for query "impatience / restless urgency (object)"
[skipped] no result for "impatience / restless urgency (object)" (焦燥)
[error] HTTP 403 for query "to be burned in (image) (action)"
[skipped] no result for "to be burned in (image) (action)" (焼き付く)
[error] HTTP 403 for query "to burn into; to sear into one's memory (action)"
[skipped] no result for "to burn into; to sear into one's memory (action)" (焼き付ける)
[error] HTTP 403 for query "burned wasteland (object)"
[skipped] no result for "burned wasteland (object)" (焼け野原)
[error] HTTP 403 for query "to glitter, sparkle (action)"
[skipped] no result for "to glitter, sparkle (action)" (煌く)
[error] HTTP 403 for query "to sparkle; to glitter; to shimmer (action)"
[skipped] no result for "to sparkle; to glitter; to shimmer (action)" (煌めく)
[error] HTTP 403 for query "to roast (nuts/grains) (action)"
[skipped] no result for "to roast (nuts/grains) (action)" (煎る)
[error] HTTP 403 for query "to be sooty; to be smoke-stained; to be grimy (action)"
[skipped] no result for "to be sooty; to be smoke-stained; to be grimy (action)" (煤ける)
[error] HTTP 403 for query "to fan; to stir up; to incite; to be blown by the wind (action)"
[skipped] no result for "to fan; to stir up; to incite; to be blown by the wind (action)" (煽る)
[error] HTTP 403 for query "to burn out; to be burned to ashes (action)"
[skipped] no result for "to burn out; to be burned to ashes (action)" (燃え尽きる)
[error] HTTP 403 for query "nail mark / scar (object)"
[skipped] no result for "nail mark / scar (object)" (爪痕)
[error] HTTP 403 for query "corner; nook (object)"
[skipped] no result for "corner; nook (object)" (片隅)
[error] HTTP 403 for query "fang; tusk (object)"
[skipped] no result for "fang; tusk (object)" (牙)
[error] HTTP 403 for query "jail; prison; cell (object)"
[skipped] no result for "jail; prison; cell (object)" (牢)
[error] HTTP 403 for query "to speak; to say something; to talk (action)"
[skipped] no result for "to speak; to say something; to talk (action)" (物言う)
[error] HTTP 403 for query "best seat (object)"
[skipped] no result for "best seat (object)" (特等席)
[error] HTTP 403 for query "threshold; space between; interstice (object)"
[skipped] no result for "threshold; space between; interstice (object)" (狭間)
[error] HTTP 403 for query "intense heat; heatwave (object)"
[skipped] no result for "intense heat; heatwave (object)" (猛暑)
[error] HTTP 403 for query "suspicion; wariness (lit. 'suspecting heart') (object)"
[skipped] no result for "suspicion; wariness (lit. 'suspecting heart') (object)" (猜疑心)
[error] HTTP 403 for query "ball-balancing (circus trick) (object)"
[skipped] no result for "ball-balancing (circus trick) (object)" (玉乗り)
[error] HTTP 403 for query "utopia; ideal world; paradise (object)"
[skipped] no result for "utopia; ideal world; paradise (object)" (理想郷)
[error] HTTP 403 for query "rubble; debris; wreckage (object)"
[skipped] no result for "rubble; debris; wreckage (object)" (瓦礫)
[error] HTTP 403 for query "to live in haste, burn out (action)"
[skipped] no result for "to live in haste, burn out (action)" (生き急ぐ)
[error] HTTP 403 for query "way of life / how one lives (object)"
[skipped] no result for "way of life / how one lives (object)" (生き様)
[error] HTTP 403 for query "to be born (literary; lit. 'to fall into being') (action)"
[skipped] no result for "to be born (literary; lit. 'to fall into being') (action)" (生まれ落ちる)
[error] HTTP 403 for query "to grow (a beard, roots, etc.); to cultivate (action)"
[skipped] no result for "to grow (a beard, roots, etc.); to cultivate (action)" (生やす)
[error] HTTP 403 for query "raw self, flesh-and-blood (object)"
[skipped] no result for "raw self, flesh-and-blood (object)" (生身)
[error] HTTP 403 for query "newborn's first cry (object)"
[skipped] no result for "newborn's first cry (object)" (産声)
[error] HTTP 403 for query "downy hair; baby-fuzz; peach fuzz (object)"
[skipped] no result for "downy hair; baby-fuzz; peach fuzz (object)" (産毛)
[error] HTTP 403 for query "to nock (an arrow on a bowstring) (action)"
[skipped] no result for "to nock (an arrow on a bowstring) (action)" (番える)
[error] HTTP 403 for query "another dimension (object)"
[skipped] no result for "another dimension (object)" (異次元)
[error] HTTP 403 for query "foreign body; alien substance (object)"
[skipped] no result for "foreign body; alien substance (object)" (異物)
[error] HTTP 403 for query "to throb; to ache (dully) (action)"
[skipped] no result for "to throb; to ache (dully) (action)" (疼く)
[error] HTTP 403 for query "sprinting; dashing; running at full speed (object)"
[skipped] no result for "sprinting; dashing; running at full speed (object)" (疾走)
[error] HTTP 403 for query "gale; gust of wind; sudden squall (object)"
[skipped] no result for "gale; gust of wind; sudden squall (object)" (疾風)
[error] HTTP 403 for query "gale; strong wind; gust (object)"
[skipped] no result for "gale; strong wind; gust (object)" (疾風)
[error] HTTP 403 for query "fool / dolt (object)"
[skipped] no result for "fool / dolt (object)" (痴れ者)
[error] HTTP 403 for query "numbness; pins and needles (object)"
[skipped] no result for "numbness; pins and needles (object)" (痺れ)
[error] HTTP 403 for query "to heal; to be cured (action)"
[skipped] no result for "to heal; to be cured (action)" (癒える)
[error] HTTP 403 for query "to grow light (sky); to turn pale (action)"
[skipped] no result for "to grow light (sky); to turn pale (action)" (白む)
[error] HTTP 403 for query "blank paper; clean slate (object)"
[skipped] no result for "blank paper; clean slate (object)" (白紙)
[error] HTTP 403 for query "white beard (object)"
[skipped] no result for "white beard (object)" (白髭)
[error] HTTP 403 for query "to steal a glance; to peek (action)"
[skipped] no result for "to steal a glance; to peek (action)" (盗み見る)
[error] HTTP 403 for query "right in front (literary; imminent) (object)"
[skipped] no result for "right in front (literary; imminent) (object)" (目前)
[error] HTTP 403 for query "blind spot (object)"
[skipped] no result for "blind spot (object)" (盲点)
[error] HTTP 403 for query "middle; midst; right in the center (object)"
[skipped] no result for "middle; midst; right in the center (object)" (直中)
[error] HTTP 403 for query "mutual love; loving each other (object)"
[skipped] no result for "mutual love; loving each other (object)" (相愛)
[error] HTTP 403 for query "truth; real situation; the facts (object)"
[skipped] no result for "truth; real situation; the facts (object)" (真相)
[error] HTTP 403 for query "deep crimson (object)"
[skipped] no result for "deep crimson (object)" (真紅)
[error] HTTP 403 for query "dizziness (object)"
[skipped] no result for "dizziness (object)" (眩暈)
[error] HTTP 403 for query "eye (literary, often read まなこ in set phrases) (object)"
[skipped] no result for "eye (literary, often read まなこ in set phrases) (object)" (眼)
[error] HTTP 403 for query "gaze / look (object)"
[skipped] no result for "gaze / look (object)" (眼差し)
[error] HTTP 403 for query "to glare at; to stare sharply at (action)"
[skipped] no result for "to glare at; to stare sharply at (action)" (睨む)
[error] HTTP 403 for query "a blink (of the eye) (object)"
[skipped] no result for "a blink (of the eye) (object)" (瞬き)
[error] HTTP 403 for query "to twinkle; to flicker; to blink (action)"
[skipped] no result for "to twinkle; to flicker; to blink (action)" (瞬く)
[error] HTTP 403 for query "eyelid (object)"
[skipped] no result for "eyelid (object)" (瞼)
[error] HTTP 403 for query "spearhead, brunt of attack (object)"
[skipped] no result for "spearhead, brunt of attack (object)" (矛先)
[error] HTTP 403 for query "gravel; pebbles (object)"
[skipped] no result for "gravel; pebbles (object)" (砂利)
[error] HTTP 403 for query "sandstorm (object)"
[skipped] no result for "sandstorm (object)" (砂嵐)
[error] HTTP 403 for query "to sharpen; to hone; to refine (action)"
[skipped] no result for "to sharpen; to hone; to refine (action)" (研ぎ澄ます)
[error] HTTP 403 for query "to sharpen; to whet; to hone (action)"
[skipped] no result for "to sharpen; to whet; to hone (action)" (研ぐ)
[error] HTTP 403 for query "to shatter / crush (action)"
[skipped] no result for "to shatter / crush (action)" (砕く)
[error] HTTP 403 for query "to tear up and throw away (action)"
[skipped] no result for "to tear up and throw away (action)" (破り捨てる)
[error] HTTP 403 for query "damage; breakage (object)"
[skipped] no result for "damage; breakage (object)" (破損)
[error] HTTP 403 for query "definite proof; certainty; confirmation (object)"
[skipped] no result for "definite proof; certainty; confirmation (object)" (確証)
[error] HTTP 403 for query "myth (object)"
[skipped] no result for "myth (object)" (神話)
[error] HTTP 403 for query "festival; celebration; festive event (object)"
[skipped] no result for "festival; celebration; festive event (object)" (祭典)
[error] HTTP 403 for query "taboo (object)"
[skipped] no result for "taboo (object)" (禁忌)
[error] HTTP 403 for query "per-second; per-second-speed (object)"
[skipped] no result for "per-second; per-second-speed (object)" (秒速)
[error] HTTP 403 for query "second hand (of a clock) (object)"
[skipped] no result for "second hand (of a clock) (object)" (秒針)
[error] HTTP 403 for query "to keep hidden; to harbor (within) (action)"
[skipped] no result for "to keep hidden; to harbor (within) (action)" (秘める)
[error] HTTP 403 for query "fickle; capricious (na-adj) (object)"
[skipped] no result for "fickle; capricious (na-adj) (object)" (移り気)
[error] HTTP 403 for query "to change over time; to pass (of seasons, times) (action)"
[skipped] no result for "to change over time; to pass (of seasons, times) (action)" (移り行く)
[error] HTTP 403 for query "transition, change (object)"
[skipped] no result for "transition, change (object)" (移ろい)
[error] HTTP 403 for query "race, species (object)"
[skipped] no result for "race, species (object)" (種族)
[error] HTTP 403 for query "lightning; flash of lightning (object)"
[skipped] no result for "lightning; flash of lightning (object)" (稲妻)
[error] HTTP 403 for query "to defile; sully (literary) (action)"
[skipped] no result for "to defile; sully (literary) (action)" (穢す)
[error] HTTP 403 for query "the ultimate (object)"
[skipped] no result for "the ultimate (object)" (究極)
[error] HTTP 403 for query "spinning one's wheels; going nowhere; idling (object)"
[skipped] no result for "spinning one's wheels; going nowhere; idling (object)" (空回り)
[error] HTTP 403 for query "mishearing; imagined sound; hearing things (object)"
[skipped] no result for "mishearing; imagined sound; hearing things (object)" (空耳)
[error] HTTP 403 for query "to pierce; to drill through; to bore into (action)"
[skipped] no result for "to pierce; to drill through; to bore into (action)" (穿つ)
[error] HTTP 403 for query "to stab; to pierce; to thrust into (action)"
[skipped] no result for "to stab; to pierce; to thrust into (action)" (突き刺す)
[error] HTTP 403 for query "to break through; to pierce (action)"
[skipped] no result for "to break through; to pierce (action)" (突き破る)
[error] HTTP 403 for query "to thrust; to stab; to drive into (action)"
[skipped] no result for "to thrust; to stab; to drive into (action)" (突き立てる)
[error] HTTP 403 for query "to push forward; to forge ahead (action)"
[skipped] no result for "to push forward; to forge ahead (action)" (突き進む)
[error] HTTP 403 for query "by the window (object)"
[skipped] no result for "by the window (object)" (窓辺)
[error] HTTP 403 for query "to stand frozen (action)"
[skipped] no result for "to stand frozen (action)" (立ちすくむ)
[error] HTTP 403 for query "to stand still; to stand stock-still (action)"
[skipped] no result for "to stand still; to stand stock-still (action)" (立ち尽くす)
[error] HTTP 403 for query "to hang in the air; to envelop (of mist, smoke) (action)"
[skipped] no result for "to hang in the air; to envelop (of mist, smoke) (action)" (立ち込める)
[error] HTTP 403 for query "to compete with each other; to vie (action)"
[skipped] no result for "to compete with each other; to vie (action)" (競い合う)
[error] HTTP 403 for query "grade, rank, order of magnitude (object)"
[skipped] no result for "grade, rank, order of magnitude (object)" (等級)
[error] HTTP 403 for query "life-sized; one's real self (object)"
[skipped] no result for "life-sized; one's real self (object)" (等身大)
[error] HTTP 403 for query "off-base; misdirected (idiomatic for misplaced criticism) (object)"
[skipped] no result for "off-base; misdirected (idiomatic for misplaced criticism) (object)" (筋違い)
[error] HTTP 403 for query "exam paper; answer sheet (object)"
[skipped] no result for "exam paper; answer sheet (object)" (答案)
[error] HTTP 403 for query "sustenance / food (literary) (object)"
[skipped] no result for "sustenance / food (literary) (object)" (糧)
[error] HTTP 403 for query "covenant, contract (object)"
[skipped] no result for "covenant, contract (object)" (約定)
[error] HTTP 403 for query "crimson; deep red (object)"
[skipped] no result for "crimson; deep red (object)" (紅)
[error] HTTP 403 for query "imitation; fake; counterfeit (object)"
[skipped] no result for "imitation; fake; counterfeit (object)" (紛い物)
[error] HTTP 403 for query "to blend in, get mixed up (action)"
[skipped] no result for "to blend in, get mixed up (action)" (紛れる)
[error] HTTP 403 for query "to slip in among (action)"
[skipped] no result for "to slip in among (action)" (紛れ込む)
[error] HTTP 403 for query "wildly off-key; goofy; out-of-the-blue (na-adj) (object)"
[skipped] no result for "wildly off-key; goofy; out-of-the-blue (na-adj) (object)" (素っ頓狂)
[error] HTTP 403 for query "demeanor; air; outward manner (object)"
[skipped] no result for "demeanor; air; outward manner (object)" (素振り)
[error] HTTP 403 for query "to spin (yarn); to weave (words, stories) (action)"
[skipped] no result for "to spin (yarn); to weave (words, stories) (action)" (紡ぐ)
[error] HTTP 403 for query "handiwork; craftsmanship; trick (object)"
[skipped] no result for "handiwork; craftsmanship; trick (object)" (細工)
[error] HTTP 403 for query "end of a performance; final curtain (object)"
[skipped] no result for "end of a performance; final curtain (object)" (終演)
[error] HTTP 403 for query "crystal; crystallization; fruit (of effort) (object)"
[skipped] no result for "crystal; crystallization; fruit (of effort) (object)" (結晶)
[error] HTTP 403 for query "ending, denouement (object)"
[skipped] no result for "ending, denouement (object)" (結末)
[error] HTTP 403 for query "to get tangled (action)"
[skipped] no result for "to get tangled (action)" (絡まる)
[error] HTTP 403 for query "to coil around; to cling to; to entangle (action)"
[skipped] no result for "to coil around; to cling to; to entangle (action)" (絡みつく)
[error] HTTP 403 for query "to intertwine; to become entangled with each other (action)"
[skipped] no result for "to intertwine; to become entangled with each other (action)" (絡み合う)
[error] HTTP 403 for query "unification; overall control; supervision (object)"
[skipped] no result for "unification; overall control; supervision (object)" (統括)
[error] HTTP 403 for query "fabrication; pipe dream; fantasy (object)"
[skipped] no result for "fabrication; pipe dream; fantasy (object)" (絵空事)
[error] HTTP 403 for query "to die out / cease (action)"
[skipped] no result for "to die out / cease (action)" (絶える)
[error] HTTP 403 for query "interval; pause; lull (object)"
[skipped] no result for "interval; pause; lull (object)" (絶え間)
[error] HTTP 403 for query "to let die out, extinguish (action)"
[skipped] no result for "to let die out, extinguish (action)" (絶やす)
[error] HTTP 403 for query "expiry, dying breath (object)"
[skipped] no result for "expiry, dying breath (object)" (絶命)
[error] HTTP 403 for query "perfect; ideal; the best (object)"
[skipped] no result for "perfect; ideal; the best (object)" (絶好)
[error] HTTP 403 for query "in top form (object)"
[skipped] no result for "in top form (object)" (絶好調)
[error] HTTP 403 for query "superb view; magnificent scenery (object)"
[skipped] no result for "superb view; magnificent scenery (object)" (絶景)
[error] HTTP 403 for query "severance, cutting ties (object)"
[skipped] no result for "severance, cutting ties (object)" (絶縁)
[error] HTTP 403 for query "patchwork (object)"
[skipped] no result for "patchwork (object)" (継ぎ接ぎ)
[error] HTTP 403 for query "tightrope walking; living dangerously (object)"
[skipped] no result for "tightrope walking; living dangerously (object)" (綱渡り)
[error] HTTP 403 for query "to spell; to put into words; to compose (action)"
[skipped] no result for "to spell; to put into words; to compose (action)" (綴る)
[error] HTTP 403 for query "tear, unravelling (object)"
[skipped] no result for "tear, unravelling (object)" (綻び)
[error] HTTP 403 for query "scarlet; fire-red (classical Japanese colour) (object)"
[skipped] no result for "scarlet; fire-red (classical Japanese colour) (object)" (緋)
[error] HTTP 403 for query "to bind, tie down (action)"
[skipped] no result for "to bind, tie down (action)" (縛りつける)
[error] HTTP 403 for query "to get tangled; to become entangled; to stumble (action)"
[skipped] no result for "to get tangled; to become entangled; to stumble (action)" (縺れる)
[error] HTTP 403 for query "to wear; to put on; to be clad in (action)"
[skipped] no result for "to wear; to put on; to be clad in (action)" (纏う)
[error] HTTP 403 for query "criminal; offender; sinner (object)"
[skipped] no result for "criminal; offender; sinner (object)" (罪人)
[error] HTTP 403 for query "leaving behind, abandonment (object)"
[skipped] no result for "leaving behind, abandonment (object)" (置きざり)
[error] HTTP 403 for query "leaving behind; abandoning (object)"
[skipped] no result for "leaving behind; abandoning (object)" (置き去り)
[error] HTTP 403 for query "compass (object)"
[skipped] no result for "compass (object)" (羅針盤)
[error] HTTP 403 for query "aesthetics; a personal code of what's beautiful (object)"
[skipped] no result for "aesthetics; a personal code of what's beautiful (object)" (美学)
[error] HTTP 403 for query "fine sake; delicious wine (often figurative) (object)"
[skipped] no result for "fine sake; delicious wine (often figurative) (object)" (美酒)
[error] HTTP 403 for query "flapping of wings (object)"
[skipped] no result for "flapping of wings (object)" (羽ばたき)
[error] HTTP 403 for query "to flap wings (variant writing of 羽ばたく) (action)"
[skipped] no result for "to flap wings (variant writing of 羽ばたく) (action)" (羽撃く)
[error] HTTP 403 for query "to hold up; to hold aloft; to shield (with hand) (action)"
[skipped] no result for "to hold up; to hold aloft; to shield (with hand) (action)" (翳す)
[error] HTTP 403 for query "to become cloudy; to be cast in shadow; to darken (action)"
[skipped] no result for "to become cloudy; to be cast in shadow; to darken (action)" (翳る)
[error] HTTP 403 for query "to flip, overturn (action)"
[skipped] no result for "to flip, overturn (action)" (翻る)
[error] HTTP 403 for query "to grow senile; to become decrepit with age (action)"
[skipped] no result for "to grow senile; to become decrepit with age (action)" (老いぼれる)
[error] HTTP 403 for query "ringing in the ears; tinnitus (object)"
[skipped] no result for "ringing in the ears; tinnitus (object)" (耳鳴り)
[error] HTTP 403 for query "aestheticism; indulgence in beauty (object)"
[skipped] no result for "aestheticism; indulgence in beauty (object)" (耽美)
[error] HTTP 403 for query "lungs (object)"
[skipped] no result for "lungs (object)" (肺)
[error] HTTP 403 for query "contradiction, betrayal (object)"
[skipped] no result for "contradiction, betrayal (object)" (背反)
[error] HTTP 403 for query "to shoulder; to take on (a burden) (action)"
[skipped] no result for "to shoulder; to take on (a burden) (action)" (背負い込む)
[error] HTTP 403 for query "threat; intimidation; coercion (object)"
[skipped] no result for "threat; intimidation; coercion (object)" (脅迫)
[error] HTTP 403 for query "to pulsate; to beat (of a pulse or heart) (action)"
[skipped] no result for "to pulsate; to beat (of a pulse or heart) (action)" (脈打つ)
[error] HTTP 403 for query "molting; reinventing oneself (object)"
[skipped] no result for "molting; reinventing oneself (object)" (脱皮)
[error] HTTP 403 for query "brain (slang) (object)"
[skipped] no result for "brain (slang) (object)" (脳味噌)
[error] HTTP 403 for query "to swell up (action)"
[skipped] no result for "to swell up (action)" (腫らす)
[error] HTTP 403 for query "to kneel (literary) (action)"
[skipped] no result for "to kneel (literary) (action)" (膝まづく)
[error] HTTP 403 for query "pouty face (object)"
[skipped] no result for "pouty face (object)" (膨れっ面)
[error] HTTP 403 for query "internal organ; viscera (object)"
[skipped] no result for "internal organ; viscera (object)" (臓器)
[error] HTTP 403 for query "talking to oneself; asking oneself and answering (object)"
[skipped] no result for "talking to oneself; asking oneself and answering (object)" (自問自答)
[error] HTTP 403 for query "self-consciousness; self-awareness (object)"
[skipped] no result for "self-consciousness; self-awareness (object)" (自意識)
[error] HTTP 403 for query "self-destruction; suicide bombing (object)"
[skipped] no result for "self-destruction; suicide bombing (object)" (自爆)
[error] HTTP 403 for query "freely, at will (object)"
[skipped] no result for "freely, at will (object)" (自由自在)
[error] HTTP 403 for query "voyage (object)"
[skipped] no result for "voyage (object)" (航海)
[error] HTTP 403 for query "nautical chart (object)"
[skipped] no result for "nautical chart (object)" (航海図)
[error] HTTP 403 for query "sea route; voyage path (object)"
[skipped] no result for "sea route; voyage path (object)" (航路)
[error] HTTP 403 for query "rudder, helm (object)"
[skipped] no result for "rudder, helm (object)" (舵)
[error] HTTP 403 for query "setting sail (object)"
[skipped] no result for "setting sail (object)" (船出)
[error] HTTP 403 for query "to take on colour, become animated (action)"
[skipped] no result for "to take on colour, become animated (action)" (色めく)
[error] HTTP 403 for query "to take on color; to turn colors (as in autumn leaves) (action)"
[skipped] no result for "to take on color; to turn colors (as in autumn leaves) (action)" (色付く)
[error] HTTP 403 for query "color; coloration; hue (object)"
[skipped] no result for "color; coloration; hue (object)" (色彩)
[error] HTTP 403 for query "to bud; to sprout (action)"
[skipped] no result for "to bud; to sprout (action)" (芽吹く)
[error] HTTP 403 for query "irritation, frustration (object)"
[skipped] no result for "irritation, frustration (object)" (苛立ち)
[error] HTTP 403 for query "to be irritated; to grow impatient (action)"
[skipped] no result for "to be irritated; to grow impatient (action)" (苛立つ)
[error] HTTP 403 for query "young and inexperienced person; greenhorn (object)"
[skipped] no result for "young and inexperienced person; greenhorn (object)" (若輩)
[error] HTTP 403 for query "out of desperation; as a last resort (object)"
[skipped] no result for "out of desperation; as a last resort (object)" (苦し紛れ)
[error] HTTP 403 for query "anguish, suffering (object)"
[skipped] no result for "anguish, suffering (object)" (苦悩)
[error] HTTP 403 for query "bitter experience; bitter juice (object)"
[skipped] no result for "bitter experience; bitter juice (object)" (苦汁)
[error] HTTP 403 for query "bitterness; anguish; distress (object)"
[skipped] no result for "bitterness; anguish; distress (object)" (苦渋)
[error] HTTP 403 for query "hardship / suffering (object)"
[skipped] no result for "hardship / suffering (object)" (苦難)
[error] HTTP 403 for query "raging, wild (literary) (action)"
[skipped] no result for "raging, wild (literary) (action)" (荒ぶる)
[error] HTTP 403 for query "to be lively, festive (action)"
[skipped] no result for "to be lively, festive (action)" (華やぐ)
[error] HTTP 403 for query "fall; drop; descent (object)"
[skipped] no result for "fall; drop; descent (object)" (落下)
[error] HTTP 403 for query "setting sun; sunset (object)"
[skipped] no result for "setting sun; sunset (object)" (落日)
[error] HTTP 403 for query "to bury; to consign to oblivion (action)"
[skipped] no result for "to bury; to consign to oblivion (action)" (葬る)
[error] HTTP 403 for query "funeral ceremony; funeral rites (object)"
[skipped] no result for "funeral ceremony; funeral rites (object)" (葬儀)
[error] HTTP 403 for query "azure sky (literary) (object)"
[skipped] no result for "azure sky (literary) (object)" (蒼空)
[error] HTTP 403 for query "to scorn; to despise; to look down on (action)"
[skipped] no result for "to scorn; to despise; to look down on (action)" (蔑む)
[error] HTTP 403 for query "to mow down; to cut down; to knock down (action)"
[skipped] no result for "to mow down; to cut down; to knock down (action)" (薙ぎ倒す)
[error] HTTP 403 for query "falsehood; deception (object)"
[skipped] no result for "falsehood; deception (object)" (虚偽)
[error] HTTP 403 for query "bluff; bravado (object)"
[skipped] no result for "bluff; bravado (object)" (虚勢)
[error] HTTP 403 for query "vanity (object)"
[skipped] no result for "vanity (object)" (虚栄)
[error] HTTP 403 for query "lie; falsehood (object)"
[skipped] no result for "lie; falsehood (object)" (虚言)
[error] HTTP 403 for query "ostentation; vain show; empty pretension (object)"
[skipped] no result for "ostentation; vain show; empty pretension (object)" (虚飾)
[error] HTTP 403 for query "captive, prisoner (often of love) (object)"
[skipped] no result for "captive, prisoner (often of love) (object)" (虜)
[error] HTTP 403 for query "honey; nectar (object)"
[skipped] no result for "honey; nectar (object)" (蜜)
[error] HTTP 403 for query "honeybee (object)"
[skipped] no result for "honeybee (object)" (蜜蜂)
[error] HTTP 403 for query "ant (object)"
[skipped] no result for "ant (object)" (蟻)
[error] HTTP 403 for query "to stain with blood; to smear with blood (action)"
[skipped] no result for "to stain with blood; to smear with blood (action)" (血塗る)
[error] HTTP 403 for query "dead end; cul-de-sac (object)"
[skipped] no result for "dead end; cul-de-sac (object)" (行き止まり)
[error] HTTP 403 for query "means; way; method (literary) (object)"
[skipped] no result for "means; way; method (literary) (object)" (術)
[error] HTTP 403 for query "victim (object)"
[skipped] no result for "victim (object)" (被害者)
[error] HTTP 403 for query "judgment; verdict; ruling (object)"
[skipped] no result for "judgment; verdict; ruling (object)" (裁き)
[error] HTTP 403 for query "the back side / opposite face (idiom 裏目に出る = backfire) (object)"
[skipped] no result for "the back side / opposite face (idiom 裏目に出る = backfire) (object)" (裏目)
[error] HTTP 403 for query "opposite; contrary; reverse (object)"
[skipped] no result for "opposite; contrary; reverse (object)" (裏腹)
[error] HTTP 403 for query "to fade (of color); to lose vividness (action)"
[skipped] no result for "to fade (of color); to lose vividness (action)" (褪せる)
[error] HTTP 403 for query "the highlight; show-off moment (kabuki origin) (object)"
[skipped] no result for "the highlight; show-off moment (kabuki origin) (object)" (見せ場)
[error] HTTP 403 for query "haven't seen (literary) (action)"
[skipped] no result for "haven't seen (literary) (action)" (見ぬ)
[error] HTTP 403 for query "to find out; to discover; to recognize value in (action)"
[skipped] no result for "to find out; to discover; to recognize value in (action)" (見出す)
[error] HTTP 403 for query "to see through; to discern; to ascertain (action)"
[skipped] no result for "to see through; to discern; to ascertain (action)" (見極める)
[error] HTTP 403 for query "last look; final viewing (object)"
[skipped] no result for "last look; final viewing (object)" (見納め)
[error] HTTP 403 for query "to see through (action)"
[skipped] no result for "to see through (action)" (見透かす)
[error] HTTP 403 for query "to overlook (action)"
[skipped] no result for "to overlook (action)" (見過ごす)
[error] HTTP 403 for query "to open one's eyes wide (action)"
[skipped] no result for "to open one's eyes wide (action)" (見開く)
[error] HTTP 403 for query "field of vision; sight (object)"
[skipped] no result for "field of vision; sight (object)" (視界)
[error] HTTP 403 for query "awakening (object)"
[skipped] no result for "awakening (object)" (覚醒)
[error] HTTP 403 for query "fixed notion, concept (object)"
[skipped] no result for "fixed notion, concept (object)" (観念)
[error] HTTP 403 for query "observer (object)"
[skipped] no result for "observer (object)" (観測者)
[error] HTTP 403 for query "sugar cube (object)"
[skipped] no result for "sugar cube (object)" (角砂糖)
[error] HTTP 403 for query "to set free; to release; to unleash (action)"
[skipped] no result for "to set free; to release; to unleash (action)" (解き放つ)
[error] HTTP 403 for query "what one says, claim (object)"
[skipped] no result for "what one says, claim (object)" (言い分)
[error] HTTP 403 for query "to tell oneself, persuade (action)"
[skipped] no result for "to tell oneself, persuade (action)" (言い聞かす)
[error] HTTP 403 for query "wordplay (object)"
[skipped] no result for "wordplay (object)" (言葉遊び)
[error] HTTP 403 for query "the spiritual power of words (object)"
[skipped] no result for "the spiritual power of words (object)" (言霊)
[error] HTTP 403 for query "to slay (in battle) (action)"
[skipped] no result for "to slay (in battle) (action)" (討ち取る)
[error] HTTP 403 for query "to prove; testify (here as noun 証し) (action)"
[skipped] no result for "to prove; testify (here as noun 証し) (action)" (証す)
[error] HTTP 403 for query "witness (esp. formal) (object)"
[skipped] no result for "witness (esp. formal) (object)" (証人)
[error] HTTP 403 for query "miscalculation (object)"
[skipped] no result for "miscalculation (object)" (誤算)
[error] HTTP 403 for query "to read through to the end; to anticipate fully (action)"
[skipped] no result for "to read through to the end; to anticipate fully (action)" (読み切る)
[error] HTTP 403 for query "to slander; to speak ill of (action)"
[skipped] no result for "to slander; to speak ill of (action)" (誹る)
[error] HTTP 403 for query "slander; defamation; abuse (object)"
[skipped] no result for "slander; defamation; abuse (object)" (誹謗)
[error] HTTP 403 for query "tuning (musical instrument) (object)"
[skipped] no result for "tuning (musical instrument) (object)" (調律)
[error] HTTP 403 for query "discussion; debate; argument (object)"
[skipped] no result for "discussion; debate; argument (object)" (論議)
[error] HTTP 403 for query "to admonish; to persuade; to counsel (action)"
[skipped] no result for "to admonish; to persuade; to counsel (action)" (諭す)
[error] HTTP 403 for query "solving riddles (object)"
[skipped] no result for "solving riddles (object)" (謎解き)
[error] HTTP 403 for query "to extol / proclaim openly (action)"
[skipped] no result for "to extol / proclaim openly (action)" (謳う)
[error] HTTP 403 for query "to know; to discern (literary variant of 知る) (action)"
[skipped] no result for "to know; to discern (literary variant of 知る) (action)" (識る)
[error] HTTP 403 for query "to praise / extol (action)"
[skipped] no result for "to praise / extol (action)" (讃える)
[error] HTTP 403 for query "to devour; to covet; to indulge in (action)"
[skipped] no result for "to devour; to covet; to indulge in (action)" (貪る)
[error] HTTP 403 for query "to disparage, trash (action)"
[skipped] no result for "to disparage, trash (action)" (貶す)
[error] HTTP 403 for query "to bustle; be lively / crowded (action)"
[skipped] no result for "to bustle; be lively / crowded (action)" (賑わう)
[error] HTTP 403 for query "anthem; hymn; song of praise (object)"
[skipped] no result for "anthem; hymn; song of praise (object)" (賛歌)
[error] HTTP 403 for query "baby (object)"
[skipped] no result for "baby (object)" (赤子)
[error] HTTP 403 for query "revival from the brink; miraculous comeback (yojijukugo) (object)"
[skipped] no result for "revival from the brink; miraculous comeback (yojijukugo) (object)" (起死回生)
[error] HTTP 403 for query "pace; step (of walking together) (object)"
[skipped] no result for "pace; step (of walking together) (object)" (足並み)
[error] HTTP 403 for query "to thrash / flail (action)"
[skipped] no result for "to thrash / flail (action)" (足掻く)
[error] HTTP 403 for query "to step firmly on; to tread down (action)"
[skipped] no result for "to step firmly on; to tread down (action)" (踏みしめる)
[error] HTTP 403 for query "to step into; to charge in; to delve into (action)"
[skipped] no result for "to step into; to charge in; to delve into (action)" (踏み込む)
[error] HTTP 403 for query "to kick around; to scatter; to rout (action)"
[skipped] no result for "to kick around; to scatter; to rout (action)" (蹴散らす)
[error] HTTP 403 for query "to kick away; to send flying with a kick (action)"
[skipped] no result for "to kick away; to send flying with a kick (action)" (蹴飛ばす)
[error] HTTP 403 for query "to hesitate; to waver (action)"
[skipped] no result for "to hesitate; to waver (action)" (躊躇う)
[error] HTTP 403 for query "with nothing but one's body (object)"
[skipped] no result for "with nothing but one's body (object)" (身一つ)
[error] HTTP 403 for query "to creak; to squeak; to grate (action)"
[skipped] no result for "to creak; to squeak; to grate (action)" (軋む)
[error] HTTP 403 for query "trajectory; trail; locus (object)"
[skipped] no result for "trajectory; trail; locus (object)" (軌跡)
[error] HTTP 403 for query "lot, gang (rough) (object)"
[skipped] no result for "lot, gang (rough) (object)" (輩)
[error] HTTP 403 for query "samsara, reincarnation (object)"
[skipped] no result for "samsara, reincarnation (object)" (輪廻)
[error] HTTP 403 for query "outline / contour (object)"
[skipped] no result for "outline / contour (object)" (輪郭)
[error] HTTP 403 for query "wheel rut; wheel track (object)"
[skipped] no result for "wheel rut; wheel track (object)" (轍)
[error] HTTP 403 for query "roaring sound; thunderous noise (object)"
[skipped] no result for "roaring sound; thunderous noise (object)" (轟音)
[error] HTTP 403 for query "coherence; consistency (usually with 合う/合わせる) (object)"
[skipped] no result for "coherence; consistency (usually with 合う/合わせる) (object)" (辻褄)
[error] HTTP 403 for query "to well up (of emotions); to surge up (action)"
[skipped] no result for "to well up (of emotions); to surge up (action)" (込み上げる)
[error] HTTP 403 for query "to gush out; to surge; to burst forth (action)"
[skipped] no result for "to gush out; to surge; to burst forth (action)" (迸る)
[error] HTTP 403 for query "reminiscence / nostalgia (object)"
[skipped] no result for "reminiscence / nostalgia (object)" (追憶)
[error] HTTP 403 for query "fleeing; making oneself scarce (suru-noun) (object)"
[skipped] no result for "fleeing; making oneself scarce (suru-noun) (object)" (退散)
[error] HTTP 403 for query "place to escape to; refuge (object)"
[skipped] no result for "place to escape to; refuge (object)" (逃げ場)
[error] HTTP 403 for query "reverse grip; turning against (fig.) (object)"
[skipped] no result for "reverse grip; turning against (fig.) (object)" (逆手)
[error] HTTP 403 for query "moving backward, reverse (object)"
[skipped] no result for "moving backward, reverse (object)" (逆行)
[error] HTTP 403 for query "to see through (action)"
[skipped] no result for "to see through (action)" (透かす)
[error] HTTP 403 for query "to be translucent (action)"
[skipped] no result for "to be translucent (action)" (透ける)
[error] HTTP 403 for query "way; means; reason (often in 途方に暮れる 'to be at a loss') (object)"
[skipped] no result for "way; means; reason (often in 途方に暮れる 'to be at a loss') (object)" (途方)
[error] HTTP 403 for query "to be at a loss (action)"
[skipped] no result for "to be at a loss (action)" (途方に暮れる)
[error] HTTP 403 for query "to die out, be cut off (action)"
[skipped] no result for "to die out, be cut off (action)" (途絶える)
[error] HTTP 403 for query "to crawl up, climb back up (action)"
[skipped] no result for "to crawl up, climb back up (action)" (這い上がる)
[error] HTTP 403 for query "to crawl out (action)"
[skipped] no result for "to crawl out (action)" (這い出る)
[error] HTTP 403 for query "artificial flower (object)"
[skipped] no result for "artificial flower (object)" (造花)
[error] HTTP 403 for query "string of consecutive victories (object)"
[skipped] no result for "string of consecutive victories (object)" (連戦連勝)
[error] HTTP 403 for query "chain; chain reaction; linkage (object)"
[skipped] no result for "chain; chain reaction; linkage (object)" (連鎖)
[error] HTTP 403 for query "to avert (one's eyes); to turn away (action)"
[skipped] no result for "to avert (one's eyes); to turn away (action)" (逸らす)
[error] HTTP 403 for query "exquisite article, masterpiece (object)"
[skipped] no result for "exquisite article, masterpiece (object)" (逸品)
[error] HTTP 403 for query "person of exceptional talent (object)"
[skipped] no result for "person of exceptional talent (object)" (逸材)
[error] HTTP 403 for query "to pass by; to go away; to elapse (action)"
[skipped] no result for "to pass by; to go away; to elapse (action)" (過ぎ去る)
[error] HTTP 403 for query "excess; excessive; over- (object)"
[skipped] no result for "excess; excessive; over- (object)" (過剰)
[error] HTTP 403 for query "signpost / guide (object)"
[skipped] no result for "signpost / guide (object)" (道しるべ)
[error] HTTP 403 for query "signpost; landmark (literary) (object)"
[skipped] no result for "signpost; landmark (literary) (object)" (道標)
[error] HTTP 403 for query "encounter; chance meeting (object)"
[skipped] no result for "encounter; chance meeting (object)" (遭遇)
[error] HTTP 403 for query "to block, shield (action)"
[skipped] no result for "to block, shield (action)" (遮る)
[error] HTTP 403 for query "to return (to origin); to revert (action)"
[skipped] no result for "to return (to origin); to revert (action)" (還る)
[error] HTTP 403 for query "evil thoughts; wicked intentions (object)"
[skipped] no result for "evil thoughts; wicked intentions (object)" (邪念)
[error] HTTP 403 for query "die; dice (classical/literary) (object)"
[skipped] no result for "die; dice (classical/literary) (object)" (采)
[error] HTTP 403 for query "to overlap one another; to pile on top of each other (action)"
[skipped] no result for "to overlap one another; to pile on top of each other (action)" (重なり合う)
[error] HTTP 403 for query "to overlap; to piece together; to superimpose (action)"
[skipped] no result for "to overlap; to piece together; to superimpose (action)" (重ね合わせる)
[error] HTTP 403 for query "wire fence (object)"
[skipped] no result for "wire fence (object)" (金網)
[error] HTTP 403 for query "to dull, lose its edge (action)"
[skipped] no result for "to dull, lose its edge (action)" (鈍る)
[error] HTTP 403 for query "iron wall / impregnable (object)"
[skipped] no result for "iron wall / impregnable (object)" (鉄壁)
[error] HTTP 403 for query "iron fist (object)"
[skipped] no result for "iron fist (object)" (鉄拳)
[error] HTTP 403 for query "ore; mineral (object)"
[skipped] no result for "ore; mineral (object)" (鉱石)
[error] HTTP 403 for query "steel (object)"
[skipped] no result for "steel (object)" (鋼)
[error] HTTP 403 for query "to rust over (action)"
[skipped] no result for "to rust over (action)" (錆びつく)
[error] HTTP 403 for query "to rust over; to become rusted; to stiffen with rust (action)"
[skipped] no result for "to rust over; to become rusted; to stiffen with rust (action)" (錆び付く)
[error] HTTP 403 for query "rust color; reddish-brown (object)"
[skipped] no result for "rust color; reddish-brown (object)" (錆色)
[error] HTTP 403 for query "lock; padlock (object)"
[skipped] no result for "lock; padlock (object)" (錠)
[error] HTTP 403 for query "brocade; rich fabric; splendor (object)"
[skipped] no result for "brocade; rich fabric; splendor (object)" (錦)
[error] HTTP 403 for query "anchor (object)"
[skipped] no result for "anchor (object)" (錨)
[error] HTTP 403 for query "hammer; mallet (object)"
[skipped] no result for "hammer; mallet (object)" (鎚)
[error] HTTP 403 for query "armor; suit of armor (object)"
[skipped] no result for "armor; suit of armor (object)" (鎧)
[error] HTTP 403 for query "flash of inspiration (object)"
[skipped] no result for "flash of inspiration (object)" (閃き)
[error] HTTP 403 for query "to lock away, confine (action)"
[skipped] no result for "to lock away, confine (action)" (閉じこめる)
[error] HTTP 403 for query "by a hair's breadth (object)"
[skipped] no result for "by a hair's breadth (object)" (間一髪)
[error] HTTP 403 for query "to obstruct; block; hinder (literary) (action)"
[skipped] no result for "to obstruct; block; hinder (literary) (action)" (阻む)
[error] HTTP 403 for query "to befall; to happen to; to rain down on (action)"
[skipped] no result for "to befall; to happen to; to rain down on (action)" (降りかかる)
[error] HTTP 403 for query "to fall incessantly (rain, snow); to pour down (action)"
[skipped] no result for "to fall incessantly (rain, snow); to pour down (action)" (降りしきる)
[error] HTTP 403 for query "to pour down (action)"
[skipped] no result for "to pour down (action)" (降り注ぐ)
[error] HTTP 403 for query "heat haze; shimmer rising off hot surfaces (object)"
[skipped] no result for "heat haze; shimmer rising off hot surfaces (object)" (陽炎)
[error] HTTP 403 for query "to separate; keep apart (action)"
[skipped] no result for "to separate; keep apart (action)" (隔てる)
[error] HTTP 403 for query "edge / verge (object)"
[skipped] no result for "edge / verge (object)" (際)
[error] HTTP 403 for query "limit; end; bounds (object)"
[skipped] no result for "limit; end; bounds (object)" (際限)
[error] HTTP 403 for query "to gather; to assemble (literary) (action)"
[skipped] no result for "to gather; to assemble (literary) (action)" (集う)
[error] HTTP 403 for query "difficulty level (object)"
[skipped] no result for "difficulty level (object)" (難易度)
[error] HTTP 403 for query "drop; droplet (object)"
[skipped] no result for "drop; droplet (object)" (雫)
[error] HTTP 403 for query "break in the clouds; rift between clouds (object)"
[skipped] no result for "break in the clouds; rift between clouds (object)" (雲間)
[error] HTTP 403 for query "to spill and fall (action)"
[skipped] no result for "to spill and fall (action)" (零れ落ちる)
[error] HTTP 403 for query "the sound of thunder; thunderclap (object)"
[skipped] no result for "the sound of thunder; thunderclap (object)" (雷鳴)
[error] HTTP 403 for query "to grow hazy / blur (action)"
[skipped] no result for "to grow hazy / blur (action)" (霞む)
[error] HTTP 403 for query "dew (object)"
[skipped] no result for "dew (object)" (露)
[error] HTTP 403 for query "silence; stillness; quiet (object)"
[skipped] no result for "silence; stillness; quiet (object)" (静寂)
[error] HTTP 403 for query "to be swayed, yield (action)"
[skipped] no result for "to be swayed, yield (action)" (靡く)
[error] HTTP 403 for query "vestiges; traces; image (of someone) (object)"
[skipped] no result for "vestiges; traces; image (of someone) (object)" (面影)
[error] HTTP 403 for query "rank, standings (object)"
[skipped] no result for "rank, standings (object)" (順位)
[error] HTTP 403 for query "windward (object)"
[skipped] no result for "windward (object)" (風上)
[error] HTTP 403 for query "wind direction; turn of events (object)"
[skipped] no result for "wind direction; turn of events (object)" (風向き)
[error] HTTP 403 for query "to wolf down (rough) (action)"
[skipped] no result for "to wolf down (rough) (action)" (食らう)
[error] HTTP 403 for query "to tame; to domesticate (action)"
[skipped] no result for "to tame; to domesticate (action)" (飼い慣らす)
[error] HTTP 403 for query "saturation (object)"
[skipped] no result for "saturation (object)" (飽和)
[error] HTTP 403 for query "nape of the neck (object)"
[skipped] no result for "nape of the neck (object)" (首筋)
[error] HTTP 403 for query "to let run; to send (thoughts) racing (action)"
[skipped] no result for "to let run; to send (thoughts) racing (action)" (馳せる)
[error] HTTP 403 for query "to get too friendly; to fraternize; to be in collusion (action)"
[skipped] no result for "to get too friendly; to fraternize; to be in collusion (action)" (馴れ合う)
[error] HTTP 403 for query "to run around (frantically); to bustle about (action)"
[skipped] no result for "to run around (frantically); to bustle about (action)" (駆けずり回る)
[error] HTTP 403 for query "to drive; to spur on; to urge onward (action)"
[skipped] no result for "to drive; to spur on; to urge onward (action)" (駆り立てる)
[error] HTTP 403 for query "to drive (an animal or vehicle); to spur on (action)"
[skipped] no result for "to drive (an animal or vehicle); to spur on (action)" (駆る)
[error] HTTP 403 for query "horseback riding; mounted warrior (object)"
[skipped] no result for "horseback riding; mounted warrior (object)" (騎馬)
[error] HTTP 403 for query "to deceive; to swindle; to misrepresent (action)"
[skipped] no result for "to deceive; to swindle; to misrepresent (action)" (騙る)
[error] HTTP 403 for query "astonishment; shock; amazement (object)"
[skipped] no result for "astonishment; shock; amazement (object)" (驚愕)
[error] HTTP 403 for query "elation; uplift; exaltation (object)"
[skipped] no result for "elation; uplift; exaltation (object)" (高揚)
[error] HTTP 403 for query "to pound (of a heart); to throb with excitement (action)"
[skipped] no result for "to pound (of a heart); to throb with excitement (action)" (高鳴る)
[error] HTTP 403 for query "depression; gloom (object)"
[skipped] no result for "depression; gloom (object)" (鬱)
[error] HTTP 403 for query "charm; allure (kanji used in 魅力, 魅了) (object)"
[skipped] no result for "charm; allure (kanji used in 魅力, 魅了) (object)" (魅)
[error] HTTP 403 for query "to captivate (homophone of 見せる) (action)"
[skipped] no result for "to captivate (homophone of 見せる) (action)" (魅せる)
[error] HTTP 403 for query "goosebumps (object)"
[skipped] no result for "goosebumps (object)" (鳥肌)
[error] HTTP 403 for query "to stop ringing (action)"
[skipped] no result for "to stop ringing (action)" (鳴り止む)
[error] HTTP 403 for query "to resound; to echo; to reverberate (action)"
[skipped] no result for "to resound; to echo; to reverberate (action)" (鳴り響く)
[error] HTTP 403 for query "Yomi, the underworld (object)"
[skipped] no result for "Yomi, the underworld (object)" (黄泉)
[error] HTTP 403 for query "to fall silent; to become quiet (and withdrawn) (action)"
[skipped] no result for "to fall silent; to become quiet (and withdrawn) (action)" (黙り込む)
[error] HTTP 403 for query "memory (German) (object)"
[skipped] no result for "memory (German) (object)" (エリンネルング)
[error] HTTP 403 for query "childhood (German) (object)"
[skipped] no result for "childhood (German) (object)" (キントハイト)
[error] HTTP 403 for query "creator (German) (object)"
[skipped] no result for "creator (German) (object)" (シェプファー)
[error] HTTP 403 for query "fate; destiny (German) (object)"
[skipped] no result for "fate; destiny (German) (object)" (シックザール)
[error] HTTP 403 for query "swords (German) (object)"
[skipped] no result for "swords (German) (object)" (シュヴェルター)
[error] HTTP 403 for query "destroyer (German) (object)"
[skipped] no result for "destroyer (German) (object)" (ツェアシュテーラー)
[error] HTTP 403 for query "hatred (German) (object)"
[skipped] no result for "hatred (German) (object)" (ハス)
[error] HTTP 403 for query "building blocks (German) (object)"
[skipped] no result for "building blocks (German) (object)" (バウクレッツェ)
[error] HTTP 403 for query "wings (German) (object)"
[skipped] no result for "wings (German) (object)" (フリューゲル)
[error] HTTP 403 for query "wall (German) (object)"
[skipped] no result for "wall (German) (object)" (マウアー)
[error] HTTP 403 for query "Katsuo (character name; also 'bonito/skipjack tuna') (object)"
[skipped] no result for "Katsuo (character name; also 'bonito/skipjack tuna') (object)" (かつお)
[error] HTTP 403 for query "empty heart (song title; stylized from 空の心) (object)"
[skipped] no result for "empty heart (song title; stylized from 空の心) (object)" (からのこころ)
[error] HTTP 403 for query "core (object)"
[skipped] no result for "core (object)" (こあ)
[error] HTTP 403 for query "Sazae-san (character name; also 'turban shell') (object)"
[skipped] no result for "Sazae-san (character name; also 'turban shell') (object)" (さざえさん)
[error] HTTP 403 for query "Tara (character name; also 'cod (fish)') (object)"
[skipped] no result for "Tara (character name; also 'cod (fish)') (object)" (たら)
[error] HTTP 403 for query "darling (object)"
[skipped] no result for "darling (object)" (だーりん)
[error] HTTP 403 for query "Doraemon (main character; robotic cat from the future) (object)"
[skipped] no result for "Doraemon (main character; robotic cat from the future) (object)" (どらえもん)
[error] HTTP 403 for query "-nosuke (old-fashioned name suffix, playful rhyme on 承知の助) (object)"
[skipped] no result for "-nosuke (old-fashioned name suffix, playful rhyme on 承知の助) (object)" (のすけ)
[error] HTTP 403 for query "pulse (object)"
[skipped] no result for "pulse (object)" (ぱるす)
[error] HTTP 403 for query "'please kiss me' (English refrain) (object)"
[skipped] no result for "'please kiss me' (English refrain) (object)" (ぷりーずきすみー)
[error] HTTP 403 for query "bowling (object)"
[skipped] no result for "bowling (object)" (ぼうりんぐ)
[error] HTTP 403 for query "marionette; puppet (object)"
[skipped] no result for "marionette; puppet (object)" (まりおねっと)
[error] HTTP 403 for query "rescue (object)"
[skipped] no result for "rescue (object)" (れすきゅー)
[error] HTTP 403 for query "Wakame (character name; also 'wakame seaweed') (object)"
[skipped] no result for "Wakame (character name; also 'wakame seaweed') (object)" (わかめ)
[error] HTTP 403 for query ""I love you" (Japanese transliteration of English phrase) (object)"
[skipped] no result for ""I love you" (Japanese transliteration of English phrase) (object)" (アイラブユー)
[error] HTTP 403 for query "attention (English loan) (object)"
[skipped] no result for "attention (English loan) (object)" (アテンション)
[error] HTTP 403 for query "answer (from English) (object)"
[skipped] no result for "answer (from English) (object)" (アンサー)
[error] HTTP 403 for query "Jäger (German for hunter; used in Attack on Titan) (object)"
[skipped] no result for "Jäger (German for hunter; used in Attack on Titan) (object)" (イェーガー)
[error] HTTP 403 for query "ocarina (wind instrument) (object)"
[skipped] no result for "ocarina (wind instrument) (object)" (オカリナ)
[error] HTTP 403 for query "clap your hands (English loan phrase) (object)"
[skipped] no result for "clap your hands (English loan phrase) (object)" (クラップユアハンズ)
[error] HTTP 403 for query "goodbye email/text message (object)"
[skipped] no result for "goodbye email/text message (object)" (グッバイメール)
[error] HTTP 403 for query "get; acquire (loanword, often as suru-verb) (object)"
[skipped] no result for "get; acquire (loanword, often as suru-verb) (object)" (ゲット)
[error] HTTP 403 for query "evidence; proof (stylized spelling of 証拠) (object)"
[skipped] no result for "evidence; proof (stylized spelling of 証拠) (object)" (ショウコ)
[error] HTTP 403 for query "Take-copter (Doraemon's bamboo-copter gadget) (object)"
[skipped] no result for "Take-copter (Doraemon's bamboo-copter gadget) (object)" (タケコプター)
[error] HTTP 403 for query "diver (object)"
[skipped] no result for "diver (object)" (ダイバー)
[error] HTTP 403 for query "telepathy (object)"
[skipped] no result for "telepathy (object)" (テレパシー)
[error] HTTP 403 for query "Totoro (name of the forest spirit from the Studio Ghibli film) (object)"
[skipped] no result for "Totoro (name of the forest spirit from the Studio Ghibli film) (object)" (トトロ)
[error] HTTP 403 for query "stray (prefix, as in ドラ猫 'stray cat') (object)"
[skipped] no result for "stray (prefix, as in ドラ猫 'stray cat') (object)" (ドラ)
[error] HTTP 403 for query "Doraemon (character name) (object)"
[skipped] no result for "Doraemon (character name) (object)" (ドラえもん)
[error] HTTP 403 for query "harmonia; harmony (from Greek/Latin, poetic loanword) (object)"
[skipped] no result for "harmonia; harmony (from Greek/Latin, poetic loanword) (object)" (ハルモニア)
[error] HTTP 403 for query "Babel (as in the Tower of Babel) (object)"
[skipped] no result for "Babel (as in the Tower of Babel) (object)" (バベル)
[error] HTTP 403 for query "panic (object)"
[skipped] no result for "panic (object)" (パニック)
[error] HTTP 403 for query "fighting style (object)"
[skipped] no result for "fighting style (object)" (ファイティングスタイル)
[error] HTTP 403 for query "fairy tale (object)"
[skipped] no result for "fairy tale (object)" (フェアリーテイル)
[error] HTTP 403 for query "princess (object)"
[skipped] no result for "princess (object)" (プリンセス)
[error] HTTP 403 for query "Pokémon (object)"
[skipped] no result for "Pokémon (object)" (ポケモン)
[error] HTTP 403 for query "Pokémon Master (object)"
[skipped] no result for "Pokémon Master (object)" (ポケモンマスター)
[error] HTTP 403 for query "pocket (casual/childish form of ポケット) (object)"
[skipped] no result for "pocket (casual/childish form of ポケット) (object)" (ポッケ)
[error] HTTP 403 for query "one's own pace (wasei-eigo 'my pace') (object)"
[skipped] no result for "one's own pace (wasei-eigo 'my pace') (object)" (マイペース)
[error] HTTP 403 for query "memory (memento, computer memory) (object)"
[skipped] no result for "memory (memento, computer memory) (object)" (メモリー)
[error] HTTP 403 for query "Melissa (proper noun; lemon balm herb) (object)"
[skipped] no result for "Melissa (proper noun; lemon balm herb) (object)" (メリッサ)
[error] HTTP 403 for query "liner (line drive in baseball; loanword) (object)"
[skipped] no result for "liner (line drive in baseball; loanword) (object)" (ライナー)
[error] HTTP 403 for query "ribbon (object)"
[skipped] no result for "ribbon (object)" (リボン)
[error] HTTP 403 for query "theory; argument (here a pun referencing 論) (object)"
[skipped] no result for "theory; argument (here a pun referencing 論) (object)" (ロン)
[error] HTTP 403 for query "decompression sickness; the bends (object)"
[skipped] no result for "decompression sickness; the bends (object)" (減圧症)
[error] HTTP 403 for query "standing on tiptoe (object)"
[skipped] no result for "standing on tiptoe (object)" (爪先立ち)
[error] HTTP 403 for query "Meguro (district/river in Tokyo) (object)"
[skipped] no result for "Meguro (district/river in Tokyo) (object)" (目黒)
[error] HTTP 403 for query "separated; apart from each other (object)"
[skipped] no result for "separated; apart from each other (object)" (離ればなれ)
[done] loaded=46 cached=5 skipped=3460 rate_limited=0 errors=0 total=3511
