
> kitsubeat@0.1.0 fetch-images
> tsx --tsconfig tsconfig.scripts.json scripts/seed/19c-fetch-vocab-images.ts

[fetch] worklist size: 3460 imageable rows missing image_url
[skipped] no result for "name (English) (object)" (name)
[skipped] no result for "power (English) (object)" (power)
[skipped] no result for "beloved; dear one (English) (object)" (beloved)
[skipped] no result for "heart (English) (object)" (heart)
[skipped] no result for "to hide (English) (action)" (hide)
[skipped] no result for "to teach; to tell; to inform (action)" (おしえる)
[skipped] no result for "stomach; belly (object)" (おなか)
[skipped] no result for "(tokenizer fragment — final mora of 不思議 'fushigi') (object)" (ぎ)
[skipped] no result for "to come (here in idiom きてる = 'on a roll') (action)" (くる)
[loaded] けしごむ → https://images.unsplash.com/photo-1667532447990-51c6704ef358...
[loaded] げーむ → https://images.unsplash.com/photo-1634034379073-f689b460a3fc...
[loaded] この → https://images.unsplash.com/photo-1633431577706-595c31e64d50...
[loaded] する → https://images.unsplash.com/photo-1524862655266-89c67a10c4b3...
[loaded] たい → https://images.unsplash.com/photo-1591819978718-df46e8394771...
[loaded] つける → https://images.unsplash.com/photo-1632383380006-513324e4f5b5...
[loaded] てれび → https://images.unsplash.com/photo-1572462758806-40c2aa574d96...
[loaded] できる → https://images.unsplash.com/photo-1550379877-456d16c9fa13?cr...
[loaded] でる → https://images.unsplash.com/photo-1591819978718-df46e8394771...
[loaded] ところ → https://images.unsplash.com/photo-1635087302089-e9e4cca4781c...
[loaded] となり → https://images.unsplash.com/photo-1698337859888-c7174be6cfec...
[loaded] とぶ → https://images.unsplash.com/photo-1572797983001-2308a2b22c2d...
[loaded] ともだち → https://images.unsplash.com/photo-1595354168684-5415135f7596...
[loaded] とる → https://images.unsplash.com/photo-1632383380006-513324e4f5b5...
[loaded] どあ → https://images.unsplash.com/photo-1698337859888-c7174be6cfec...
[loaded] どこか → https://images.unsplash.com/photo-1770065684265-d9bb490dcd16...
[skipped] no result for "to become; to turn into (action)" (なる)
[loaded] はい → https://images.unsplash.com/photo-1777566783934-a0027c69dc34...
[loaded] はじまる → https://images.unsplash.com/photo-1593640475850-83be133a4663...
[skipped] no result for "(tokenizer fragment — middle mora of いっぱい 'a lot') (object)" (ぱ)
[loaded] ひく → https://images.unsplash.com/photo-1603999489657-3639dc9dd0ea...
[loaded] ひと → https://images.unsplash.com/photo-1634274685483-a2b1e9f9059a...
[loaded] ひとつ → https://images.unsplash.com/photo-1636910607290-d8db4b65bdb0...
[loaded] ひとり → https://images.unsplash.com/photo-1694946345674-144211392f30...
[loaded] ぴあの → https://images.unsplash.com/photo-1742258011597-54ceb943fb03...
[loaded] ふたつ → https://images.unsplash.com/photo-1528840942-6d0562674ad6?cr...
[loaded] ふたり → https://images.unsplash.com/photo-1690646633616-693d0038e37e...
[loaded] ふる → https://images.unsplash.com/photo-1765205616467-ee38b92b3531...
[loaded] べっど → https://images.unsplash.com/photo-1635594202056-9ea3b497e5c0...
[loaded] ぼーる → https://images.unsplash.com/photo-1638248308805-d488b66ea854...
[loaded] まんが → https://images.unsplash.com/photo-1590172205966-f00987de8de1...
[loaded] みち → https://images.unsplash.com/photo-1772400136382-4e9d708f4107...
[loaded] みる → https://images.unsplash.com/photo-1772839921944-f617bd60e493...
[loaded] もの → https://images.unsplash.com/photo-1765205450196-c07f8da10f2c...
[loaded] やる → https://images.unsplash.com/photo-1524862655266-89c67a10c4b3...
[loaded] りんご → https://images.unsplash.com/photo-1775465187747-7d5901a0f6c3...
[loaded] ア・ハ → https://images.unsplash.com/photo-1591819978718-df46e8394771...
[loaded] イギリス → https://images.unsplash.com/photo-1632317354246-dd26908bfd31...
[loaded] イマ → https://images.unsplash.com/photo-1698337859888-c7174be6cfec...
[loaded] ウタ → https://images.unsplash.com/photo-1620939123578-bb16277cfd54...
[loaded] カレンダー → https://images.unsplash.com/photo-1577950235519-72e271810cb1...
[loaded] キミ → https://images.unsplash.com/photo-1649859967699-5c60d8d8b5ba...
[loaded] グー → https://images.unsplash.com/photo-1628059531307-a7f003ed53d2...
[cached] ゲーム → reused URL for "game"
[loaded] コーヒー → https://images.unsplash.com/photo-1762521062351-90612528d811...
[skipped] no result for "Gohan / ご飯 (Goku's son's name AND 'rice' — pun) (object)" (ゴ・ハ・ン)
[loaded] ゴ・メン → https://images.unsplash.com/photo-1591819978718-df46e8394771...
[loaded] サヨナラ → https://images.unsplash.com/photo-1551783395-df455ddbc86b?cr...
[loaded] スカート → https://images.unsplash.com/photo-1627660561449-1b8381504c88...
[loaded] スプーン → https://images.unsplash.com/photo-1723879682962-d9948d7372af...
[debug] first 403 body sample: Rate Limit Exceeded
[429] sleeping 3600s for "Super (loanword); also supermarket (object)"
[loaded] スーパー → https://images.unsplash.com/photo-1723128938283-5ce398830880...
[loaded] チョキ → https://images.unsplash.com/photo-1558334790-77ce2da6d415?cr...
[loaded] テスト → https://images.unsplash.com/photo-1633518009802-724bf2605637...
[cached] テレビ → reused URL for "television; TV"
[loaded] テーブル → https://images.unsplash.com/photo-1759932713888-0f131d54f88e...
[loaded] ドア → https://images.unsplash.com/photo-1756415125333-b58872354f94...
[loaded] ドラゴンボールスーパー → https://images.unsplash.com/photo-1652801017194-477b9afc337a...
[loaded] ノート → https://images.unsplash.com/photo-1632965053624-eea7c66017de...
[loaded] ハル → https://images.unsplash.com/photo-1718140245037-8d02a29e425e...
[loaded] バイ → https://images.unsplash.com/photo-1687585612416-c7e45dbb27d5...
[skipped] no result for "paper (janken) (object)" (パー)
[loaded] ビル → https://images.unsplash.com/photo-1637701323782-10ebeae22093...
[loaded] プール → https://images.unsplash.com/photo-1756081103408-ccc8c67216b3...
[loaded] ヘリ → https://images.unsplash.com/photo-1765205640227-4142565e0eee...
[cached] ベッド → reused URL for "bed"
[loaded] ペン → https://images.unsplash.com/photo-1767116291082-8a34a33554d9...
[loaded] ホント → https://images.unsplash.com/photo-1642292133258-0fe28119fefc...
[loaded] ポケット → https://images.unsplash.com/photo-1604694879261-a3b717ef71ae...
[skipped] no result for "thing (もの in katakana for stylistic emphasis) (object)" (モノ)
[loaded] ライ → https://images.unsplash.com/photo-1765205450196-c07f8da10f2c...
[loaded] ラジオ → https://images.unsplash.com/photo-1727396560997-f9f19c92ea4b...
[loaded] ワン → https://images.unsplash.com/photo-1565156607188-da48d8459354...
[skipped] no result for "(tokenizer artifact — chōonpu 'long-vowel mark' isolated from ゼリー) (object)" (ー)
[loaded] 一つ → https://images.unsplash.com/photo-1762521062351-90612528d811...
[loaded] 三つ → https://images.unsplash.com/photo-1550335865-16a340d45467?cr...
[loaded] 上 → https://images.unsplash.com/photo-1619535541830-af170e005ef5...
[loaded] 上げる → https://images.unsplash.com/photo-1772413438851-f6dd22c7ebe1...
[skipped] no result for "below; under; beneath (object)" (下)
[skipped] no result for "inside; middle; among (object)" (中)
[loaded] 乗る → https://images.unsplash.com/photo-1696017953177-648da8dcf585...
[loaded] 事 → https://images.unsplash.com/photo-1765204314906-c4298fdc3134...
[loaded] 二つ → https://images.unsplash.com/photo-1528840942-6d0562674ad6?cr...
[loaded] 二人 → https://images.unsplash.com/photo-1746469291605-e9195726bd46...
[loaded] 今 → https://images.unsplash.com/photo-1698337859888-c7174be6cfec...
[loaded] 今年 → https://images.unsplash.com/photo-1698552202172-ddd0945fbf3f...
[loaded] 休む → https://images.unsplash.com/photo-1692865814917-094cc56c5699...
[loaded] 会う → https://images.unsplash.com/photo-1690646633616-693d0038e37e...
[loaded] 作る → https://images.unsplash.com/photo-1618777390832-5f27e30d1ca2...
[loaded] 使う → https://images.unsplash.com/photo-1692865814917-094cc56c5699...
[loaded] 先生 → https://images.unsplash.com/photo-1643297654416-05795d62e39c...
[loaded] 入る → https://images.unsplash.com/photo-1557919351-47a1f5c3aeaf?cr...
[loaded] 公園 → https://images.unsplash.com/photo-1732021882287-7576ad683241...
[loaded] 写真 → https://images.unsplash.com/photo-1630951747824-c17e965fb4de...
[loaded] 冬 → https://images.unsplash.com/photo-1759670803383-57edf5c61bf3...
[loaded] 出す → https://images.unsplash.com/photo-1632383380006-513324e4f5b5...
[loaded] 出る → https://images.unsplash.com/photo-1557919351-47a1f5c3aeaf?cr...
[loaded] 出掛ける → https://images.unsplash.com/photo-1597983597953-31a6b9632d33...
[loaded] 出来る → https://images.unsplash.com/photo-1765205450196-c07f8da10f2c...
[loaded] 分かる → https://images.unsplash.com/photo-1765205450196-c07f8da10f2c...
[loaded] 切る → https://images.unsplash.com/photo-1651223969333-7a02ad74c4f0...
[skipped] no result for "front; before (object)" (前)
[loaded] 午前 → https://images.unsplash.com/photo-1705403109099-19ebff17a7b9...
[429] sleeping 3600s for "afternoon (object)"
[loaded] 午後 → https://images.unsplash.com/photo-1687585612416-c7e45dbb27d5...
[skipped] no result for "south (object)" (南)
[skipped] no result for "last year (object)" (去年)
[cached] 友だち → reused URL for "friend"
[cached] 友達 → reused URL for "friend"
[loaded] 取る → https://images.unsplash.com/photo-1632383380006-513324e4f5b5...
[loaded] 呼ぶ → https://images.unsplash.com/photo-1585437005549-e58d5b9d6530...
[skipped] no result for "country; nation (object)" (国)
[loaded] 土曜日 → https://images.unsplash.com/photo-1687585612416-c7e45dbb27d5...
[loaded] 在る → https://images.unsplash.com/photo-1692865814917-094cc56c5699...
[loaded] 外 → https://images.unsplash.com/photo-1724452588657-9ab0f8865a2e...
[loaded] 天気 → https://images.unsplash.com/photo-1776894873540-e1228715fae2...
[cached] 始まる → reused URL for "to begin; to start"
[cached] 始める → reused URL for "to begin; to start"
[loaded] 子 → https://images.unsplash.com/photo-1570887244097-cd3cbfdf118c...
[loaded] 子供 → https://images.unsplash.com/photo-1570887244097-cd3cbfdf118c...
[loaded] 家族 → https://images.unsplash.com/photo-1738235396831-6633dd31d453...
[loaded] 寝る → https://images.unsplash.com/photo-1630809388741-244e8aedc336...
[loaded] 居る → https://images.unsplash.com/photo-1591819978718-df46e8394771...
[loaded] 居る → https://images.unsplash.com/photo-1632976032753-2b209dd0a921...
[loaded] 履く → https://images.unsplash.com/photo-1516199707327-5399434d0aa4...
[loaded] 左 → https://images.unsplash.com/photo-1678270661786-0a192d0c911e...
[loaded] 座る → https://images.unsplash.com/photo-1672883562106-5e6aea8ebc3b...
[loaded] 引く → https://images.unsplash.com/photo-1603999489657-3639dc9dd0ea...
[loaded] 待つ → https://images.unsplash.com/photo-1565038924091-e76522104855...
[loaded] 後ろ → https://images.unsplash.com/photo-1759488564873-8af17e7eb765...
[loaded] 思う → https://images.unsplash.com/photo-1549633030-89d0743bad01?cr...
[skipped] no result for "to become; to turn into (action)" (成る)
[loaded] 手紙 → https://images.unsplash.com/photo-1605364850023-a917c39f8fe9...
[loaded] 持つ → https://images.unsplash.com/photo-1585437005549-e58d5b9d6530...
[loaded] 散歩 → https://images.unsplash.com/photo-1726767929261-3bc08ea0f4ed...
[loaded] 新聞 → https://images.unsplash.com/photo-1623039405147-547794f92e9e...
[loaded] 旅行 → https://images.unsplash.com/photo-1563705343138-780c54f8b7ec...
[loaded] 日 → https://images.unsplash.com/photo-1706694668166-d09c91016064...
[loaded] 映画 → https://images.unsplash.com/photo-1562076664-82e505c41c0b?cr...
[loaded] 時計 → https://images.unsplash.com/photo-1775475049875-2594eb701026...
[loaded] 書く → https://images.unsplash.com/photo-1649859967699-5c60d8d8b5ba...
[loaded] 有る → https://images.unsplash.com/photo-1765205450196-c07f8da10f2c...
[loaded] 来る → https://images.unsplash.com/photo-1765204117154-11fcb7d7ed39...
[loaded] 来年 → https://images.unsplash.com/photo-1702291449620-29cdce17c405...
[skipped] no result for "honorific suffix (Mr./Ms./Lord) (object)" (様)
[loaded] 次 → https://images.unsplash.com/photo-1677520806776-7db7f5f99957...
[loaded] 歯 → https://images.unsplash.com/photo-1657313611566-1616bd1c1fbc...
[loaded] 死ぬ → https://images.unsplash.com/photo-1597983597953-31a6b9632d33...
[loaded] 水 → https://images.unsplash.com/photo-1754810809384-df84f634ceb5...
[loaded] 泳ぐ → https://images.unsplash.com/photo-1765007274841-6a8831696c38...
[loaded] 消す → https://images.unsplash.com/photo-1742416579510-b7cf894d3436...
[loaded] 犬 → https://images.unsplash.com/photo-1680899492309-aa666c6a6bc9...
[loaded] 猫 → https://images.unsplash.com/photo-1769081372597-cfefeee9a260...
[loaded] 生まれる → https://images.unsplash.com/photo-1550379877-456d16c9fa13?cr...
[loaded] 男 → https://images.unsplash.com/photo-1731871789452-1b96538902dc...
[loaded] 男の子 → https://images.unsplash.com/photo-1570887244097-cd3cbfdf118c...
[loaded] 白 → https://images.unsplash.com/photo-1614628408704-7a3b0bc768a0...
[loaded] 百 → https://images.unsplash.com/photo-1691519965921-f639be7796ac...
[loaded] 着る → https://images.unsplash.com/photo-1608680480325-d3ec3cdf7e60...
[429] sleeping 3600s for "to know; to find out (action)"
[loaded] 知る → https://images.unsplash.com/photo-1614019057403-4b434b71089f...
[loaded] 秋 → https://images.unsplash.com/photo-1637056731516-7ac5f66ecd7a...
[loaded] 窓 → https://images.unsplash.com/photo-1767542344243-88b78b59264a...
[loaded] 立つ → https://images.unsplash.com/photo-1561149872-0e610fdeb03a?cr...
[loaded] 答える → https://images.unsplash.com/photo-1561149872-0e610fdeb03a?cr...
[loaded] 紙 → https://images.unsplash.com/photo-1763888451031-60b9e72eae96...
[loaded] 終わる → https://images.unsplash.com/photo-1638895385677-fbbae8e9f8cf...
[loaded] 置く → https://images.unsplash.com/photo-1632383380006-513324e4f5b5...
[loaded] 翔ぶ → https://images.unsplash.com/photo-1644654123208-d0e4171ebe26...
[loaded] 聞く → https://images.unsplash.com/photo-1520186994231-6ea0019d8d51...
[loaded] 脱ぐ → https://images.unsplash.com/photo-1776838108803-91bbab8a09da...
[loaded] 色 → https://images.unsplash.com/photo-1749587452499-ea1fd591e63f...
[loaded] 荷物 → https://images.unsplash.com/photo-1632127882671-81d44d2e6b3a...
[loaded] 行く → https://images.unsplash.com/photo-1759547118069-38be3895faa1...
[loaded] 見る → https://images.unsplash.com/photo-1772839921944-f617bd60e493...
[skipped] no result for "to understand; to comprehend (nuanced kanji variant of 分かる) (action)" (解る)
[loaded] 言う → https://images.unsplash.com/photo-1561149872-0e610fdeb03a?cr...
[loaded] 話 → https://images.unsplash.com/photo-1725798451600-ed47670340d7...
[loaded] 話す → https://images.unsplash.com/photo-1561149872-0e610fdeb03a?cr...
[loaded] 読む → https://images.unsplash.com/photo-1707562034099-2538a196bb93...
[loaded] 誰か → https://images.unsplash.com/photo-1762020628120-9c3086e5b3cf...
[loaded] 貴方 → https://images.unsplash.com/photo-1598618443737-f865e121d870...
[loaded] 買う → https://images.unsplash.com/photo-1725797951116-98dc0cce8ac8...
[loaded] 起きる → https://images.unsplash.com/photo-1591819978718-df46e8394771...
[loaded] 躰 → https://images.unsplash.com/photo-1583888283632-02026f803470...
[loaded] 車 → https://images.unsplash.com/photo-1652413964473-4e417e91372f...
[skipped] no result for "near; nearby; vicinity (object)" (近く)
[loaded] 遊び → https://images.unsplash.com/photo-1588019787615-e9a5acdf3271...
[loaded] 遊ぶ → https://images.unsplash.com/photo-1510897345173-4d938815feb4...
[loaded] 違う → https://images.unsplash.com/photo-1564419188055-48ba159334c0...
[loaded] 部屋 → https://images.unsplash.com/photo-1635508253452-093f5c5937e4...
[loaded] 降る → https://images.unsplash.com/photo-1771304346920-758bf870061d...
[loaded] 階段 → https://images.unsplash.com/photo-1564929413477-c2a0fd1c2482...
[loaded] 雪 → https://images.unsplash.com/photo-1549389754-8f39dee66026?cr...
[loaded] 電話 → https://images.unsplash.com/photo-1498582750569-89914abe05e4...
[loaded] 音楽 → https://images.unsplash.com/photo-1652626627230-d7ddb64bf9e9...
[loaded] 頭 → https://images.unsplash.com/photo-1692605894363-592d3167f2e4...
[loaded] 食べる → https://images.unsplash.com/photo-1497415818126-3740914d3300...
[loaded] 飲む → https://images.unsplash.com/photo-1625233641629-3f2cfd4a557f...
[loaded] 魚 → https://images.unsplash.com/photo-1578005981119-759395e7b328...
[loaded] 黒 → https://images.unsplash.com/photo-1575224526797-5730d09d781d...
[loaded] 鼻 → https://images.unsplash.com/photo-1681132022311-68d79675a481...
[loaded] 夢 → https://images.unsplash.com/photo-1734443173253-e82d174702e4...
[loaded] 世界 → https://images.unsplash.com/photo-1774663418243-c584a8478896...
[loaded] 心 → https://images.unsplash.com/photo-1715111641716-e52694b3e3c1...
[loaded] 未来 → https://images.unsplash.com/photo-1550056486-8ded219fb769?cr...
[loaded] 光 → https://images.unsplash.com/photo-1640358088601-66a13eb3df11...
[loaded] 空 → https://images.unsplash.com/photo-1620457727948-729eeacd6681...
[loaded] 声 → https://images.unsplash.com/photo-1720842439237-eb01659b52bf...
[loaded] 愛 → https://images.unsplash.com/photo-1734066907560-3c8de31b639b...
[429] sleeping 3600s for "words (object)"
[loaded] 言葉 → https://images.unsplash.com/photo-1649859967699-5c60d8d8b5ba...
[loaded] 信じる → https://images.unsplash.com/photo-1549633030-89d0743bad01?cr...
[loaded] 風 → https://images.unsplash.com/photo-1770065684265-d9bb490dcd16...
[loaded] 答え → https://images.unsplash.com/photo-1652077859695-de2851a95620...
[loaded] 嘘 → https://images.unsplash.com/photo-1651862447526-82ac0243a20a...
[loaded] 不安 → https://images.unsplash.com/photo-1685796140867-e77462117e9a...
[loaded] 幸せ → https://images.unsplash.com/photo-1720535190566-89d1e2aa0e39...
[loaded] 意味 → https://images.unsplash.com/photo-1567629888721-f63fbcff5eed...
[loaded] 約束 → https://images.unsplash.com/photo-1550379877-456d16c9fa13?cr...
[loaded] 強さ → https://images.unsplash.com/photo-1724763750864-9e81ee45d036...
[loaded] 旅 → https://images.unsplash.com/photo-1732415901254-660cf9a19cb4...
[loaded] 星 → https://images.unsplash.com/photo-1765207663362-bad07a16fbb4...
[cached] 道 → reused URL for "road; path; way"
[loaded] 優しさ → https://images.unsplash.com/photo-1572025132210-83d1dcaa932d...
[loaded] 地図 → https://images.unsplash.com/photo-1765207663362-bad07a16fbb4...
[skipped] no result for "place; location (object)" (場所)
[loaded] 季節 → https://images.unsplash.com/photo-1572420409542-379956c3fe8e...
[loaded] 届く → https://images.unsplash.com/photo-1698337859888-c7174be6cfec...
[skipped] no result for "to search (action)" (探す)
[loaded] 気持ち → https://images.unsplash.com/photo-1551783395-df455ddbc86b?cr...
[loaded] 太陽 → https://images.unsplash.com/photo-1706694668166-d09c91016064...
[loaded] 泣く → https://images.unsplash.com/photo-1563480379612-332dcd2a742a...
[loaded] 立ち上がる → https://images.unsplash.com/photo-1588694818493-d262501f4511...
[loaded] 人間 → https://images.unsplash.com/photo-1634274685483-a2b1e9f9059a...
[loaded] 伝える → https://images.unsplash.com/photo-1585437005549-e58d5b9d6530...
[loaded] 全部 → https://images.unsplash.com/photo-1551783395-df455ddbc86b?cr...
[loaded] 力 → https://images.unsplash.com/photo-1652364690376-db27a1965bc0...
[loaded] 地球 → https://images.unsplash.com/photo-1564053489984-317bbd824340...
[loaded] 思い出 → https://images.unsplash.com/photo-1765205498852-00513195dd1c...
[loaded] 捨てる → https://images.unsplash.com/photo-1603999489657-3639dc9dd0ea...
[loaded] 最後 → https://images.unsplash.com/photo-1608568206954-7b66fdbb5c11...
[loaded] 月 → https://images.unsplash.com/photo-1759670803383-57edf5c61bf3...
[loaded] 歴史 → https://images.unsplash.com/photo-1775407974885-5ce90c3892d8...
[loaded] 決める → https://images.unsplash.com/photo-1519001904187-92788a1b784d...
[loaded] 海 → https://images.unsplash.com/photo-1620457727948-729eeacd6681...
[loaded] 生きる → https://images.unsplash.com/photo-1632383380006-513324e4f5b5...
[loaded] 街 → https://images.unsplash.com/photo-1729715210881-b221d41b0f90...
[loaded] 覚える → https://images.unsplash.com/photo-1769288884665-61351d4387ff...
[loaded] 迷う → https://images.unsplash.com/photo-1651223969333-7a02ad74c4f0...
[loaded] 鍵 → https://images.unsplash.com/photo-1774436353542-5091220243c7...
[skipped] no result for "beside; next to (object)" (隣)
[loaded] 雲 → https://images.unsplash.com/photo-1768861196539-2b71b0560d70...
[loaded] 鳥 → https://images.unsplash.com/photo-1777560568769-34c7a9a36af7...
[loaded] お祭り → https://images.unsplash.com/photo-1661261979056-14986bae5b8f...
[loaded] ぎたー → https://images.unsplash.com/photo-1691479779908-14f49da0024d...
[loaded] さっき → https://images.unsplash.com/photo-1723790011180-73be054b6c31...
[loaded] さみしさ → https://images.unsplash.com/photo-1750080127000-6e15da0e95b9...
[loaded] すぴーど → https://images.unsplash.com/photo-1565698883790-f5aa26f3b518...
[loaded] そば → https://images.unsplash.com/photo-1591819978718-df46e8394771...
[loaded] まま → https://images.unsplash.com/photo-1651223969333-7a02ad74c4f0...
[cached] ゆめ → reused URL for "dream"
[loaded] 世 → https://images.unsplash.com/photo-1742412615444-8d8d8c66f94f...
[429] sleeping 3600s for "the whole world (object)"
[loaded] 世界中 → https://images.unsplash.com/photo-1678108293774-2e0fff299545...
[skipped] no result for "middle school (object)" (中学校)
[loaded] 会いたい → https://images.unsplash.com/photo-1561149872-0e610fdeb03a?cr...
[loaded] 体 → https://images.unsplash.com/photo-1765207663362-bad07a16fbb4...
[cached] 体 (karada) → reused URL for "body"
[loaded] 何度 → https://images.unsplash.com/photo-1558395872-85709c6d3639?cr...
[loaded] 便利 → https://images.unsplash.com/photo-1630299098851-b55590a59235...
[skipped] no result for "I; me (masculine, casual) (object)" (俺)
[loaded] 先 → https://images.unsplash.com/photo-1698337859888-c7174be6cfec...
[loaded] 努力 → https://images.unsplash.com/photo-1658757632712-cf856373781d...
[loaded] 口 → https://images.unsplash.com/photo-1609277425553-d2bb55dcc54d...
[cached] 君 → reused URL for "you"
[skipped] no result for "surroundings; around (object)" (周り)
[loaded] 咲く → https://images.unsplash.com/photo-1607370304980-634eb9ad9f8b...
[cached] 声 (koe) → reused URL for "voice"
[loaded] 変わる → https://images.unsplash.com/photo-1646491320662-9c94de8e0b8d...
[loaded] 大人 → https://images.unsplash.com/photo-1667644232389-73c1c9c0dc9d...
[loaded] 失敗 → https://images.unsplash.com/photo-1687787416048-d7acdd89bfc3...
[loaded] 床 → https://images.unsplash.com/photo-1762088932544-9d9df5098f6e...
[skipped] no result for "to revolve; to go around (action)" (廻る)
[loaded] 彼氏 → https://images.unsplash.com/photo-1749380817283-17d8d30a52aa...
[loaded] 心配 → https://images.unsplash.com/photo-1610314578674-7b9490d74ccd...
[loaded] 怪我 → https://images.unsplash.com/photo-1769204978162-55d6fdb408ce...
[loaded] 恋 → https://images.unsplash.com/photo-1612490567246-5dadb92ce9a3...
[loaded] 感じ → https://images.unsplash.com/photo-1637054235810-19d180efff41...
[loaded] 携帯 → https://images.unsplash.com/photo-1756487564693-5d5f4c196fd5...
[loaded] 春 → https://images.unsplash.com/photo-1646131398059-00a061b020a1...
[loaded] 最後 (saigo) → https://images.unsplash.com/photo-1608568206954-7b66fdbb5c11...
[loaded] 止まる → https://images.unsplash.com/photo-1755547721682-5970090a224c...
[loaded] 歩き出す → https://images.unsplash.com/photo-1726767929261-3bc08ea0f4ed...
[skipped] no result for "preparation (Japanese equivalent of 'prepare') (object)" (準備)
[loaded] 準備 (junbi) → https://images.unsplash.com/photo-1777380104555-1f47491729a6...
[loaded] 火 → https://images.unsplash.com/photo-1775193850632-b0902ea5220e...
[loaded] 笑える → https://images.unsplash.com/photo-1619675285842-547d25ae519e...
[loaded] 笑顔 → https://images.unsplash.com/photo-1604289433068-badef6f6c928...
[loaded] 耳 → https://images.unsplash.com/photo-1634656883281-3a665dd2bb8a...
[loaded] 聞こえる → https://images.unsplash.com/photo-1681987971169-2632ef4c11a9...
[cached] 聞こえる (kikoeru) → reused URL for "to be audible; to hear"
[loaded] 育てる → https://images.unsplash.com/photo-1758930908722-6f8f561d7473...
[loaded] 足 → https://images.unsplash.com/photo-1640263192162-20091da26066...
[loaded] 踊る → https://images.unsplash.com/photo-1764435937009-cf7c3110c04c...
[cached] 身体 → reused URL for "body"
[loaded] 返事 → https://images.unsplash.com/photo-1765380079686-b261db3178b7...
[loaded] 逃げる → https://images.unsplash.com/photo-1521705577586-a50e4a072423...
[skipped] no result for "far away; distance (object)" (遠く)
[loaded] 間違い → https://images.unsplash.com/photo-1684882470309-a23835e8b615...
[loaded] 離す → https://images.unsplash.com/photo-1692865814917-094cc56c5699...
[loaded] 靴下 → https://images.unsplash.com/photo-1733743800088-efffde975029...
[loaded] 頑張る → https://images.unsplash.com/photo-1692865814917-094cc56c5699...
[loaded] 飛ぶ → https://images.unsplash.com/photo-1769189835944-84bb871c9ccc...
[loaded] うそ → https://images.unsplash.com/photo-1688497788310-ba259455a0df...
[loaded] おちる → https://images.unsplash.com/photo-1700147619929-7dad80d774b8...
[loaded] おぼえる → https://images.unsplash.com/photo-1765205450196-c07f8da10f2c...
[loaded] おもちゃ → https://images.unsplash.com/photo-1765531309149-d6f045dead38...
[loaded] お前 → https://images.unsplash.com/photo-1690646633616-693d0038e37e...
[429] sleeping 3600s for "souvenir (object)"
[loaded] お土産 → https://images.unsplash.com/photo-1765531309149-d6f045dead38...
[loaded] かかる → https://images.unsplash.com/photo-1611574431669-678f9c6e9257...
[loaded] かける → https://images.unsplash.com/photo-1585437005549-e58d5b9d6530...
[loaded] がんばる → https://images.unsplash.com/photo-1632383380006-513324e4f5b5...
[loaded] きみ → https://images.unsplash.com/photo-1694946345674-144211392f30...
[loaded] こころ → https://images.unsplash.com/photo-1715111641688-ea364ec391f1...
[loaded] こわれる → https://images.unsplash.com/photo-1564419188055-48ba159334c0...
[skipped] no result for "cola; Coke (object)" (こーら)
[loaded] さがす → https://images.unsplash.com/photo-1565820445972-4f7c2c2a67a4...
[loaded] しまう → https://images.unsplash.com/photo-1698337859888-c7174be6cfec...
[loaded] すぎる → https://images.unsplash.com/photo-1693651371733-3d76d7f7dcdf...
[loaded] すすむ → https://images.unsplash.com/photo-1698337859888-c7174be6cfec...
[loaded] ため → https://images.unsplash.com/photo-1632383380006-513324e4f5b5...
[loaded] だめ → https://images.unsplash.com/photo-1571877771848-2434eb6f71f6...
[loaded] ちから → https://images.unsplash.com/photo-1724763750864-9e81ee45d036...
[loaded] ちゃんす → https://images.unsplash.com/photo-1698337859888-c7174be6cfec...
[loaded] ついて来る → https://images.unsplash.com/photo-1550379877-456d16c9fa13?cr...
[loaded] つかまえる → https://images.unsplash.com/photo-1585437005549-e58d5b9d6530...
[loaded] つもり → https://images.unsplash.com/photo-1628988253393-67a6293ea2f1...
[loaded] てる → https://images.unsplash.com/photo-1651223969333-7a02ad74c4f0...
[loaded] とこ → https://images.unsplash.com/photo-1591819978718-df46e8394771...
[loaded] なくす → https://images.unsplash.com/photo-1632383380006-513324e4f5b5...
[loaded] なくなる → https://images.unsplash.com/photo-1591819978718-df46e8394771...
[loaded] なれる → https://images.unsplash.com/photo-1632383380006-513324e4f5b5...
[loaded] ぬれる → https://images.unsplash.com/photo-1568241199580-140c4ee1ea8f...
[loaded] ひま → https://images.unsplash.com/photo-1668358554073-1ebdd7cadf0c...
[loaded] びっくり → https://images.unsplash.com/photo-1693733470033-c628154571b2...
[loaded] ぼたん → https://images.unsplash.com/photo-1634034379073-f689b460a3fc...
[cached] ぽけっと → reused URL for "pocket"
[loaded] まける → https://images.unsplash.com/photo-1651223969333-7a02ad74c4f0...
[loaded] みつかる → https://images.unsplash.com/photo-1561466047-33864c1424bc?cr...
[skipped] no result for "forest (written in katakana for emphasis) (object)" (もり)
[loaded] や → https://images.unsplash.com/photo-1765205640227-4142565e0eee...
[loaded] やける → https://images.unsplash.com/photo-1614106265135-59ec0682d567...
[loaded] やせる → https://images.unsplash.com/photo-1632383380006-513324e4f5b5...
[loaded] やめる → https://images.unsplash.com/photo-1632383380006-513324e4f5b5...
[loaded] アップル → https://images.unsplash.com/photo-1689748293889-a09ab3ed9b1c...
[loaded] エイリアン → https://images.unsplash.com/photo-1749212225812-d32a2191f495...
[loaded] エナジー → https://images.unsplash.com/photo-1757705270650-60989682e229...
[loaded] カード → https://images.unsplash.com/photo-1709386263912-8acf4c173f14...
[loaded] ガラス → https://images.unsplash.com/photo-1777380104555-1f47491729a6...
[cached] ギター → reused URL for "guitar"
[loaded] ケータイ → https://images.unsplash.com/photo-1775465187747-7d5901a0f6c3...
[loaded] ココロ → https://images.unsplash.com/photo-1715111641716-e52694b3e3c1...
[loaded] コメ → https://images.unsplash.com/photo-1765205616467-ee38b92b3531...
[loaded] シャワー → https://images.unsplash.com/photo-1587420333680-87babd0cbfbd...
[loaded] スコーピオン → https://images.unsplash.com/photo-1641219798423-c77c881af841...
[loaded] タイ → https://images.unsplash.com/photo-1651223969333-7a02ad74c4f0...
[skipped] no result for "strength; power (力 in katakana) (object)" (チカラ)
[cached] チャンス → reused URL for "chance; opportunity (loanword)"
[loaded] チーズ → https://images.unsplash.com/photo-1566454825481-4e48f80aa4d7...
[loaded] ドレス → https://images.unsplash.com/photo-1663851782559-360286c8100d...
[loaded] ナッツ → https://images.unsplash.com/photo-1737666810665-41add5981629...
[429] sleeping 3600s for "tears (涙 in katakana) (object)"
[skipped] no result for "tears (涙 in katakana) (object)" (ナミダ)
[loaded] ニュース → https://images.unsplash.com/photo-1623039405147-547794f92e9e...
[loaded] バス停 → https://images.unsplash.com/photo-1606791574564-ef8c1681ecf7...
[loaded] パラダイス → https://images.unsplash.com/photo-1642266522418-b20bcc0093ce...
[loaded] パワー → https://images.unsplash.com/photo-1674567194799-304c516ada49...
[skipped] no result for "light (光 in katakana) (object)" (ヒカリ)
[loaded] ビックリ → https://images.unsplash.com/photo-1693733470033-c628154571b2...
[loaded] ボーイズ → https://images.unsplash.com/photo-1566794246131-7f556ca6ac9f...
[loaded] ポップコーン → https://images.unsplash.com/photo-1734039036981-d53a216945d2...
[loaded] ミュージック → https://images.unsplash.com/photo-1524650359799-842906ca1c06...
[loaded] メッセージ → https://images.unsplash.com/photo-1591819978718-df46e8394771...
[loaded] モンスター → https://images.unsplash.com/photo-1757737488179-242faabe5d14...
[loaded] ラッキー → https://images.unsplash.com/photo-1507667895043-c4de59dda180...
[loaded] ワイン → https://images.unsplash.com/photo-1656235123277-9ac111857004...
[loaded] 一杯 → https://images.unsplash.com/photo-1678270661786-0a192d0c911e...
[loaded] 上がる → https://images.unsplash.com/photo-1606594172049-12401e139981...
[loaded] 並ぶ → https://images.unsplash.com/photo-1697791132238-97226bd5ce25...
[loaded] 並べる → https://images.unsplash.com/photo-1618857162627-1cfa2531c15b...
[loaded] 予定 → https://images.unsplash.com/photo-1692158962127-badc3b8d6a0f...
[loaded] 人々 → https://images.unsplash.com/photo-1774569036378-272f21606f09...
[loaded] 今夜 → https://images.unsplash.com/photo-1693821064577-6ad7cb45a6a9...
[loaded] 今度 → https://images.unsplash.com/photo-1668358554066-56b68095d219...
[loaded] 仕方 → https://images.unsplash.com/photo-1523937986058-3643cb987697...
[loaded] 他 → https://images.unsplash.com/photo-1591819978718-df46e8394771...
[loaded] 代わり → https://images.unsplash.com/photo-1591819978718-df46e8394771...
[loaded] 代わる → https://images.unsplash.com/photo-1698337859888-c7174be6cfec...
[loaded] 以上 → https://images.unsplash.com/photo-1678108293774-2e0fff299545...
[loaded] 会える → https://images.unsplash.com/photo-1765205450196-c07f8da10f2c...
[loaded] 会話 → https://images.unsplash.com/photo-1725798451600-ed47670340d7...
[loaded] 何ヶ月 → https://images.unsplash.com/photo-1577950248429-7530424d9682...
[loaded] 使い → https://images.unsplash.com/photo-1644035525183-e8184df20056...
[loaded] 倍 → https://images.unsplash.com/photo-1672268931087-9384cca148d8...
[skipped] no result for "side; near (often as 〜の側) (object)" (側)
[skipped] no result for "by, beside (object)" (傍)
[loaded] 僕ら → https://images.unsplash.com/photo-1599800112526-13e506f32841...
[loaded] 優しくなる → https://images.unsplash.com/photo-1692970969860-fe4c42c92cef...
[loaded] 入れる → https://images.unsplash.com/photo-1632383380006-513324e4f5b5...
[loaded] 出かける → https://images.unsplash.com/photo-1597983597953-31a6b9632d33...
[loaded] 出口 → https://images.unsplash.com/photo-1599840459477-366fb2ca4ea3...
[loaded] 初め → https://images.unsplash.com/photo-1593640475850-83be133a4663...
[loaded] 別れる → https://images.unsplash.com/photo-1698337859888-c7174be6cfec...
[loaded] 助ける → https://images.unsplash.com/photo-1688126507367-b7cb61e19f30...
[skipped] no result for "to move; to shift (action)" (動く)
[skipped] no result for "to win; to be victorious (action)" (勝つ)
[loaded] 匂い → https://images.unsplash.com/photo-1637054235732-6d995b36f03e...
[loaded] 半分 → https://images.unsplash.com/photo-1508082220450-404d77d16df8...
[skipped] no result for "right hand (object)" (右手)
[loaded] 右目 → https://images.unsplash.com/photo-1725640185787-f26c261e052b...
[loaded] 合う → https://images.unsplash.com/photo-1651223969333-7a02ad74c4f0...
[loaded] 吸う → https://images.unsplash.com/photo-1693138586657-12a34c044642...
[429] sleeping 3600s for "to blow (of wind) (action)"
[loaded] 吹く → https://images.unsplash.com/photo-1767884160935-820f601507dc...
[loaded] 味 → https://images.unsplash.com/photo-1674469293367-8147e8fc9ebf...
[loaded] 問題 → https://images.unsplash.com/photo-1663465374413-83cba00bff6f...
[loaded] 喜ぶ → https://images.unsplash.com/photo-1563480379612-332dcd2a742a...
[loaded] 回る → https://images.unsplash.com/photo-1587316745726-41d3e8b4942d...
[loaded] 困る → https://images.unsplash.com/photo-1557919351-47a1f5c3aeaf?cr...
[loaded] 増える → https://images.unsplash.com/photo-1772413438851-f6dd22c7ebe1...
[loaded] 壊す → https://images.unsplash.com/photo-1733833199023-c7362441334d...
[loaded] 変える → https://images.unsplash.com/photo-1687585612416-c7e45dbb27d5...
[loaded] 失くす → https://images.unsplash.com/photo-1698337859888-c7174be6cfec...
[cached] 始め → reused URL for "beginning; start"
[loaded] 娘 → https://images.unsplash.com/photo-1721904308975-e7e04fb02766...
[cached] 寂しさ → reused URL for "loneliness"
[loaded] 寒さ → https://images.unsplash.com/photo-1585437005549-e58d5b9d6530...
[loaded] 居れる → https://images.unsplash.com/photo-1651223969333-7a02ad74c4f0...
[loaded] 席 → https://images.unsplash.com/photo-1730373536645-95520cd4bd65...
[loaded] 幾つ → https://images.unsplash.com/photo-1603999489657-3639dc9dd0ea...
[loaded] 形 → https://images.unsplash.com/photo-1767872800861-cebd45498f74...
[loaded] 怒る → https://images.unsplash.com/photo-1617209689367-2c367c7d8b2c...
[loaded] 思い出す → https://images.unsplash.com/photo-1769288884665-61351d4387ff...
[loaded] 急ぐ → https://images.unsplash.com/photo-1569929232302-7f89963ea179...
[loaded] 感じる → https://images.unsplash.com/photo-1557919351-47a1f5c3aeaf?cr...
[loaded] 慣れる → https://images.unsplash.com/photo-1692865814917-094cc56c5699...
[loaded] 憶える → https://images.unsplash.com/photo-1765205450196-c07f8da10f2c...
[loaded] 戻る → https://images.unsplash.com/photo-1698337859888-c7174be6cfec...
[loaded] 払う → https://images.unsplash.com/photo-1669865016788-992a0eb4b6d5...
[loaded] 投げる → https://images.unsplash.com/photo-1585437005549-e58d5b9d6530...
[loaded] 押す → https://images.unsplash.com/photo-1763888450793-31561d1c271b...
[loaded] 拾う → https://images.unsplash.com/photo-1727303016425-b5048b637cb8...
[loaded] 指 → https://images.unsplash.com/photo-1771109826180-72612b00ea03...
[loaded] 挨拶 → https://images.unsplash.com/photo-1572420409542-379956c3fe8e...
[loaded] 振る → https://images.unsplash.com/photo-1640663760816-691c79b78132...
[loaded] 捜す → https://images.unsplash.com/photo-1557919351-47a1f5c3aeaf?cr...
[loaded] 掛ける → https://images.unsplash.com/photo-1632383380006-513324e4f5b5...
[loaded] 撮る → https://images.unsplash.com/photo-1732186037862-c0bf1a702b02...
[loaded] 教科書 → https://images.unsplash.com/photo-1614838285609-6a5deb7501ca...
[loaded] 数える → https://images.unsplash.com/photo-1662915028472-0336a597bb6c...
[loaded] 文字 → https://images.unsplash.com/photo-1649859967699-5c60d8d8b5ba...
[loaded] 明後日 → https://images.unsplash.com/photo-1687585612416-c7e45dbb27d5...
[loaded] 昔 → https://images.unsplash.com/photo-1619535541830-af170e005ef5...
[loaded] 晩 → https://images.unsplash.com/photo-1766004435458-d01f1b024b51...
[loaded] 晴れ → https://images.unsplash.com/photo-1707396173411-ce001d65c3cb...
[loaded] 晴れる → https://images.unsplash.com/photo-1765207551606-d1e1d7ffa6a5...
[loaded] 曇る → https://images.unsplash.com/photo-1664618581230-09f7e2b1cb28...
[loaded] 曲がる → https://images.unsplash.com/photo-1587316745726-41d3e8b4942d...
[loaded] 最初 → https://images.unsplash.com/photo-1563480379612-332dcd2a742a...
[loaded] 森 → https://images.unsplash.com/photo-1769700315923-d1a191bf666c...
[loaded] 止める → https://images.unsplash.com/photo-1755547721682-5970090a224c...
[loaded] 止める → https://images.unsplash.com/photo-1755547721682-5970090a224c...
[loaded] 歩ける → https://images.unsplash.com/photo-1726767929261-3bc08ea0f4ed...
[skipped] no result for "to compare; to contrast (action)" (比べる)
[loaded] 気 → https://images.unsplash.com/photo-1596655455685-8432446d55c0...
[429] sleeping 3600s for "ice (object)"
[loaded] 氷 → https://images.unsplash.com/photo-1620457727948-729eeacd6681...
[loaded] 池 → https://images.unsplash.com/photo-1753483950473-2d11f3a87bf3...
[loaded] 洗う → https://images.unsplash.com/photo-1703243042568-d87d588128d5...
[loaded] 消える → https://images.unsplash.com/photo-1693651371733-3d76d7f7dcdf...
[loaded] 渡す → https://images.unsplash.com/photo-1613627172524-2728786b200a...
[loaded] 渡る → https://images.unsplash.com/photo-1693651371733-3d76d7f7dcdf...
[skipped] no result for "point; dot; score (object)" (点)
[loaded] 為 → https://images.unsplash.com/photo-1619535541830-af170e005ef5...
[loaded] 無くす → https://images.unsplash.com/photo-1632383380006-513324e4f5b5...
[loaded] 焼く → https://images.unsplash.com/photo-1606388690346-f920a21fd876...
[loaded] 焼ける → https://images.unsplash.com/photo-1549386869-05e6d467e972?cr...
[loaded] 熱 → https://images.unsplash.com/photo-1598618356370-fa80e1ab7cd8...
[loaded] 独り → https://images.unsplash.com/photo-1750080127000-6e15da0e95b9...
[loaded] 王様 → https://images.unsplash.com/photo-1620495087695-2c21f0b561ef...
[loaded] 生活 → https://images.unsplash.com/photo-1549272374-86455a16004e?cr...
[loaded] 用意する → https://images.unsplash.com/photo-1591819978718-df46e8394771...
[loaded] 疲れる → https://images.unsplash.com/photo-1638895385677-fbbae8e9f8cf...
[loaded] 登る → https://images.unsplash.com/photo-1619887502706-ab0ea1d9259f...
[loaded] 皿 → https://images.unsplash.com/photo-1660282799218-a70843acca61...
[loaded] 直す → https://images.unsplash.com/photo-1567361809214-b97d828071d9...
[skipped] no result for "middle; center (object)" (真ん中)
[loaded] 眠る → https://images.unsplash.com/photo-1630809388741-244e8aedc336...
[loaded] 眠れる → https://images.unsplash.com/photo-1630809388741-244e8aedc336...
[loaded] 着く → https://images.unsplash.com/photo-1698337859888-c7174be6cfec...
[loaded] 石 → https://images.unsplash.com/photo-1628059531307-a7f003ed53d2...
[loaded] 神 → https://images.unsplash.com/photo-1627811269953-78e2f66c671d...
[cached] 祭り → reused URL for "festival"
[loaded] 空く → https://images.unsplash.com/photo-1591819978718-df46e8394771...
[loaded] 空く → https://images.unsplash.com/photo-1692865814917-094cc56c5699...
[loaded] 空気 → https://images.unsplash.com/photo-1711458963800-7cac93d7c297...
[loaded] 立てる → https://images.unsplash.com/photo-1585437005549-e58d5b9d6530...
[loaded] 笑い → https://images.unsplash.com/photo-1734647543402-776b0a595769...
[skipped] no result for "introduction (suru-noun) (object)" (紹介)
[loaded] 終わり → https://images.unsplash.com/photo-1678665035661-e92420c1986b...
[loaded] 経つ → https://images.unsplash.com/photo-1693651371733-3d76d7f7dcdf...
[loaded] 続く → https://images.unsplash.com/photo-1687585612416-c7e45dbb27d5...
[loaded] 続ける → https://images.unsplash.com/photo-1662748901039-e088768dc073...
[loaded] 線 → https://images.unsplash.com/photo-1725655469137-66ab8fac7455...
[loaded] 考える → https://images.unsplash.com/photo-1766036387906-87018a3246a2...
[loaded] 聞ける → https://images.unsplash.com/photo-1634656883281-3a665dd2bb8a...
[loaded] 聴こえる → https://images.unsplash.com/photo-1681987971169-2632ef4c11a9...
[loaded] 肩 → https://images.unsplash.com/photo-1769204978162-55d6fdb408ce...
[loaded] 背 → https://images.unsplash.com/photo-1755826665183-7f1ce6d8e0d3...
[loaded] 腕 → https://images.unsplash.com/photo-1716929157477-f75c6f6e2195...
[loaded] 自転車 → https://images.unsplash.com/photo-1690303129179-8c9720d4656d...
[loaded] 興味 → https://images.unsplash.com/photo-1519001904187-92788a1b784d...
[loaded] 良い子 → https://images.unsplash.com/photo-1551783395-df455ddbc86b?cr...
[loaded] 草 → https://images.unsplash.com/photo-1669954879696-46707d00a7f2...
[loaded] 落とす → https://images.unsplash.com/photo-1603999489657-3639dc9dd0ea...
[loaded] 行ける → https://images.unsplash.com/photo-1632383380006-513324e4f5b5...
[loaded] 袋 → https://images.unsplash.com/photo-1771426399906-2a3a11f9b957...
[429] sleeping 3600s for "don't need (action)"
[loaded] 要らない → https://images.unsplash.com/photo-1637054234936-afff500ff66f...
[loaded] 要る → https://images.unsplash.com/photo-1573187522488-a6d6176a43d9...
[loaded] 見える → https://images.unsplash.com/photo-1765205211669-e5b2ce97aba1...
[loaded] 見せる → https://images.unsplash.com/photo-1591819978718-df46e8394771...
[cached] 見つかる → reused URL for "to be found; to be discovered"
[loaded] 見つける → https://images.unsplash.com/photo-1561466047-33864c1424bc?cr...
[loaded] 見れる → https://images.unsplash.com/photo-1765205616467-ee38b92b3531...
[loaded] 観る → https://images.unsplash.com/photo-1772839921944-f617bd60e493...
[loaded] 角 → https://images.unsplash.com/photo-1766411503497-911658181192...
[loaded] 触る → https://images.unsplash.com/photo-1557919351-47a1f5c3aeaf?cr...
[loaded] 言える → https://images.unsplash.com/photo-1632383380006-513324e4f5b5...
[loaded] 試験 → https://images.unsplash.com/photo-1633518009802-724bf2605637...
[loaded] 説明 → https://images.unsplash.com/photo-1765207569957-bbc3e2e8af8c...
[loaded] 謝る → https://images.unsplash.com/photo-1591819978718-df46e8394771...
[loaded] 護る → https://images.unsplash.com/photo-1561149872-0e610fdeb03a?cr...
[loaded] 豚 → https://images.unsplash.com/photo-1567201080580-bfcc97dae346...
[cached] 負ける → reused URL for "to lose; to be defeated"
[loaded] 足りない → https://images.unsplash.com/photo-1591819978718-df46e8394771...
[loaded] 足りる → https://images.unsplash.com/photo-1638895385677-fbbae8e9f8cf...
[loaded] 返す → https://images.unsplash.com/photo-1632383380006-513324e4f5b5...
[loaded] 送る → https://images.unsplash.com/photo-1703432755230-714b2012bff6...
[loaded] 通り → https://images.unsplash.com/photo-1775148259186-6fe65ca7a250...
[loaded] 通る → https://images.unsplash.com/photo-1693651371733-3d76d7f7dcdf...
[loaded] 連れて行く → https://images.unsplash.com/photo-1632383380006-513324e4f5b5...
[loaded] 進む → https://images.unsplash.com/photo-1698337859888-c7174be6cfec...
[loaded] 運ぶ → https://images.unsplash.com/photo-1577568131902-5233c756c7ef...
[loaded] 過ぎる → https://images.unsplash.com/photo-1693651371733-3d76d7f7dcdf...
[loaded] 選ぶ → https://images.unsplash.com/photo-1693651371733-3d76d7f7dcdf...
[loaded] 開く → https://images.unsplash.com/photo-1614213813009-556095ce8a9e...
[loaded] 開く → https://images.unsplash.com/photo-1556970255-32d2cec67cbc?cr...
[loaded] 間 → https://images.unsplash.com/photo-1765207230100-6dd8a751610e...
[loaded] 降りる → https://images.unsplash.com/photo-1632383380006-513324e4f5b5...
[loaded] 集まる → https://images.unsplash.com/photo-1651223969333-7a02ad74c4f0...
[loaded] 集める → https://images.unsplash.com/photo-1512415031623-5c8392938dc4...
[loaded] 雨ふり → https://images.unsplash.com/photo-1598367969492-329ce38521ec...
[loaded] 音 → https://images.unsplash.com/photo-1693220019151-d1508874522b...
[loaded] 頃 → https://images.unsplash.com/photo-1742878012815-e3aa2fa26c06...
[loaded] 頼む → https://images.unsplash.com/photo-1591819978718-df46e8394771...
[loaded] 飛べる → https://images.unsplash.com/photo-1572203066779-2dc97e95eaf4...
[loaded] 髪 → https://images.unsplash.com/photo-1608144717871-2dff5dc55d81...
[loaded] 鳴く → https://images.unsplash.com/photo-1770392169603-3323c0f4d33c...
[loaded] 鳴る → https://images.unsplash.com/photo-1625908734406-b1321cf964f5...
[loaded] 涙 → https://images.unsplash.com/photo-1563140157-8e9dcae2ac92?cr...
[loaded] 痛み → https://images.unsplash.com/photo-1616764544963-5c16b70f9727...
[loaded] 想い → https://images.unsplash.com/photo-1707396172454-31f31aa5f9d9...
[loaded] 運命 → https://images.unsplash.com/photo-1749070076005-98939fed4d9f...
[loaded] 現実 → https://images.unsplash.com/photo-1567629888721-f63fbcff5eed...
[loaded] 記憶 → https://images.unsplash.com/photo-1763888451031-60b9e72eae96...
[loaded] 悲しみ → https://images.unsplash.com/photo-1758575330984-9abbfb063374...
[cached] 笑顔 → reused URL for "smile; smiling face"
[loaded] 感情 → https://images.unsplash.com/photo-1707396172454-31f31aa5f9d9...
[skipped] no result for "chest; heart (object)" (胸)
[loaded] 自由 → https://images.unsplash.com/photo-1678912632236-393cde1c69d4...
[429] sleeping 3600s for "limit; boundary (object)"
[loaded] 限界 → https://images.unsplash.com/photo-1765205450196-c07f8da10f2c...
[loaded] 傷 → https://images.unsplash.com/photo-1650711751320-7e9aa8a1fcd0...
[loaded] 景色 → https://images.unsplash.com/photo-1666704449390-2be78072fe3d...
[loaded] 真実 → https://images.unsplash.com/photo-1517488948216-e473cee81e23...
[loaded] 叫ぶ → https://images.unsplash.com/photo-1578436956257-b0307ac46a3b...
[loaded] 壁 → https://images.unsplash.com/photo-1754810809193-610401b97e2c...
[loaded] 願い → https://images.unsplash.com/photo-1568241199580-140c4ee1ea8f...
[loaded] 仲間 → https://images.unsplash.com/photo-1765205498852-00513195dd1c...
[loaded] 勇気 → https://images.unsplash.com/photo-1598618356585-0b1feb201cd2...
[loaded] 勝利 → https://images.unsplash.com/photo-1616516213964-186c1f4ba98f...
[loaded] 影 → https://images.unsplash.com/photo-1728071691969-0d4e893b6b20...
[loaded] 理想 → https://images.unsplash.com/photo-1603656203224-25393ea345a4...
[loaded] 理由 → https://images.unsplash.com/photo-1765205616467-ee38b92b3531...
[loaded] 諦める → https://images.unsplash.com/photo-1632383380006-513324e4f5b5...
[loaded] 命 → https://images.unsplash.com/photo-1732021880133-6ae4c46f929c...
[loaded] 夜明け → https://images.unsplash.com/photo-1621529421591-effbba9d4147...
[loaded] 守る → https://images.unsplash.com/photo-1776799214633-47a5619ccfa5...
[loaded] 希望 → https://images.unsplash.com/photo-1612198866625-88997d8fc3fb...
[cached] 扉 → reused URL for "door"
[loaded] 物語 → https://images.unsplash.com/photo-1586852951858-253eff590714...
[loaded] 瞬間 → https://images.unsplash.com/photo-1591819978718-df46e8394771...
[loaded] 虹 → https://images.unsplash.com/photo-1712294252418-680891540aa8...
[loaded] 一瞬 → https://images.unsplash.com/photo-1615631901123-694b37c00603...
[loaded] 人生 → https://images.unsplash.com/photo-1549272374-86455a16004e?cr...
[loaded] 価値 → https://images.unsplash.com/photo-1565038924091-e76522104855...
[loaded] 夜空 → https://images.unsplash.com/photo-1775549155359-093cc5aea48a...
[loaded] 夢中 → https://images.unsplash.com/photo-1591819978718-df46e8394771...
[loaded] 弱さ → https://images.unsplash.com/photo-1765380079686-b261db3178b7...
[loaded] 照らす → https://images.unsplash.com/photo-1567629888721-f63fbcff5eed...
[loaded] 祈り → https://images.unsplash.com/photo-1773738495671-79b90e39dc54...
[loaded] 繰り返す → https://images.unsplash.com/photo-1693651371733-3d76d7f7dcdf...
[loaded] 罪 → https://images.unsplash.com/photo-1628988253393-67a6293ea2f1...
[loaded] 花火 → https://images.unsplash.com/photo-1702843718443-385c5d9a8cb6...
[loaded] 言い訳 → https://images.unsplash.com/photo-1591819978718-df46e8394771...
[loaded] 証明 → https://images.unsplash.com/photo-1765207569957-bbc3e2e8af8c...
[loaded] 輝く → https://images.unsplash.com/photo-1639669364438-f860d06c560c...
[loaded] 過去 → https://images.unsplash.com/photo-1698337859888-c7174be6cfec...
[loaded] 魔法 → https://images.unsplash.com/photo-1510897345173-4d938815feb4...
[loaded] 一歩 → https://images.unsplash.com/photo-1765551097111-724e1a5cdf8f...
[loaded] 全て → https://images.unsplash.com/photo-1551783395-df455ddbc86b?cr...
[loaded] 冒険 → https://images.unsplash.com/photo-1597549820188-cba087f009b7...
[loaded] 喜び → https://images.unsplash.com/photo-1764255281802-e71aa0a31cce...
[loaded] 夕暮れ → https://images.unsplash.com/photo-1766004435458-d01f1b024b51...
[loaded] 天使 → https://images.unsplash.com/photo-1648927634109-283aa92698c2...
[loaded] 宝物 → https://images.unsplash.com/photo-1633944492100-444f0a34f886...
[loaded] 少年 → https://images.unsplash.com/photo-1571860896381-59c63f16dab1...
[loaded] 崩れる → https://images.unsplash.com/photo-1649328364839-29451ff58148...
[loaded] 平気 → https://images.unsplash.com/photo-1688497788310-ba259455a0df...
[loaded] 息 → https://images.unsplash.com/photo-1693138586657-12a34c044642...
[loaded] 我慢 → https://images.unsplash.com/photo-1765205450196-c07f8da10f2c...
[loaded] 戦う → https://images.unsplash.com/photo-1512928735464-5cc10b1eb091...
[429] sleeping 3600s for "to draw; to depict; to envision (action)"
[loaded] 描く → https://images.unsplash.com/photo-1603999489657-3639dc9dd0ea...
[loaded] 旅立つ → https://images.unsplash.com/photo-1698337859888-c7174be6cfec...
[loaded] 犯罪 → https://images.unsplash.com/photo-1610575836100-f7e56f6b74e1...
[loaded] 生まれ変わる → https://images.unsplash.com/photo-1550379877-456d16c9fa13?cr...
[loaded] 目指す → https://images.unsplash.com/photo-1583294265510-b0428e1aebd1...
[loaded] 神様 → https://images.unsplash.com/photo-1560107320-d4d4ba8abc74?cr...
[loaded] 羽根 → https://images.unsplash.com/photo-1766941738958-3a3d143aa576...
[loaded] 背中 → https://images.unsplash.com/photo-1682051676829-7f5836618f26...
[loaded] 自信 → https://images.unsplash.com/photo-1561149872-0e610fdeb03a?cr...
[loaded] 血 → https://images.unsplash.com/photo-1771788042401-34e21e5640be...
[loaded] 超える → https://images.unsplash.com/photo-1687787416048-d7acdd89bfc3...
[loaded] 追いかける → https://images.unsplash.com/photo-1632383380006-513324e4f5b5...
[loaded] 鐘 → https://images.unsplash.com/photo-1756415125333-b58872354f94...
[loaded] 青空 → https://images.unsplash.com/photo-1620457727948-729eeacd6681...
[loaded] 願う → https://images.unsplash.com/photo-1569929232302-7f89963ea179...
[loaded] かなしみ → https://images.unsplash.com/photo-1758575330984-9abbfb063374...
[loaded] つなぐ → https://images.unsplash.com/photo-1769288884665-61351d4387ff...
[loaded] てき → https://images.unsplash.com/photo-1623162900891-e582ab1d55a1...
[loaded] 丘 → https://images.unsplash.com/photo-1596135811172-0b45d0dbc1ba...
[loaded] 両手 → https://images.unsplash.com/photo-1706877324142-606119530cbe...
[cached] 人生 → reused URL for "life"
[loaded] 仏様 → https://images.unsplash.com/photo-1640621774799-0246a9865e58...
[loaded] 傷つく → https://images.unsplash.com/photo-1557919351-47a1f5c3aeaf?cr...
[loaded] 傷つける → https://images.unsplash.com/photo-1585437005549-e58d5b9d6530...
[loaded] 光る → https://images.unsplash.com/photo-1632383380006-513324e4f5b5...
[cached] 全て (subete) → reused URL for "everything; all"
[loaded] 内緒 → https://images.unsplash.com/photo-1651223969333-7a02ad74c4f0...
[loaded] 冗談 → https://images.unsplash.com/photo-1765380079686-b261db3178b7...
[skipped] no result for "to meet, to encounter (action)" (出会う)
[loaded] 切なさ → https://images.unsplash.com/photo-1616764544963-5c16b70f9727...
[skipped] no result for "effect; impact (object)" (効果)
[cached] 勇気 → reused URL for "courage; bravery"
[cached] 勇気 (yūki) → reused URL for "courage; bravery"
[loaded] 動き出す → https://images.unsplash.com/photo-1593640475850-83be133a4663...
[loaded] 勝ち取る → https://images.unsplash.com/photo-1632383380006-513324e4f5b5...
[loaded] 勝負 → https://images.unsplash.com/photo-1571801366823-ae2ea851a3de...
[loaded] 勢い → https://images.unsplash.com/photo-1765205450196-c07f8da10f2c...
[loaded] 包む → https://images.unsplash.com/photo-1605364850023-a917c39f8fe9...
[loaded] 取り戻す → https://images.unsplash.com/photo-1692865814917-094cc56c5699...
[loaded] 受け入れる → https://images.unsplash.com/photo-1692865814917-094cc56c5699...
[loaded] 可能性 → https://images.unsplash.com/photo-1765205450196-c07f8da10f2c...
[loaded] 叶う → https://images.unsplash.com/photo-1632383380006-513324e4f5b5...
[loaded] 叶える → https://images.unsplash.com/photo-1632383380006-513324e4f5b5...
[loaded] 向き合う → https://images.unsplash.com/photo-1688497788310-ba259455a0df...
[loaded] 向こう → https://images.unsplash.com/photo-1619535541830-af170e005ef5...
[loaded] 味方 → https://images.unsplash.com/photo-1573187522488-a6d6176a43d9...
[cached] 哀しみ → reused URL for "sadness"
[loaded] 問いかけ → https://images.unsplash.com/photo-1663465374413-83cba00bff6f...
[skipped] no result for "detour; roundabout way (object)" (回り道)
[loaded] 困難 → https://images.unsplash.com/photo-1649328364839-29451ff58148...
[loaded] 囲む → https://images.unsplash.com/photo-1561149872-0e610fdeb03a?cr...
[cached] 壊れる → reused URL for "to break; to be broken"
[loaded] 夕焼け → https://images.unsplash.com/photo-1540657102957-62076e430cab...
[loaded] 夢見る → https://images.unsplash.com/photo-1588541878671-bf3d440dd591...
[loaded] 大空 → https://images.unsplash.com/photo-1760693052382-c8e3b8685696...
[loaded] 天国 → https://images.unsplash.com/photo-1653685866955-06017c0d0ead...
[429] sleeping 3600s for "to lose; to be deprived of (action)"
[loaded] 失う → https://images.unsplash.com/photo-1698337859888-c7174be6cfec...
[loaded] 嵐 → https://images.unsplash.com/photo-1685971559912-ae2977deadff...
[loaded] 帰り道 → https://images.unsplash.com/photo-1660486430524-f90707fb0220...
[cached] 幸せ → reused URL for "happiness"
[loaded] 広がる → https://images.unsplash.com/photo-1613497829050-dd0ade754d46...
[loaded] 広げる → https://images.unsplash.com/photo-1613497829050-dd0ade754d46...
[loaded] 微笑み → https://images.unsplash.com/photo-1694168894791-6a4668b5b765...
[loaded] 思い → https://images.unsplash.com/photo-1742496904474-b1e3a967f0ad...
[loaded] 恋人 → https://images.unsplash.com/photo-1651223969333-7a02ad74c4f0...
[loaded] 恐れる → https://images.unsplash.com/photo-1537643989208-157f684ac7b0...
[loaded] 恐怖 → https://images.unsplash.com/photo-1631620575386-8bcc0c608e6c...
[loaded] 恥 → https://images.unsplash.com/photo-1550056486-8ded219fb769?cr...
[loaded] 悩む → https://images.unsplash.com/photo-1623975817461-da88fcac5aac...
[loaded] 想像 → https://images.unsplash.com/photo-1760904050751-bf1bf9de079c...
[loaded] 愛情 → https://images.unsplash.com/photo-1612490567246-5dadb92ce9a3...
[loaded] 感謝 → https://images.unsplash.com/photo-1503980599186-9cc36eda351a...
[loaded] 憧れ → https://images.unsplash.com/photo-1635187324928-ecad680266ca...
[loaded] 戦い → https://images.unsplash.com/photo-1747331796135-0e2354a712e4...
[loaded] 戦争 → https://images.unsplash.com/photo-1707063768962-287bcacf569a...
[loaded] 振り返る → https://images.unsplash.com/photo-1603530648121-b425f30827b3...
[loaded] 握る → https://images.unsplash.com/photo-1595722947412-3e529dc9c3df...
[loaded] 支払う → https://images.unsplash.com/photo-1669865016788-992a0eb4b6d5...
[cached] 敵 → reused URL for "enemy"
[loaded] 旅人 → https://images.unsplash.com/photo-1563705343138-780c54f8b7ec...
[loaded] 日差し → https://images.unsplash.com/photo-1727396560971-a65939f6b8e1...
[loaded] 日常 → https://images.unsplash.com/photo-1728071691969-0d4e893b6b20...
[loaded] 時代 → https://images.unsplash.com/photo-1765207569957-bbc3e2e8af8c...
[loaded] 朝日 → https://images.unsplash.com/photo-1763883421000-c53428a2df4d...
[loaded] 歓迎 → https://images.unsplash.com/photo-1583674767461-99d1a9850069...
[cached] 気分 → reused URL for "feeling; mood"
[loaded] 求める → https://images.unsplash.com/photo-1614019057403-4b434b71089f...
[loaded] 汗 → https://images.unsplash.com/photo-1636831990771-c70381797936...
[loaded] 流す → https://images.unsplash.com/photo-1603999489657-3639dc9dd0ea...
[loaded] 浴衣 → https://images.unsplash.com/photo-1634162469236-c3b91aebe855...
[loaded] 灯り → https://images.unsplash.com/photo-1712294252418-680891540aa8...
[loaded] 無駄 → https://images.unsplash.com/photo-1617641428728-a8165a486813...
[loaded] 焦る → https://images.unsplash.com/photo-1591819978718-df46e8394771...
[skipped] no result for "present; current (object)" (現在)
[loaded] 生き物 → https://images.unsplash.com/photo-1667833183058-c13008862b87...
[loaded] 疑う → https://images.unsplash.com/photo-1765207569957-bbc3e2e8af8c...
[loaded] 癒す → https://images.unsplash.com/photo-1561149872-0e610fdeb03a?cr...
[loaded] 発車ベル → https://images.unsplash.com/photo-1561621025-0306d42a96a3?cr...
[loaded] 目的地 → https://images.unsplash.com/photo-1515622472995-1a06094d2224...
[loaded] 目覚める → https://images.unsplash.com/photo-1765380079686-b261db3178b7...
[loaded] 真夜中 → https://images.unsplash.com/photo-1614213813009-556095ce8a9e...
[loaded] 砂 → https://images.unsplash.com/photo-1620457727948-729eeacd6681...
[loaded] 砂の城 → https://images.unsplash.com/photo-1515203710325-6c0625975aa7...
[loaded] 破る → https://images.unsplash.com/photo-1756652343587-d66270c71558...
[loaded] 社会 → https://images.unsplash.com/photo-1587567550498-bf53162caa34...
[cached] 立ち上がる (tachiagaru) → reused URL for "to stand up; to rise"
[cached] 笑顔 → reused URL for "smile"
[skipped] no result for "result (object)" (結果)
[loaded] 続き → https://images.unsplash.com/photo-1649859967699-5c60d8d8b5ba...
[loaded] 線路 → https://images.unsplash.com/photo-1596654997983-f02c30aad7b0...
[cached] 繰り返す (kurikaesu) → reused URL for "to repeat"
[cached] 羽 → reused URL for "wings; feathers"
[loaded] 能力 → https://images.unsplash.com/photo-1610314578674-7b9490d74ccd...
[429] sleeping 3600s for "being true to oneself (object)"
[loaded] 自分らしさ → https://images.unsplash.com/photo-1758930908722-6f8f561d7473...
[loaded] 若者 → https://images.unsplash.com/photo-1529068755536-a5ade0dcb4e8...
[loaded] 落ちる → https://images.unsplash.com/photo-1770564499079-2cfd131a701a...
[loaded] 虹色 → https://images.unsplash.com/photo-1717448722724-7f2669e2ba99...
[loaded] 蝋燭 → https://images.unsplash.com/photo-1767116290804-de1237039897...
[loaded] 見当たらない → https://images.unsplash.com/photo-1561466047-33864c1424bc?cr...
[loaded] 語る → https://images.unsplash.com/photo-1561149872-0e610fdeb03a?cr...
[loaded] 走り出す → https://images.unsplash.com/photo-1551747777-8c04191a26e2?cr...
[loaded] 越える → https://images.unsplash.com/photo-1567164495617-fcdbc8a6a74f...
[loaded] 距離 → https://images.unsplash.com/photo-1550056486-8ded219fb769?cr...
[loaded] 転が��� → https://images.unsplash.com/photo-1554704674-8d3bd5e18b55?cr...
[loaded] 転ぶ (korobu) → https://images.unsplash.com/photo-1543334270-305dab05a6ab?cr...
[loaded] 迷惑 → https://images.unsplash.com/photo-1564419188055-48ba159334c0...
[loaded] 退屈 → https://images.unsplash.com/photo-1569671196737-cd79ba87c761...
[loaded] 逃げ出す → https://images.unsplash.com/photo-1769288884665-61351d4387ff...
[cached] 逃げ出��� → reused URL for "to run away; to flee"
[skipped] no result for "upside down; reversed (object)" (逆さま)
[skipped] no result for "to meet (fated encounter) (action)" (逢う)
[loaded] 邪魔 → https://images.unsplash.com/photo-1715111641716-e52694b3e3c1...
[loaded] 野性 → https://images.unsplash.com/photo-1495556115284-3c0b3e738b55...
[loaded] 銀色 → https://images.unsplash.com/photo-1679628504535-dd35f7b95773...
[loaded] 隙 → https://images.unsplash.com/photo-1550314778-d4f9e2474cc7?cr...
[loaded] 震える → https://images.unsplash.com/photo-1632383380006-513324e4f5b5...
[loaded] 青春 → https://images.unsplash.com/photo-1680729369987-f8fbdf58f01d...
[loaded] 非常階段 → https://images.unsplash.com/photo-1737298335751-9b689490cde8...
[loaded] 響く → https://images.unsplash.com/photo-1591819978718-df46e8394771...
[loaded] 首 → https://images.unsplash.com/photo-1693250707414-e71c858bd052...
[skipped] no result for "scent; fragrance (object)" (香り)
[loaded] 骨 → https://images.unsplash.com/photo-1769081372597-cfefeee9a260...
[loaded] 鬼 → https://images.unsplash.com/photo-1764037047289-409812550f21...
[loaded] ��力 → https://images.unsplash.com/photo-1564054074885-e5a7c93671d7...
[skipped] no result for "that guy; him/her (casual, often derogatory) (object)" (あいつ)
[loaded] いたみ → https://images.unsplash.com/photo-1716929157477-f75c6f6e2195...
[loaded] いたむ → https://images.unsplash.com/photo-1632383380006-513324e4f5b5...
[cached] いっぽ → reused URL for "one step"
[cached] いのち → reused URL for "life"
[loaded] いめーじ → https://images.unsplash.com/photo-1765206809442-74c6fef08204...
[loaded] うつす → https://images.unsplash.com/photo-1590080414424-b592db02d13d...
[loaded] えがく → https://images.unsplash.com/photo-1686436050017-5bac329b4171...
[loaded] おかげ → https://images.unsplash.com/photo-1503980599186-9cc36eda351a...
[loaded] おくれる → https://images.unsplash.com/photo-1649859967699-5c60d8d8b5ba...
[loaded] おばけ → https://images.unsplash.com/photo-1615631901123-694b37c00603...
[loaded] お互い → https://images.unsplash.com/photo-1591819978718-df46e8394771...
[loaded] お前自身 → https://images.unsplash.com/photo-1694946345674-144211392f30...
[loaded] お陰 → https://images.unsplash.com/photo-1503980599186-9cc36eda351a...
[loaded] かき集める → https://images.unsplash.com/photo-1624207392847-25cb8f0a0797...
[loaded] かく → https://images.unsplash.com/photo-1651223969333-7a02ad74c4f0...
[loaded] かご → https://images.unsplash.com/photo-1677430513835-d64e8c9fbe21...
[loaded] かなえる → https://images.unsplash.com/photo-1632383380006-513324e4f5b5...
[loaded] かぼちゃ → https://images.unsplash.com/photo-1692680919402-95fc56f99225...
[loaded] かまう → https://images.unsplash.com/photo-1561149872-0e610fdeb03a?cr...
[loaded] からす → https://images.unsplash.com/flagged/photo-1564569542199-fc6d...
[loaded] かれる → https://images.unsplash.com/photo-1603999489657-3639dc9dd0ea...
[loaded] かわり → https://images.unsplash.com/photo-1765205616467-ee38b92b3531...
[429] sleeping 3600s for "wound; scar; emotional hurt (object)"
[loaded] きず → https://images.unsplash.com/photo-1649962740271-84fcaf39d724...
[loaded] きっす → https://images.unsplash.com/photo-1523374387355-b80ae0e4c776...
[skipped] no result for "to be decided / settled (here as 〜きまりきった 'fully fixed') (action)" (きまる)
[skipped] no result for "(suffix) to do completely; finish doing — 〜きる (action)" (きる)
[loaded] くよくよする → https://images.unsplash.com/photo-1563480379612-332dcd2a742a...
[loaded] くわえる → https://images.unsplash.com/photo-1675555969844-54f6189e1c37...
[loaded] ころぶ → https://images.unsplash.com/photo-1757801898987-5a492c85bd53...
[skipped] no result for "go on (and look) — soft auxiliary form (御覧) (object)" (ごらん)
[loaded] ごーる → https://images.unsplash.com/photo-1509725741166-82fabe3ac4f9...
[loaded] さけぶ → https://images.unsplash.com/photo-1578436956257-b0307ac46a3b...
[loaded] さす → https://images.unsplash.com/photo-1710661184707-8f5feaefea3d...
[loaded] しあわせ → https://images.unsplash.com/photo-1679088413242-9f881df01b68...
[loaded] してやる → https://images.unsplash.com/photo-1557919351-47a1f5c3aeaf?cr...
[loaded] しゃべる → https://images.unsplash.com/photo-1695903234312-fc444fada6ef...
[loaded] しゃべれる → https://images.unsplash.com/photo-1651223969333-7a02ad74c4f0...
[loaded] じゃんけん → https://images.unsplash.com/photo-1628059531307-a7f003ed53d2...
[loaded] じーんず → https://images.unsplash.com/photo-1574809736435-dced6ecf6ce7...
[loaded] すてーじ → https://images.unsplash.com/photo-1583906460242-d397be03f15e...
[loaded] すとーりー → https://images.unsplash.com/photo-1765207699012-9d69a26adced...
[cached] すべて → reused URL for "everything; all"
[loaded] せい → https://images.unsplash.com/photo-1687787416048-d7acdd89bfc3...
[skipped] no result for "that guy; that one (informal) (object)" (そいつ)
[skipped] no result for "to align; to put in order; to gather (action)" (そろえる)
[loaded] そんぐ → https://images.unsplash.com/photo-1524650359799-842906ca1c06...
[loaded] たたかう → https://images.unsplash.com/photo-1622599529367-8957c7de5186...
[loaded] たてる → https://images.unsplash.com/photo-1692865814917-094cc56c5699...
[loaded] だます → https://images.unsplash.com/photo-1632383380006-513324e4f5b5...
[loaded] ちぇーん → https://images.unsplash.com/photo-1735801921140-da9771f109c7...
[loaded] ちゃいむ → https://images.unsplash.com/photo-1756415125333-b58872354f94...
[loaded] ちゃう → https://images.unsplash.com/photo-1585437005549-e58d5b9d6530...
[loaded] ちょうだい → https://images.unsplash.com/photo-1632383380006-513324e4f5b5...
[loaded] ちらかる → https://images.unsplash.com/photo-1698337859888-c7174be6cfec...
[loaded] ついてる → https://images.unsplash.com/photo-1507667895043-c4de59dda180...
[loaded] ついて行く → https://images.unsplash.com/photo-1569929232302-7f89963ea179...
[loaded] つかむ → https://images.unsplash.com/photo-1632383380006-513324e4f5b5...
[loaded] つかめる → https://images.unsplash.com/photo-1632383380006-513324e4f5b5...
[loaded] つく → https://images.unsplash.com/photo-1632383380006-513324e4f5b5...
[loaded] つながる → https://images.unsplash.com/photo-1658963650261-d13215146372...
[loaded] つぶす → https://images.unsplash.com/photo-1585437005549-e58d5b9d6530...
[loaded] つぶる → https://images.unsplash.com/photo-1725640185787-f26c261e052b...
[loaded] とびだす → https://images.unsplash.com/photo-1736580868852-cdabe9197769...
[loaded] とんねる → https://images.unsplash.com/photo-1723427894783-6a8b89da14e8...
[loaded] なかま → https://images.unsplash.com/photo-1631848251158-c1c752d280fe...
[loaded] なめる → https://images.unsplash.com/photo-1725209380367-6397251ebad6...
[loaded] ぬいぐるみ → https://images.unsplash.com/photo-1765531309149-d6f045dead38...
[loaded] ぬける → https://images.unsplash.com/photo-1693651371733-3d76d7f7dcdf...
[loaded] ねらう → https://images.unsplash.com/photo-1485802240079-a8245c843b95...
[loaded] のせる → https://images.unsplash.com/photo-1632383380006-513324e4f5b5...
[loaded] のばす → https://images.unsplash.com/photo-1582106316415-d02d4d0e9066...
[loaded] はず → https://images.unsplash.com/photo-1585579594636-1f3a03b4287a...
[skipped] no result for "miss; failure; outskirts; off the mark (object)" (はずれ)
[429] sleeping 3600s for "to fit into; get stuck in; be hooked (action)"
[loaded] はまる → https://images.unsplash.com/photo-1725209380367-6397251ebad6...
[loaded] はんどる → https://images.unsplash.com/photo-1715622880523-f423caeeca47...
[loaded] ばか → https://images.unsplash.com/photo-1651223969333-7a02ad74c4f0...
[loaded] ひっと → https://images.unsplash.com/photo-1687787416048-d7acdd89bfc3...
[loaded] ひとりぼっち → https://images.unsplash.com/photo-1694946345674-144211392f30...
[loaded] ぴんち → https://images.unsplash.com/photo-1688497788310-ba259455a0df...
[loaded] ふしぎ → https://images.unsplash.com/photo-1652077859695-de2851a95620...
[loaded] ふり → https://images.unsplash.com/photo-1636910607290-d8db4b65bdb0...
[loaded] ぶつかる → https://images.unsplash.com/photo-1585437005549-e58d5b9d6530...
[loaded] ぶつける → https://images.unsplash.com/photo-1632383380006-513324e4f5b5...
[loaded] ぷらいど → https://images.unsplash.com/photo-1744919209489-d9adcc6e6e86...
[loaded] ほこり → https://images.unsplash.com/photo-1765205714558-257ce3da3fb6...
[loaded] ほたる → https://images.unsplash.com/photo-1726417040138-ada345ac7e47...
[loaded] ほほえみ → https://images.unsplash.com/photo-1604289433068-badef6f6c928...
[loaded] まいる → https://images.unsplash.com/photo-1765205616467-ee38b92b3531...
[loaded] まとめる → https://images.unsplash.com/photo-1564419188055-48ba159334c0...
[skipped] no result for "to turn; rotate; (idiom 敵にまわす = make an enemy of) (action)" (まわす)
[loaded] みすたー → https://images.unsplash.com/photo-1563870958617-9c5a98573e9a...
[loaded] みらー → https://images.unsplash.com/photo-1775135595214-f945982d9cc4...
[loaded] むだ → https://images.unsplash.com/photo-1533158197987-36cbff1dae9b...
[loaded] めざす → https://images.unsplash.com/photo-1651223969333-7a02ad74c4f0...
[loaded] もと → https://images.unsplash.com/photo-1561149872-0e610fdeb03a?cr...
[cached] やさしさ → reused URL for "kindness; gentleness"
[loaded] やって来る → https://images.unsplash.com/photo-1698337859888-c7174be6cfec...
[loaded] やぶる → https://images.unsplash.com/photo-1756652343587-d66270c71558...
[loaded] やむ → https://images.unsplash.com/photo-1693651371733-3d76d7f7dcdf...
[loaded] やり方 → https://images.unsplash.com/photo-1614019057403-4b434b71089f...
[loaded] やり直す → https://images.unsplash.com/photo-1687585612416-c7e45dbb27d5...
[loaded] ゆく → https://images.unsplash.com/photo-1765204117154-11fcb7d7ed39...
[loaded] ゆらす → https://images.unsplash.com/photo-1692865814917-094cc56c5699...
[loaded] ゆれる → https://images.unsplash.com/photo-1693138586657-12a34c044642...
[cached] らいん → reused URL for "line"
[loaded] れんじ → https://images.unsplash.com/photo-1687793358564-f4a9e83f2ec0...
[loaded] ろっかー → https://images.unsplash.com/photo-1628059531307-a7f003ed53d2...
[loaded] わけ → https://images.unsplash.com/photo-1591819978718-df46e8394771...
[skipped] no result for "one (from English; used in compounds) (object)" (わん)
[loaded] アドベンチャー → https://images.unsplash.com/photo-1515159791318-cd51af6830f9...
[loaded] アラーム → https://images.unsplash.com/photo-1766047125655-837fe02718f5...
[cached] イメージ → reused URL for "image; impression; mental picture"
[loaded] エラー → https://images.unsplash.com/photo-1684882470309-a23835e8b615...
[skipped] no result for "end (from English) (object)" (エンド)
[loaded] エンマ → https://images.unsplash.com/photo-1606141620733-ff287962745d...
[loaded] カメハメ → https://images.unsplash.com/photo-1707904111659-671d65719921...
[loaded] カラフル → https://images.unsplash.com/photo-1529353721-ae64f46030b6?cr...
[loaded] ガキ → https://images.unsplash.com/photo-1769288884665-61351d4387ff...
[loaded] キス → https://images.unsplash.com/photo-1599745072614-e613c409431a...
[loaded] キレる → https://images.unsplash.com/photo-1692865814917-094cc56c5699...
[loaded] クソ → https://images.unsplash.com/photo-1732523742232-88e86e3cbd22...
[loaded] ケンカ → https://images.unsplash.com/photo-1747331796135-0e2354a712e4...
[loaded] コケる → https://images.unsplash.com/photo-1604520024586-5bd4ff0e2d46...
[loaded] コード → https://images.unsplash.com/photo-1524650359799-842906ca1c06...
[cached] ゴール → reused URL for "goal; finish line"
[loaded] サイコロ → https://images.unsplash.com/photo-1642235726994-f976d87c1775...
[loaded] サバイバル → https://images.unsplash.com/photo-1579688116903-52a9259343ac...
[429] sleeping 3600s for "'the' (English loanword used as emphatic marker) (object)"
[loaded] ザ → https://images.unsplash.com/photo-1533158197987-36cbff1dae9b...
[loaded] ザウルス → https://images.unsplash.com/photo-1521988925010-ae9b5332edd3...
[loaded] シルエット → https://images.unsplash.com/photo-1761723865205-bffbe3ab58b3...
[loaded] シーン → https://images.unsplash.com/photo-1649859967699-5c60d8d8b5ba...
[skipped] no result for "obstacles; nuisances (邪魔者 in katakana) (object)" (ジャマモノ)
[loaded] スイッチ → https://images.unsplash.com/photo-1576057121724-6f505058a21e...
[loaded] スタイル → https://images.unsplash.com/photo-1741724821792-559caf57e1e4...
[loaded] ステージ → https://images.unsplash.com/photo-1583906460242-d397be03f15e...
[cached] スピード → reused URL for "speed"
[loaded] スリル → https://images.unsplash.com/photo-1693651371733-3d76d7f7dcdf...
[loaded] タイムマシンゼ → https://images.unsplash.com/photo-1691333367197-c64ac1b1e8f2...
[skipped] no result for "treasure (宝 in katakana) (object)" (タカラ)
[loaded] ダウン → https://images.unsplash.com/photo-1603999489657-3639dc9dd0ea...
[loaded] チェンジ → https://images.unsplash.com/photo-1587569235549-d768151536b7...
[skipped] no result for "champion (object)" (チャンピオン)
[skipped] no result for "(tokenizer fragment — first half of ツイてる, idiom from 付く 'to attach' = to be lucky) (object)" (ツイ)
[loaded] トラブル → https://images.unsplash.com/photo-1760307172622-f9d1862a1fe6...
[loaded] トーク → https://images.unsplash.com/photo-1725798451557-fc60db3eb6a2...
[loaded] ドッキンドッキン → https://images.unsplash.com/photo-1765206720351-1db6275637ca...
[loaded] ドリーム → https://images.unsplash.com/photo-1641397509329-dc5847563a96...
[loaded] ナイフ → https://images.unsplash.com/photo-1614607453779-44602e149456...
[loaded] ノック → https://images.unsplash.com/photo-1607273768457-6d809ce4d946...
[loaded] ハート → https://images.unsplash.com/photo-1715111641716-e52694b3e3c1...
[loaded] バケツ → https://images.unsplash.com/photo-1662371099812-6078e66b5bc4...
[loaded] バトル → https://images.unsplash.com/photo-1747763643695-9dea0feebf6b...
[loaded] パスポート → https://images.unsplash.com/photo-1589623207499-eabd599bef0e...
[loaded] ヒーロー → https://images.unsplash.com/photo-1572420409542-379956c3fe8e...
[loaded] ピアス → https://images.unsplash.com/photo-1684616689604-f4c582056da6...
[skipped] no result for "a tight spot; crisis (wasei-eigo from 'pinch') (object)" (ピンチ)
[loaded] フリ → https://images.unsplash.com/photo-1636910607290-d8db4b65bdb0...
[loaded] プラマイゼロ → https://images.unsplash.com/photo-1591819978718-df46e8394771...
[loaded] プルプル → https://images.unsplash.com/photo-1618220598029-2ea1cbc1cff7...
[loaded] ヘッドライト → https://images.unsplash.com/photo-1773687286002-1e617dc0c981...
[cached] ベル → reused URL for "bell"
[loaded] マシン → https://images.unsplash.com/photo-1658064830736-dcdb81dfbbc8...
[loaded] マジ → https://images.unsplash.com/photo-1591819978718-df46e8394771...
[loaded] マジシャン → https://images.unsplash.com/photo-1510897345173-4d938815feb4...
[loaded] マジック → https://images.unsplash.com/photo-1510897345173-4d938815feb4...
[loaded] メロディ → https://images.unsplash.com/photo-1652626627227-acc5ce198876...
[skipped] no result for "guy; fellow; dude (colloquial) (object)" (ヤツ)
[skipped] no result for "(stem of ヤバい — slang i-adj 'wild / crazy') (object)" (ヤバ)
[loaded] ライオン → https://images.unsplash.com/photo-1571596251686-15a2c09fc824...
[loaded] ライバル → https://images.unsplash.com/photo-1625229614009-2369ec09ee69...
[cached] ライン → reused URL for "line"
[loaded] リズム → https://images.unsplash.com/photo-1652626627248-2f659cdbd6cc...
[loaded] ループ → https://images.unsplash.com/photo-1668608310541-c798ac730237...
[loaded] ルール → https://images.unsplash.com/photo-1767460759175-2a45d945595b...
[loaded] レンズ → https://images.unsplash.com/photo-1630951747824-c17e965fb4de...
[loaded] レース → https://images.unsplash.com/photo-1749952648910-c6a91589a63f...
[loaded] ロック → https://images.unsplash.com/photo-1628059531307-a7f003ed53d2...
[loaded] ワード → https://images.unsplash.com/photo-1773738495671-79b90e39dc54...
[cached] ワールド → reused URL for "world"
[loaded] 一等 → https://images.unsplash.com/photo-1563480379612-332dcd2a742a...
[loaded] 一等賞 → https://images.unsplash.com/photo-1563480379612-332dcd2a742a...
[429] sleeping 3600s for "seven colours, rainbow (object)"
[loaded] 七色 → https://images.unsplash.com/photo-1717448722724-7f2669e2ba99...
[skipped] no result for "up; high; top (also read うえ) (object)" (上)
[loaded] 下がる → https://images.unsplash.com/photo-1603999489657-3639dc9dd0ea...
[loaded] 下さる → https://images.unsplash.com/photo-1632383380006-513324e4f5b5...
[loaded] 与える → https://images.unsplash.com/photo-1632383380006-513324e4f5b5...
[loaded] 世の中 → https://images.unsplash.com/photo-1623039405147-547794f92e9e...
[loaded] 両目 → https://images.unsplash.com/flagged/photo-1557786458-77474e6...
[skipped] no result for "middle school; junior high school (object)" (中学)
[loaded] 乗せる → https://images.unsplash.com/photo-1632383380006-513324e4f5b5...
[loaded] 乗れる → https://images.unsplash.com/photo-1632383380006-513324e4f5b5...
[loaded] 乾かす → https://images.unsplash.com/photo-1740908354774-c50f8b5a79a5...
[loaded] 乾く → https://images.unsplash.com/photo-1740908354774-c50f8b5a79a5...
[loaded] 事件 → https://images.unsplash.com/photo-1765205616467-ee38b92b3531...
[loaded] 事実 → https://images.unsplash.com/photo-1765205450196-c07f8da10f2c...
[loaded] 互い → https://images.unsplash.com/photo-1591819978718-df46e8394771...
[skipped] no result for "intersection; crossroads (object)" (交差点)
[loaded] 今頃 → https://images.unsplash.com/photo-1775475049873-7ebfb0361d82...
[loaded] 他人 → https://images.unsplash.com/photo-1645160237604-1790ea422bc0...
[skipped] no result for "other places, elsewhere (object)" (他所)
[loaded] 付き → https://images.unsplash.com/photo-1765205616467-ee38b92b3531...
[loaded] 以来 → https://images.unsplash.com/photo-1638895385677-fbbae8e9f8cf...
[loaded] 任せる → https://images.unsplash.com/photo-1557919351-47a1f5c3aeaf?cr...
[loaded] 伝わる → https://images.unsplash.com/photo-1693651371733-3d76d7f7dcdf...
[loaded] 伝説 → https://images.unsplash.com/photo-1643207795567-0786e7a10edd...
[loaded] 伸ばす → https://images.unsplash.com/photo-1582106316415-d02d4d0e9066...
[loaded] 伸ばせる → https://images.unsplash.com/photo-1582106316415-d02d4d0e9066...
[loaded] 伸びる → https://images.unsplash.com/photo-1687585612416-c7e45dbb27d5...
[loaded] 似る → https://images.unsplash.com/photo-1765205450196-c07f8da10f2c...
[skipped] no result for "position; location; place (object)" (位置)
[loaded] 余る → https://images.unsplash.com/photo-1603600767720-8aed149d7618...
[loaded] 余裕 → https://images.unsplash.com/photo-1693138586657-12a34c044642...
[loaded] 倒れる → https://images.unsplash.com/photo-1771304346920-758bf870061d...
[skipped] no result for "as is; unchanged (archaic kanji for まま) (object)" (儘)
[loaded] 免許 → https://images.unsplash.com/photo-1606879469292-aba1e1b989ae...
[loaded] 全国 → https://images.unsplash.com/photo-1712219003033-a9aaccd14716...
[loaded] 内側 → https://images.unsplash.com/photo-1693121494369-c9159de41d4d...
[loaded] 写る → https://images.unsplash.com/photo-1615631901123-694b37c00603...
[loaded] 冷める → https://images.unsplash.com/photo-1585437005549-e58d5b9d6530...
[loaded] 凍る → https://images.unsplash.com/photo-1759547118069-38be3895faa1...
[loaded] 出せる → https://images.unsplash.com/photo-1585437005549-e58d5b9d6530...
[loaded] 出会い → https://images.unsplash.com/photo-1637979909766-ccf55518a928...
[skipped] no result for "to be able to meet; to be able to encounter (action)" (出会える)
[loaded] 出来事 → https://images.unsplash.com/photo-1591819978718-df46e8394771...
[loaded] 出逢い → https://images.unsplash.com/photo-1637979909766-ccf55518a928...
[loaded] 出逢う → https://images.unsplash.com/photo-1698337859888-c7174be6cfec...
[loaded] 分 → https://images.unsplash.com/photo-1565038924091-e76522104855...
[loaded] 分ける → https://images.unsplash.com/photo-1651223969333-7a02ad74c4f0...
[loaded] 切れる → https://images.unsplash.com/photo-1638895385677-fbbae8e9f8cf...
[loaded] 別 → https://images.unsplash.com/photo-1698337859888-c7174be6cfec...
[loaded] 別れ → https://images.unsplash.com/photo-1698337859888-c7174be6cfec...
[429] sleeping 3600s for "to break; to split; to crack (action)"
[loaded] 割る → https://images.unsplash.com/photo-1733833199023-c7362441334d...
[loaded] 割れる → https://images.unsplash.com/photo-1733833199023-c7362441334d...
[skipped] no result for "to move (something); to set in motion; to stir (action)" (動かす)
[skipped] no result for "can move (potential of 動く) (action)" (動ける)
[loaded] 危険性 → https://images.unsplash.com/photo-1546168001-a2bc8a7ace8b?cr...
[loaded] 参る → https://images.unsplash.com/photo-1632383380006-513324e4f5b5...
[loaded] 友 → https://images.unsplash.com/photo-1595354168684-5415135f7596...
[loaded] 取れる → https://images.unsplash.com/photo-1632383380006-513324e4f5b5...
[loaded] 受けとめる → https://images.unsplash.com/photo-1632383380006-513324e4f5b5...
[loaded] 受ける → https://images.unsplash.com/photo-1585437005549-e58d5b9d6530...
[skipped] no result for "hometown; birthplace (object)" (古里)
[loaded] 叩く → https://images.unsplash.com/photo-1632383380006-513324e4f5b5...
[loaded] 叱る → https://images.unsplash.com/photo-1596057176846-4dfa9a53c9ba...
[skipped] no result for "(suffix) can do mutually — 〜合える (action)" (合える)
[loaded] 合わせる → https://images.unsplash.com/photo-1628860512414-c535953e71fc...
[skipped] no result for "name; reputation (object)" (名)
[loaded] 吐く → https://images.unsplash.com/photo-1693138586657-12a34c044642...
[loaded] 向かう → https://images.unsplash.com/photo-1583294265510-b0428e1aebd1...
[loaded] 向き → https://images.unsplash.com/photo-1651302514811-d066fe98d4bd...
[loaded] 向く → https://images.unsplash.com/photo-1692865814917-094cc56c5699...
[loaded] 向ける → https://images.unsplash.com/photo-1582211713340-dec9934f6b48...
[loaded] 向こう側 → https://images.unsplash.com/photo-1651223969333-7a02ad74c4f0...
[loaded] 味わう → https://images.unsplash.com/photo-1692865814917-094cc56c5699...
[loaded] 咲かす → https://images.unsplash.com/photo-1512065365333-90887f773941...
[loaded] 咲かせる → https://images.unsplash.com/photo-1645351881565-cc96de5b7848...
[loaded] 問題集 → https://images.unsplash.com/photo-1651223969333-7a02ad74c4f0...
[loaded] 喉 → https://images.unsplash.com/photo-1609277425553-d2bb55dcc54d...
[loaded] 喋る → https://images.unsplash.com/photo-1695903234312-fc444fada6ef...
[loaded] 嘘つき → https://images.unsplash.com/photo-1605262451405-9330a2eaef49...
[loaded] 噂 → https://images.unsplash.com/photo-1569768446322-32fec15b4083...
[loaded] 噛む → https://images.unsplash.com/photo-1588628870811-8c588c49331f...
[loaded] 回す → https://images.unsplash.com/photo-1632383380006-513324e4f5b5...
[loaded] 土 → https://images.unsplash.com/photo-1765205340600-e620a07f78d2...
[loaded] 地 → https://images.unsplash.com/photo-1534294228306-bd54eb9a7ba8...
[loaded] 地面 → https://images.unsplash.com/photo-1722083854891-7324e80ad2ac...
[loaded] 埋める → https://images.unsplash.com/photo-1692865814917-094cc56c5699...
[loaded] 城 → https://images.unsplash.com/photo-1572000140626-01d664c09c01...
[skipped] no result for "case; situation; occasion (object)" (場合)
[loaded] 場面 → https://images.unsplash.com/photo-1728071691969-0d4e893b6b20...
[loaded] 増やす → https://images.unsplash.com/photo-1772413438851-f6dd22c7ebe1...
[loaded] 壊せる → https://images.unsplash.com/photo-1765205616467-ee38b92b3531...
[loaded] 夕陽 → https://images.unsplash.com/photo-1763883421000-c53428a2df4d...
[loaded] 外れる → https://images.unsplash.com/photo-1632383380006-513324e4f5b5...
[loaded] 多く → https://images.unsplash.com/photo-1747862681939-13616026120d...
[loaded] 夜景 → https://images.unsplash.com/photo-1666041220208-811c5678be7e...
[loaded] 大冒険 → https://images.unsplash.com/photo-1644579137224-ed7c897488be...
[loaded] 天丼 → https://images.unsplash.com/photo-1762398948309-efc21c1f3764...
[loaded] 天井 → https://images.unsplash.com/photo-1613235120967-e2c32a7da2c7...
[loaded] 天才 → https://images.unsplash.com/photo-1572025132210-83d1dcaa932d...
[skipped] no result for "inner part; depths; back (object)" (奥)
[429] sleeping 3600s for "guy, dude (rough) (object)"
[loaded] 奴 → https://images.unsplash.com/photo-1560148893-559bb897dde1?cr...
[loaded] 奴ら → https://images.unsplash.com/photo-1560970600-fef335385b00?cr...
[loaded] 始まり → https://images.unsplash.com/photo-1593640475850-83be133a4663...
[loaded] 委せる → https://images.unsplash.com/photo-1649859967699-5c60d8d8b5ba...
[loaded] 姿 → https://images.unsplash.com/photo-1630412612990-783d96dd4d6f...
[loaded] 嫌う → https://images.unsplash.com/photo-1632383380006-513324e4f5b5...
[skipped] no result for "to learn (action)" (学ぶ)
[loaded] 守れる → https://images.unsplash.com/photo-1688497788310-ba259455a0df...
[loaded] 完成 → https://images.unsplash.com/photo-1641190718014-ec1eb79f72cb...
[cached] 宝 → reused URL for "treasure"
[loaded] 宝物 → https://images.unsplash.com/photo-1573187522488-a6d6176a43d9...
[loaded] 宝箱 → https://images.unsplash.com/photo-1680994330269-993e90deeca3...
[loaded] 実力 → https://images.unsplash.com/photo-1651223969333-7a02ad74c4f0...
[loaded] 寄る → https://images.unsplash.com/photo-1603999489657-3639dc9dd0ea...
[loaded] 尋ねる → https://images.unsplash.com/photo-1591819978718-df46e8394771...
[skipped] no result for "novel; fiction (object)" (小説)
[skipped] no result for "buttocks; bottom (object)" (尻)
[loaded] 尻尾 → https://images.unsplash.com/photo-1776533874786-9fa653298cc6...
[skipped] no result for "(imperative of 届く 'to reach' — 'reach!') (object)" (届け)
[loaded] 届ける → https://images.unsplash.com/photo-1605364850023-a917c39f8fe9...
[loaded] 巣 → https://images.unsplash.com/photo-1573194963911-71ccb78b80ef...
[loaded] 帰れる → https://images.unsplash.com/photo-1765205616467-ee38b92b3531...
[loaded] 幸運 → https://images.unsplash.com/photo-1551783395-df455ddbc86b?cr...
[loaded] 延びる → https://images.unsplash.com/photo-1638895385677-fbbae8e9f8cf...
[loaded] 引っぱる → https://images.unsplash.com/photo-1603999489657-3639dc9dd0ea...
[loaded] 引っ張る → https://images.unsplash.com/photo-1568826499347-94badcbedabd...
[loaded] 張る → https://images.unsplash.com/photo-1589973871072-e92784e30816...
[loaded] 当たり前 → https://images.unsplash.com/photo-1591819978718-df46e8394771...
[loaded] 当たる → https://images.unsplash.com/photo-1651223969333-7a02ad74c4f0...
[loaded] 当てる → https://images.unsplash.com/photo-1772528205622-c525adf905ed...
[loaded] 待ちきれない → https://images.unsplash.com/photo-1585437005549-e58d5b9d6530...
[loaded] 後出し → https://images.unsplash.com/photo-1668358554073-1ebdd7cadf0c...
[loaded] 得意 → https://images.unsplash.com/photo-1551783395-df455ddbc86b?cr...
[loaded] 微笑う → https://images.unsplash.com/photo-1720184734699-b68794ffff95...
[loaded] 怖がる → https://images.unsplash.com/photo-1603600767720-8aed149d7618...
[loaded] 思いつく → https://images.unsplash.com/photo-1693821064577-6ad7cb45a6a9...
[loaded] 思える → https://images.unsplash.com/photo-1632383380006-513324e4f5b5...
[loaded] 性格 → https://images.unsplash.com/photo-1707396172424-f3293f788364...
[loaded] 悔しさ → https://images.unsplash.com/photo-1542595913-85d69b0edbaf?cr...
[loaded] 悔やむ → https://images.unsplash.com/photo-1597983597953-31a6b9632d33...
[loaded] 悩み → https://images.unsplash.com/photo-1610314578674-7b9490d74ccd...
[loaded] 悲しむ → https://images.unsplash.com/photo-1557919351-47a1f5c3aeaf?cr...
[loaded] 情報 → https://images.unsplash.com/photo-1550056486-8ded219fb769?cr...
[cached] 想い出 → reused URL for "memory"
[loaded] 想う → https://images.unsplash.com/photo-1693821064577-6ad7cb45a6a9...
[loaded] 愛す → https://images.unsplash.com/photo-1726377362206-4ee44eff5646...
[loaded] 愛する → https://images.unsplash.com/photo-1612490567246-5dadb92ce9a3...
[loaded] 感動 → https://images.unsplash.com/photo-1632984082009-7c56fc68c04e...
[loaded] 慌てる → https://images.unsplash.com/photo-1550056486-8ded219fb769?cr...
[skipped] no result for "to long for, yearn for (action)" (憧れる)
[loaded] 成長 → https://images.unsplash.com/photo-1772413438614-3d4582783392...
[loaded] 我儘 → https://images.unsplash.com/photo-1651223969333-7a02ad74c4f0...
[429] sleeping 3600s for "to return; to put back; to restore (action)"
[loaded] 戻す → https://images.unsplash.com/photo-1698337859888-c7174be6cfec...
[loaded] 戻れる → https://images.unsplash.com/photo-1765205616467-ee38b92b3531...
[loaded] 手に入れる → https://images.unsplash.com/photo-1765205498852-00513195dd1c...
[loaded] 手のひら → https://images.unsplash.com/photo-1737666636054-6315f13de215...
[loaded] 打つ → https://images.unsplash.com/photo-1651223969333-7a02ad74c4f0...
[loaded] 技 → https://images.unsplash.com/photo-1766230080149-51f4c442cebc...
[skipped] no result for "technique; skill; technology (object)" (技術)
[loaded] 折れる → https://images.unsplash.com/photo-1632383380006-513324e4f5b5...
[loaded] 抜く → https://images.unsplash.com/photo-1763888450793-31561d1c271b...
[loaded] 抜ける → https://images.unsplash.com/photo-1543017471-62c14029f7ce?cr...
[loaded] 抱える → https://images.unsplash.com/photo-1486746415817-2c865df52cf9...
[loaded] 抱く → https://images.unsplash.com/photo-1690646633616-693d0038e37e...
[loaded] 押さえる → https://images.unsplash.com/photo-1561149872-0e610fdeb03a?cr...
[skipped] no result for "to spread; to expand (variant of 広がる) (action)" (拡がる)
[skipped] no result for "to spread; to expand; to broaden (variant of 広げる) (action)" (拡げる)
[loaded] 拭く → https://images.unsplash.com/photo-1767515688731-19e90bb276ac...
[loaded] 持ち上げる → https://images.unsplash.com/photo-1635706048236-8dd62e2aabb5...
[loaded] 指す → https://images.unsplash.com/photo-1591819978718-df46e8394771...
[loaded] 指輪 → https://images.unsplash.com/photo-1649039411525-0e19ad729665...
[loaded] 挑戦 → https://images.unsplash.com/photo-1651223969333-7a02ad74c4f0...
[loaded] 挟まる → https://images.unsplash.com/photo-1603999489657-3639dc9dd0ea...
[loaded] 振り → https://images.unsplash.com/photo-1637054234960-72b36c82b27e...
[loaded] 振り向く → https://images.unsplash.com/photo-1692865814917-094cc56c5699...
[loaded] 捕まえる → https://images.unsplash.com/photo-1585437005549-e58d5b9d6530...
[loaded] 捜し物 → https://images.unsplash.com/photo-1646491317730-15a591795b08...
[cached] 掴める → reused URL for "can grasp (potential of 掴む)"
[skipped] no result for "to be complete; to line up; to be gathered (action)" (揃う)
[loaded] 揺れる → https://images.unsplash.com/photo-1693138586657-12a34c044642...
[loaded] 損 → https://images.unsplash.com/photo-1591819978718-df46e8394771...
[loaded] 損する → https://images.unsplash.com/photo-1632383380006-513324e4f5b5...
[cached] 放す → reused URL for "to let go; to release"
[loaded] 放っとく → https://images.unsplash.com/photo-1694946345674-144211392f30...
[loaded] 救う → https://images.unsplash.com/photo-1688126507367-b7cb61e19f30...
[loaded] 教わる → https://images.unsplash.com/photo-1557919351-47a1f5c3aeaf?cr...
[loaded] 散らかる → https://images.unsplash.com/photo-1603600767720-8aed149d7618...
[loaded] 散る → https://images.unsplash.com/photo-1640397690820-eb9e011d4bca...
[loaded] 数 → https://images.unsplash.com/photo-1633838364972-9cad9c0ac8a7...
[loaded] 方法 → https://images.unsplash.com/photo-1523937986058-3643cb987697...
[loaded] 旗 → https://images.unsplash.com/photo-1583422120752-e3963a2c064c...
[loaded] 日付け → https://images.unsplash.com/photo-1577950248429-7530424d9682...
[loaded] 昇る → https://images.unsplash.com/photo-1627021335047-b98efc0ea413...
[loaded] 明かり → https://images.unsplash.com/photo-1762357531094-38ebb097c5e6...
[loaded] 明ける → https://images.unsplash.com/photo-1687585612416-c7e45dbb27d5...
[loaded] 映す → https://images.unsplash.com/photo-1574722654013-6dbdeb45593f...
[skipped] no result for "can reflect / project (potential of 映す) (action)" (映せる)
[loaded] 映る → https://images.unsplash.com/photo-1567629888721-f63fbcff5eed...
[loaded] 暮らし → https://images.unsplash.com/photo-1627807353979-f8bd316b62cb...
[loaded] 暮れる → https://images.unsplash.com/photo-1632383380006-513324e4f5b5...
[loaded] 曲 → https://images.unsplash.com/photo-1652626627230-d7ddb64bf9e9...
[loaded] 最低 → https://images.unsplash.com/photo-1595865211152-eec48f9055c7...
[loaded] 月末 → https://images.unsplash.com/photo-1765206772291-0d27afba4f25...
[loaded] 期待 → https://images.unsplash.com/photo-1612198866625-88997d8fc3fb...
[429] sleeping 3600s for "tree-nut, tree fruit (object)"
[loaded] 木の実 → https://images.unsplash.com/photo-1621342261924-3e2f6c9603f5...
[loaded] 本気 → https://images.unsplash.com/photo-1765205450196-c07f8da10f2c...
[loaded] 本物 → https://images.unsplash.com/photo-1603656203224-25393ea345a4...
[loaded] 枝 → https://images.unsplash.com/photo-1615990531332-e8725ae1e3a3...
[loaded] 枯れる → https://images.unsplash.com/photo-1692251574213-f327fdd7dcd4...
[loaded] 校舎 → https://images.unsplash.com/photo-1565402161570-7ca09ba499f3...
[loaded] 桜色 → https://images.unsplash.com/photo-1715544972963-77bf03128cc1...
[loaded] 楽 → https://images.unsplash.com/photo-1523951778169-4cb35545bfa2...
[loaded] 楽しむ → https://images.unsplash.com/photo-1692865814917-094cc56c5699...
[skipped] no result for "to mind; to care about; to be concerned (action)" (構う)
[loaded] 構わない → https://images.unsplash.com/photo-1693821064577-6ad7cb45a6a9...
[loaded] 権利 → https://images.unsplash.com/photo-1567629888721-f63fbcff5eed...
[loaded] 機嫌 → https://images.unsplash.com/photo-1551783395-df455ddbc86b?cr...
[loaded] 機械 → https://images.unsplash.com/photo-1575224526797-5730d09d781d...
[loaded] 欲しがる → https://images.unsplash.com/photo-1561149872-0e610fdeb03a?cr...
[loaded] 止む → https://images.unsplash.com/photo-1422544834386-d121ef7c6ea8...
[loaded] 正しさ → https://images.unsplash.com/photo-1550056486-8ded219fb769?cr...
[loaded] 武器 → https://images.unsplash.com/photo-1714978251288-43bcddfd303c...
[loaded] 残す → https://images.unsplash.com/photo-1587459450937-8402ffa769cd...
[loaded] 残り → https://images.unsplash.com/photo-1698337859888-c7174be6cfec...
[loaded] 残る → https://images.unsplash.com/photo-1603600767720-8aed149d7618...
[loaded] 殺す → https://images.unsplash.com/photo-1693138586657-12a34c044642...
[loaded] 気がつく → https://images.unsplash.com/photo-1765205450196-c07f8da10f2c...
[loaded] 気が付く → https://images.unsplash.com/photo-1591819978718-df46e8394771...
[loaded] 気づく → https://images.unsplash.com/photo-1591819978718-df46e8394771...
[loaded] 気づける → https://images.unsplash.com/photo-1591819978718-df46e8394771...
[cached] 気付く → reused URL for "to notice; to realize; to become aware"
[loaded] 水着 → https://images.unsplash.com/photo-1542826254-310e714ea3f5?cr...
[loaded] 汚れ → https://images.unsplash.com/photo-1740908354774-c50f8b5a79a5...
[loaded] 汚れる → https://images.unsplash.com/photo-1725209380367-6397251ebad6...
[loaded] 決まる → https://images.unsplash.com/photo-1564419188055-48ba159334c0...
[loaded] 決心 → https://images.unsplash.com/photo-1758930908722-6f8f561d7473...
[loaded] 沈む → https://images.unsplash.com/photo-1603999489657-3639dc9dd0ea...
[loaded] 沸かす → https://images.unsplash.com/photo-1603600767720-8aed149d7618...
[loaded] 治す → https://images.unsplash.com/photo-1585437005549-e58d5b9d6530...
[loaded] 法律 → https://images.unsplash.com/photo-1581952373523-f62ff48dd816...
[loaded] 波 → https://images.unsplash.com/photo-1620457727948-729eeacd6681...
[loaded] 泣ける → https://images.unsplash.com/photo-1726377362206-4ee44eff5646...
[loaded] 泥 → https://images.unsplash.com/photo-1760383640414-1b255c5a7128...
[loaded] 泪 → https://images.unsplash.com/photo-1619535541830-af170e005ef5...
[loaded] 泳げる → https://images.unsplash.com/photo-1609601245136-65c32298fb30...
[loaded] 流れ → https://images.unsplash.com/photo-1603999489657-3639dc9dd0ea...
[loaded] 流れる → https://images.unsplash.com/photo-1603999489657-3639dc9dd0ea...
[loaded] 浮かぶ → https://images.unsplash.com/photo-1760754726569-e9a1873d3a28...
[loaded] 浴びる → https://images.unsplash.com/photo-1587420333680-87babd0cbfbd...
[loaded] 消せる → https://images.unsplash.com/photo-1765205616467-ee38b92b3531...
[loaded] 済む → https://images.unsplash.com/photo-1638895385677-fbbae8e9f8cf...
[loaded] 渋滞 → https://images.unsplash.com/photo-1723816532021-1457b21a15aa...
[loaded] 温度 → https://images.unsplash.com/photo-1700832082353-8d347b12efd5...
[loaded] 溜まる → https://images.unsplash.com/photo-1774875711463-2096709e4594...
[loaded] 溜める → https://images.unsplash.com/photo-1632383380006-513324e4f5b5...
[429] sleeping 3600s for "sigh (object)"
[loaded] 溜め息 → https://images.unsplash.com/photo-1755547721682-5970090a224c...
[loaded] 溶ける → https://images.unsplash.com/photo-1765206701589-48e65564377e...
[loaded] 濡れる → https://images.unsplash.com/photo-1692865814917-094cc56c5699...
[loaded] 灯 → https://images.unsplash.com/photo-1742670485354-e784802eb52b...
[loaded] 灰色 → https://images.unsplash.com/photo-1700750368493-c8068fe41241...
[loaded] 点く → https://images.unsplash.com/photo-1585437005549-e58d5b9d6530...
[loaded] 煙 → https://images.unsplash.com/photo-1594648372807-581ceaec4a37...
[loaded] 燃える → https://images.unsplash.com/photo-1634254773966-6f47548d7c12...
[loaded] 燃やす → https://images.unsplash.com/photo-1634254773966-6f47548d7c12...
[loaded] 片道 → https://images.unsplash.com/photo-1565156607188-da48d8459354...
[loaded] 状況 → https://images.unsplash.com/photo-1591819978718-df46e8394771...
[loaded] 狂う → https://images.unsplash.com/photo-1524862655266-89c67a10c4b3...
[loaded] 狐 → https://images.unsplash.com/photo-1767142996911-2a733d7e1e47...
[loaded] 狙う → https://images.unsplash.com/photo-1558530755-e4785fddbe89?cr...
[loaded] 現れる → https://images.unsplash.com/photo-1591819978718-df46e8394771...
[loaded] 環 → https://images.unsplash.com/photo-1736520557871-f189e5640225...
[loaded] 生 → https://images.unsplash.com/photo-1549330758-27f7f7cfa9e4?cr...
[loaded] 生える → https://images.unsplash.com/photo-1608144717871-2dff5dc55d81...
[loaded] 生き方 → https://images.unsplash.com/photo-1762521062351-90612528d811...
[loaded] 生む → https://images.unsplash.com/photo-1632383380006-513324e4f5b5...
[loaded] 異常 → https://images.unsplash.com/photo-1723790011180-73be054b6c31...
[loaded] 痛む → https://images.unsplash.com/photo-1557919351-47a1f5c3aeaf?cr...
[loaded] 痛める → https://images.unsplash.com/photo-1632383380006-513324e4f5b5...
[loaded] 癖 → https://images.unsplash.com/photo-1598618022928-36f4870f6642...
[loaded] 白黒 → https://images.unsplash.com/photo-1618037087830-5e746497905b...
[loaded] 目的 → https://images.unsplash.com/photo-1567473031096-c4961b38be9b...
[loaded] 相手 → https://images.unsplash.com/photo-1594125812609-97eb771d464a...
[loaded] 看板 → https://images.unsplash.com/photo-1684326000727-88baf885e2ca...
[loaded] 真似 → https://images.unsplash.com/photo-1596655455685-8432446d55c0...
[loaded] 真似する → https://images.unsplash.com/photo-1649328364839-29451ff58148...
[loaded] 真面目 → https://images.unsplash.com/photo-1567629888721-f63fbcff5eed...
[loaded] 眠り → https://images.unsplash.com/photo-1512548438457-4c9584d3766b...
[loaded] 知らせ → https://images.unsplash.com/photo-1591819978718-df46e8394771...
[loaded] 知らせる → https://images.unsplash.com/photo-1550379877-456d16c9fa13?cr...
[loaded] 知れる → https://images.unsplash.com/photo-1550379877-456d16c9fa13?cr...
[loaded] 砂漠 → https://images.unsplash.com/photo-1760693052382-c8e3b8685696...
[loaded] 破れる → https://images.unsplash.com/photo-1733833199023-c7362441334d...
[skipped] no result for "to make sure; to confirm; to verify (action)" (確かめる)
[loaded] 磨く → https://images.unsplash.com/photo-1524862655266-89c67a10c4b3...
[loaded] 示す → https://images.unsplash.com/photo-1591819978718-df46e8394771...
[loaded] 祈る → https://images.unsplash.com/photo-1579215176023-00341ea5ea67...
[loaded] 祝う → https://images.unsplash.com/photo-1764435937009-cf7c3110c04c...
[cached] 秘密 → reused URL for "secret"
[loaded] 移る → https://images.unsplash.com/photo-1687585612416-c7e45dbb27d5...
[loaded] 程度 → https://images.unsplash.com/photo-1573999615713-49f8783e6614...
[loaded] 積む → https://images.unsplash.com/photo-1637054235024-c8c12341f91e...
[loaded] 穴 → https://images.unsplash.com/photo-1561738787-6d6baf5dd18c?cr...
[loaded] 突く → https://images.unsplash.com/photo-1632383380006-513324e4f5b5...
[skipped] no result for "to be able to stand up (potential of 立ち上がる); imperative form 立ち上がれ = 'stand up!' (action)" (立ち上がれる)
[loaded] 笑い声 → https://images.unsplash.com/photo-1617209689367-2c367c7d8b2c...
[skipped] no result for "(tokenizer fragment — kanji 筋 of 筋斗雲 Kinto'un; alone means 'sinew, line, plot') (object)" (筋)
[429] sleeping 3600s for "thread; string (object)"
[loaded] 糸 → https://images.unsplash.com/photo-1633113247735-45a969eb9266...
[loaded] 紙飛行機 → https://images.unsplash.com/photo-1742823275436-accdf6eab3bf...
[loaded] 紫 → https://images.unsplash.com/photo-1556970255-32d2cec67cbc?cr...
[skipped] no result for "to link (arms); to put together; to team up (action)" (組む)
[loaded] 経験 → https://images.unsplash.com/photo-1775465187747-7d5901a0f6c3...
[loaded] 結ばれる → https://images.unsplash.com/photo-1558334790-77ce2da6d415?cr...
[loaded] 結ぶ → https://images.unsplash.com/photo-1632383380006-513324e4f5b5...
[loaded] 結局 → https://images.unsplash.com/photo-1698337859888-c7174be6cfec...
[cached] 繋がる → reused URL for "to be connected; to be linked"
[loaded] 繋ぎ → https://images.unsplash.com/photo-1567443026248-f4472c8e5145...
[loaded] 繋ぐ → https://images.unsplash.com/photo-1567443026248-f4472c8e5145...
[loaded] 美しさ → https://images.unsplash.com/photo-1756409845637-93d018c0642f...
[loaded] 老人 → https://images.unsplash.com/photo-1567000167302-74d2008ca271...
[loaded] 者 → https://images.unsplash.com/photo-1622014140092-20f38a61186c...
[loaded] 聞かせる → https://images.unsplash.com/photo-1603600767720-8aed149d7618...
[loaded] 聴く → https://images.unsplash.com/photo-1520186994231-6ea0019d8d51...
[loaded] 肌 → https://images.unsplash.com/photo-1659117656969-b19d9a95a69c...
[loaded] 育つ → https://images.unsplash.com/photo-1758930908722-6f8f561d7473...
[loaded] 胃 → https://images.unsplash.com/photo-1716930138642-7a84421d0bce...
[loaded] 脚 → https://images.unsplash.com/photo-1764652735883-6a169cca9846...
[loaded] 腹 → https://images.unsplash.com/photo-1582924141438-ad8d7f807aea...
[loaded] 膝 → https://images.unsplash.com/photo-1754941622136-6664a3f50b2e...
[loaded] 膨らむ → https://images.unsplash.com/photo-1651223969333-7a02ad74c4f0...
[loaded] 自分探し → https://images.unsplash.com/photo-1762113396353-73ed13d2b98c...
[loaded] 自分自身 → https://images.unsplash.com/photo-1765551097111-724e1a5cdf8f...
[loaded] 自慢 → https://images.unsplash.com/photo-1563480379612-332dcd2a742a...
[loaded] 自然 → https://images.unsplash.com/photo-1749587452499-ea1fd591e63f...
[loaded] 興奮 → https://images.unsplash.com/photo-1591819978718-df46e8394771...
[loaded] 舐める → https://images.unsplash.com/photo-1725209380367-6397251ebad6...
[loaded] 苦しみ → https://images.unsplash.com/photo-1687787416048-d7acdd89bfc3...
[loaded] 苦しむ → https://images.unsplash.com/photo-1693138586657-12a34c044642...
[loaded] 落ちこむ → https://images.unsplash.com/photo-1603999489657-3639dc9dd0ea...
[loaded] 落ち込む → https://images.unsplash.com/photo-1630045096474-f3273418ee2e...
[loaded] 葉 → https://images.unsplash.com/photo-1603022929003-bc08fbf1800d...
[loaded] 行ける → https://images.unsplash.com/photo-1765205616467-ee38b92b3531...
[loaded] 行儀 → https://images.unsplash.com/photo-1731871789452-1b96538902dc...
[loaded] 行動 → https://images.unsplash.com/photo-1688497788310-ba259455a0df...
[skipped] no result for "front; surface; outside (object)" (表)
[loaded] 表す → https://images.unsplash.com/photo-1591819978718-df46e8394771...
[skipped] no result for "back; reverse side; hidden side (object)" (裏)
[skipped] no result for "back side (object)" (裏側)
[loaded] 見つめる → https://images.unsplash.com/photo-1725640185787-f26c261e052b...
[loaded] 見上げる → https://images.unsplash.com/photo-1588694818493-d262501f4511...
[loaded] 見送る → https://images.unsplash.com/photo-1772839921944-f617bd60e493...
[loaded] 覗く → https://images.unsplash.com/photo-1619535541830-af170e005ef5...
[loaded] 覚ます → https://images.unsplash.com/photo-1588694818493-d262501f4511...
[loaded] 覚める → https://images.unsplash.com/photo-1588694818493-d262501f4511...
[loaded] 解く → https://images.unsplash.com/photo-1649328364839-29451ff58148...
[loaded] 解ける → https://images.unsplash.com/photo-1550379877-456d16c9fa13?cr...
[loaded] 解ける → https://images.unsplash.com/photo-1577383099906-56094c6fbcb3...
[loaded] 触れる → https://images.unsplash.com/photo-1557919351-47a1f5c3aeaf?cr...
[429] sleeping 3600s for "to start saying / bring up (action)"
[loaded] 言い出す → https://images.unsplash.com/photo-1593640475850-83be133a4663...
[loaded] 計画 → https://images.unsplash.com/photo-1550056486-8ded219fb769?cr...
[loaded] 訳 → https://images.unsplash.com/photo-1765205450196-c07f8da10f2c...
[loaded] 試す → https://images.unsplash.com/photo-1692865814917-094cc56c5699...
[loaded] 詰める → https://images.unsplash.com/photo-1693138586657-12a34c044642...
[skipped] no result for "way of speaking; manner of talking (object)" (話し方)
[loaded] 認める → https://images.unsplash.com/photo-1591819978718-df46e8394771...
[loaded] 誘う → https://images.unsplash.com/photo-1566086741792-b59059349f07...
[loaded] 調子 → https://images.unsplash.com/photo-1651223969333-7a02ad74c4f0...
[loaded] 諦め → https://images.unsplash.com/photo-1632383380006-513324e4f5b5...
[loaded] 負け → https://images.unsplash.com/photo-1649955249894-9a9ccffb4e80...
[loaded] 赤色 → https://images.unsplash.com/photo-1749587452499-ea1fd591e63f...
[loaded] 走り出せる → https://images.unsplash.com/photo-1623208525215-a573aacb1560...
[loaded] 走れる → https://images.unsplash.com/photo-1631899522966-70eaf052006a...
[loaded] 起こす → https://images.unsplash.com/photo-1588694818493-d262501f4511...
[loaded] 起こる → https://images.unsplash.com/photo-1632383380006-513324e4f5b5...
[loaded] 足す → https://images.unsplash.com/photo-1734436387925-e8d4703c8539...
[loaded] 足音 → https://images.unsplash.com/photo-1676095772453-4a8b2cc8c9bb...
[loaded] 跡 → https://images.unsplash.com/photo-1672268931087-9384cca148d8...
[loaded] 跳ぶ → https://images.unsplash.com/photo-1638464516447-8206591d2851...
[loaded] 踊り → https://images.unsplash.com/photo-1564862184252-ebc18cd5bff1...
[loaded] 踊り出す → https://images.unsplash.com/photo-1748107043498-11924d7e1b40...
[loaded] 踏まれる → https://images.unsplash.com/photo-1638895385677-fbbae8e9f8cf...
[loaded] 踏みつける → https://images.unsplash.com/photo-1680872442645-b3fa7fad5202...
[loaded] 踏む → https://images.unsplash.com/photo-1667653549543-1755938ab19d...
[loaded] 蹴る → https://images.unsplash.com/photo-1535622059989-f0a821a938f7...
[loaded] 身 → https://images.unsplash.com/photo-1608624837350-0647a6753de6...
[loaded] 身につける → https://images.unsplash.com/photo-1765205450196-c07f8da10f2c...
[cached] 転がる → reused URL for "to roll; to tumble"
[loaded] 転ぶ → https://images.unsplash.com/photo-1757801898987-5a492c85bd53...
[loaded] 載る → https://images.unsplash.com/photo-1591819978718-df46e8394771...
[loaded] 輪 → https://images.unsplash.com/photo-1639411957049-f243eb5f83a2...
[loaded] 込む → https://images.unsplash.com/photo-1698337859888-c7174be6cfec...
[loaded] 迎える → https://images.unsplash.com/photo-1583674767461-99d1a9850069...
[loaded] 近づく → https://images.unsplash.com/photo-1603999489657-3639dc9dd0ea...
[loaded] 迷子 → https://images.unsplash.com/photo-1653422718405-8fe05771c051...
[loaded] 追いつく → https://images.unsplash.com/photo-1585437005549-e58d5b9d6530...
[loaded] 追い掛ける → https://images.unsplash.com/photo-1521705577586-a50e4a072423...
[loaded] 追い駈ける → https://images.unsplash.com/photo-1510897345173-4d938815feb4...
[loaded] 追う → https://images.unsplash.com/photo-1693651371733-3d76d7f7dcdf...
[loaded] 追っかける → https://images.unsplash.com/photo-1749572672375-0d0c9c767afc...
[loaded] 逃がす → https://images.unsplash.com/photo-1692865814917-094cc56c5699...
[loaded] 逃げだす → https://images.unsplash.com/photo-1551747777-8c04191a26e2?cr...
[loaded] 逆 → https://images.unsplash.com/photo-1619535541830-af170e005ef5...
[loaded] 途 → https://images.unsplash.com/photo-1772400136382-4e9d708f4107...
[loaded] 途中 → https://images.unsplash.com/photo-1698337859888-c7174be6cfec...
[cached] 速さ → reused URL for "speed"
[loaded] 連れる → https://images.unsplash.com/photo-1632383380006-513324e4f5b5...
[loaded] 連れ出す → https://images.unsplash.com/photo-1632383380006-513324e4f5b5...
[loaded] 連絡 → https://images.unsplash.com/photo-1557919351-47a1f5c3aeaf?cr...
[loaded] 進み出す → https://images.unsplash.com/photo-1651223969333-7a02ad74c4f0...
[loaded] 進める → https://images.unsplash.com/photo-1698337859888-c7174be6cfec...
[429] sleeping 3600s for "luck; fortune (object)"
[loaded] 運 → https://images.unsplash.com/photo-1507667895043-c4de59dda180...
[loaded] 過ごす → https://images.unsplash.com/photo-1698337859888-c7174be6cfec...
[loaded] 道具 → https://images.unsplash.com/photo-1567361809214-b97d828071d9...
[loaded] 違い → https://images.unsplash.com/photo-1550056486-8ded219fb769?cr...
[loaded] 選択 → https://images.unsplash.com/photo-1598618253237-217da2e5ecf4...
[loaded] 都 → https://images.unsplash.com/photo-1566781642083-36217c46923b...
[loaded] 酔う → https://images.unsplash.com/photo-1725209380367-6397251ebad6...
[loaded] 重さ → https://images.unsplash.com/photo-1598618443737-f865e121d870...
[loaded] 重なる → https://images.unsplash.com/photo-1651223969333-7a02ad74c4f0...
[loaded] 重ねる → https://images.unsplash.com/photo-1651223969333-7a02ad74c4f0...
[skipped] no result for "bastard / guy (rough) (object)" (野郎)
[loaded] 金 → https://images.unsplash.com/photo-1633188985850-41c3c2ba9c2b...
[loaded] 針 → https://images.unsplash.com/photo-1710854473876-4c136362d817...
[loaded] 鉄 → https://images.unsplash.com/photo-1651718414829-3538916ba6ad...
[loaded] 鏡 → https://images.unsplash.com/photo-1760693052382-c8e3b8685696...
[loaded] 閉じる → https://images.unsplash.com/photo-1564659525707-71828beac221...
[loaded] 間に合う → https://images.unsplash.com/photo-1613084557857-567626dc0cc8...
[loaded] 間違う → https://images.unsplash.com/photo-1523937986058-3643cb987697...
[loaded] 関係 → https://images.unsplash.com/photo-1649039411525-0e19ad729665...
[skipped] no result for "to fight; to struggle; to battle (action)" (闘う)
[loaded] 降らす → https://images.unsplash.com/photo-1710225641189-a1d0afd72199...
[loaded] 降り出す → https://images.unsplash.com/photo-1639135111182-a4caa4b6d45b...
[loaded] 陽 → https://images.unsplash.com/photo-1733223139798-cd48728cb4f4...
[loaded] 隠す → https://images.unsplash.com/photo-1753424267062-3568b51d05bd...
[loaded] 隠れる → https://images.unsplash.com/photo-1678108293774-2e0fff299545...
[loaded] 離れる → https://images.unsplash.com/photo-1698337859888-c7174be6cfec...
[loaded] 雨がさ → https://images.unsplash.com/photo-1474480404105-2530e3c616d8...
[loaded] 雷 → https://images.unsplash.com/photo-1690767662624-9140979a4089...
[loaded] 霧 → https://images.unsplash.com/photo-1643063738798-a96422add0e6...
[loaded] 順番 → https://images.unsplash.com/photo-1651223969333-7a02ad74c4f0...
[loaded] 預ける → https://images.unsplash.com/photo-1632383380006-513324e4f5b5...
[loaded] 頼り → https://images.unsplash.com/photo-1567629888721-f63fbcff5eed...
[loaded] 願い事 → https://images.unsplash.com/photo-1612799403932-29fdf8686a56...
[loaded] 風の音 → https://images.unsplash.com/photo-1626102726295-c595a638aae3...
[loaded] 風船 → https://images.unsplash.com/photo-1671082398025-23b84d9da1fa...
[loaded] 飛ばす → https://images.unsplash.com/photo-1575374748602-816573304fa2...
[loaded] 飛び出す → https://images.unsplash.com/photo-1572797983001-2308a2b22c2d...
[loaded] 飛び出る → https://images.unsplash.com/photo-1572797983001-2308a2b22c2d...
[loaded] 飛び続ける → https://images.unsplash.com/photo-1644654123208-d0e4171ebe26...
[loaded] 食う → https://images.unsplash.com/photo-1532054241088-402b4150db33...
[loaded] 飽きる → https://images.unsplash.com/photo-1585437005549-e58d5b9d6530...
[loaded] 飾る → https://images.unsplash.com/photo-1754732391994-05fe21365b2b...
[cached] 馬鹿 → reused URL for "fool; idiot; stupid"
[loaded] 騒ぐ → https://images.unsplash.com/photo-1692865814917-094cc56c5699...
[loaded] 鳴らす → https://images.unsplash.com/photo-1698912167257-325cbc1cc11f...
[loaded] 黙らせる → https://images.unsplash.com/photo-1636910607987-fe68be944c34...
[loaded] 黙る → https://images.unsplash.com/photo-1740379042083-c6763ab856ae...
[loaded] 闇 → https://images.unsplash.com/photo-1761681362635-7d5959636616...
[loaded] 永遠 → https://images.unsplash.com/photo-1765205450196-c07f8da10f2c...
[loaded] 孤独 → https://images.unsplash.com/photo-1646570960569-a0b28fcf8750...
[loaded] 奇跡 → https://images.unsplash.com/photo-1775135595214-f945982d9cc4...
[429] sleeping 3600s for "existence (object)"
[loaded] 存在 → https://images.unsplash.com/photo-1550056486-8ded219fb769?cr...
[loaded] 心臓 → https://images.unsplash.com/photo-1715111641716-e52694b3e3c1...
[loaded] 温もり → https://images.unsplash.com/photo-1572470705530-396391e85324...
[loaded] 日々 → https://images.unsplash.com/photo-1687585612416-c7e45dbb27d5...
[loaded] 犠牲 → https://images.unsplash.com/photo-1773858746991-b09afc4bd2d9...
[loaded] 衝動 → https://images.unsplash.com/photo-1549706844-23f9ee754ce2?cr...
[loaded] 鼓動 → https://images.unsplash.com/photo-1657035833978-996b9604a7d9...
[loaded] 強がり → https://images.unsplash.com/photo-1770993220820-9a82a6fb129a...
[loaded] 強がる → https://images.unsplash.com/photo-1557919351-47a1f5c3aeaf?cr...
[loaded] 彼方 → https://images.unsplash.com/photo-1619535541830-af170e005ef5...
[loaded] 後悔 → https://images.unsplash.com/photo-1765380079686-b261db3178b7...
[loaded] 情熱 → https://images.unsplash.com/photo-1606964585410-3e25fc6ca56a...
[loaded] 抱きしめる → https://images.unsplash.com/photo-1690646633616-693d0038e37e...
[cached] 暗闇 → reused URL for "darkness"
[loaded] 正義 → https://images.unsplash.com/photo-1593872015620-271fda7c7124...
[loaded] 矛盾 → https://images.unsplash.com/photo-1688497788310-ba259455a0df...
[loaded] 絆 → https://images.unsplash.com/photo-1634139049709-63340b709390...
[loaded] 翼 → https://images.unsplash.com/photo-1653685866955-06017c0d0ead...
[loaded] 誓い → https://images.unsplash.com/photo-1693821064577-6ad7cb45a6a9...
[loaded] 不器用 → https://images.unsplash.com/photo-1649328364839-29451ff58148...
[skipped] no result for "sword (Japanese equivalent of German 'Schwert') (object)" (剣)
[loaded] 呼吸 → https://images.unsplash.com/photo-1715529407915-40e94de2c271...
[loaded] 幻想 → https://images.unsplash.com/photo-1666657730157-164946498fa8...
[loaded] 捧げる → https://images.unsplash.com/photo-1632383380006-513324e4f5b5...
[loaded] 掴む → https://images.unsplash.com/photo-1632383380006-513324e4f5b5...
[loaded] 欠片 → https://images.unsplash.com/photo-1765204809738-e523a1f1d639...
[loaded] 炎 → https://images.unsplash.com/photo-1676655182921-588e22d188a2...
[cached] 生命 → reused URL for "life"
[loaded] 絶望 → https://images.unsplash.com/photo-1619535541830-af170e005ef5...
[skipped] no result for "gaze; line of sight (object)" (視線)
[cached] 証 → reused URL for "proof; evidence"
[loaded] 足跡 → https://images.unsplash.com/photo-1535084559265-9df0b2b54e70...
[loaded] 迷路 → https://images.unsplash.com/photo-1547223487-c0bbe3535bb7?cr...
[cached] 鎖 → reused URL for "chain"
[loaded] 革命 → https://images.unsplash.com/photo-1765380079686-b261db3178b7...
[loaded] 風景 → https://images.unsplash.com/photo-1666704449390-2be78072fe3d...
[cached] ため息 → reused URL for "sigh"
[loaded] ぬくもり → https://images.unsplash.com/photo-1700180511695-3a3ee7cbf960...
[loaded] 一直線 → https://images.unsplash.com/photo-1673617987364-b68daef77ee2...
[loaded] 万歳 → https://images.unsplash.com/photo-1681751864540-a69784754500...
[loaded] 三日月 → https://images.unsplash.com/photo-1763991221325-91fffce03f16...
[loaded] 下校 → https://images.unsplash.com/photo-1697186216555-572c0c5374ac...
[loaded] 主役 → https://images.unsplash.com/photo-1610575836100-f7e56f6b74e1...
[loaded] 予感 → https://images.unsplash.com/photo-1765205450196-c07f8da10f2c...
[loaded] 争い → https://images.unsplash.com/photo-1648020265423-c6cc66a46dd8...
[loaded] 似た者同士 → https://images.unsplash.com/photo-1538305620652-5c6567d839d9...
[loaded] 体温 → https://images.unsplash.com/photo-1700832082353-8d347b12efd5...
[loaded] 使命 → https://images.unsplash.com/photo-1696086152513-c74dc1d4b135...
[loaded] 価値観 → https://images.unsplash.com/photo-1765205450196-c07f8da10f2c...
[loaded] 保証 → https://images.unsplash.com/photo-1591819978718-df46e8394771...
[loaded] 偽り → https://images.unsplash.com/photo-1745116837866-f7f4e21a30b3...
[loaded] 傷口 → https://images.unsplash.com/photo-1765204809738-e523a1f1d639...
[loaded] 傷跡 → https://images.unsplash.com/photo-1585229317172-8dc908496448...
[loaded] 傾く → https://images.unsplash.com/photo-1632383380006-513324e4f5b5...
[loaded] 光り輝く → https://images.unsplash.com/photo-1567629888721-f63fbcff5eed...
[429] sleeping 3600s for "one's turn; cue (object)"
[loaded] 出番 → https://images.unsplash.com/photo-1765551097111-724e1a5cdf8f...
[loaded] 刀 → https://images.unsplash.com/photo-1512928735464-5cc10b1eb091...
[loaded] 切り裂く → https://images.unsplash.com/photo-1698337859888-c7174be6cfec...
[loaded] 別れ道 → https://images.unsplash.com/photo-1603456123784-a2f8d5b18a4e...
[loaded] 勇者 → https://images.unsplash.com/photo-1759488564873-8af17e7eb765...
[loaded] 原動力 → https://images.unsplash.com/photo-1575374748602-816573304fa2...
[loaded] 原点 → https://images.unsplash.com/photo-1585579594636-1f3a03b4287a...
[loaded] 受話器 → https://images.unsplash.com/photo-1774537119214-0f4b881d268c...
[loaded] 合図 → https://images.unsplash.com/photo-1586281289627-112da4546f9b...
[loaded] 名誉 → https://images.unsplash.com/photo-1714051678554-c58a3fbbc176...
[loaded] 向かい風 → https://images.unsplash.com/photo-1581318694548-0fb6e47fe59b...
[loaded] 否定 → https://images.unsplash.com/photo-1636910607290-d8db4b65bdb0...
[cached] 呼吸 → reused URL for "breathing; respiration"
[loaded] 嘆く → https://images.unsplash.com/photo-1597983597953-31a6b9632d33...
[loaded] 器 → https://images.unsplash.com/photo-1741117881770-7c37b824ba9c...
[loaded] 地獄 → https://images.unsplash.com/photo-1700048585552-287a0409d374...
[loaded] 夜道 → https://images.unsplash.com/photo-1685097255456-3f620f1aacff...
[loaded] 大地 → https://images.unsplash.com/photo-1534294228306-bd54eb9a7ba8...
[loaded] 奏でる → https://images.unsplash.com/photo-1766036387562-476134a99d28...
[loaded] 女神 → https://images.unsplash.com/photo-1566454824383-e129678e9394...
[loaded] 寄り添う → https://images.unsplash.com/photo-1601306262162-4233663a4533...
[loaded] 居心地 → https://images.unsplash.com/photo-1759547021608-65738603be69...
[skipped] no result for "development; turn of events (object)" (展開)
[loaded] 巡る → https://images.unsplash.com/photo-1524862655266-89c67a10c4b3...
[loaded] 巨人 → https://images.unsplash.com/photo-1678108293774-2e0fff299545...
[loaded] 弓矢 → https://images.unsplash.com/photo-1703199325705-79cf2d14f6b8...
[cached] 微笑 → reused URL for "smile"
[loaded] 志 → https://images.unsplash.com/photo-1714051678554-c58a3fbbc176...
[loaded] 快晴 → https://images.unsplash.com/photo-1706696951930-6bc6258767b0...
[loaded] 思い出し笑い → https://images.unsplash.com/photo-1651917399412-f3eb2751e57d...
[loaded] 恨み → https://images.unsplash.com/photo-1698337859888-c7174be6cfec...
[loaded] 悪魔 → https://images.unsplash.com/photo-1764037047289-409812550f21...
[loaded] 意志 → https://images.unsplash.com/photo-1714051678554-c58a3fbbc176...
[skipped] no result for "hatred (Japanese equivalent of German 'Hass') (object)" (憎しみ)
[loaded] 成果 → https://images.unsplash.com/photo-1687787416048-d7acdd89bfc3...
[loaded] 戦場 → https://images.unsplash.com/photo-1697791132238-97226bd5ce25...
[loaded] 承知 → https://images.unsplash.com/photo-1553811526-27486ddd0258?cr...
[loaded] 拳 → https://images.unsplash.com/photo-1723961975223-0cd0ead91303...
[loaded] 振り切る → https://images.unsplash.com/photo-1756652343587-d66270c71558...
[loaded] 振り絞る → https://images.unsplash.com/photo-1585437005549-e58d5b9d6530...
[loaded] 支配 → https://images.unsplash.com/photo-1658537637077-6bf71be5898a...
[loaded] 攻める → https://images.unsplash.com/photo-1763888450793-31561d1c271b...
[loaded] 敗北 → https://images.unsplash.com/photo-1651223969333-7a02ad74c4f0...
[loaded] 未完成 → https://images.unsplash.com/photo-1523937986058-3643cb987697...
[loaded] 本音 → https://images.unsplash.com/photo-1607370304980-634eb9ad9f8b...
[loaded] 果実 → https://images.unsplash.com/photo-1543363575-d306a0b37c9c?cr...
[loaded] 横顔 → https://images.unsplash.com/photo-1671278017637-1d55f6a4a88e...
[loaded] 欲望 → https://images.unsplash.com/photo-1765207117080-13a598dde68a...
[loaded] 歪む → https://images.unsplash.com/photo-1693651371733-3d76d7f7dcdf...
[loaded] 死神 → https://images.unsplash.com/photo-1633294261565-04234dc78da5...
[loaded] 水平線 → https://images.unsplash.com/photo-1776894873540-e1228715fae2...
[loaded] 永久 → https://images.unsplash.com/photo-1765205450196-c07f8da10f2c...
[429] sleeping 3600s for "decision; determination (object)"
[loaded] 決断 → https://images.unsplash.com/photo-1758930908722-6f8f561d7473...
[loaded] 法則 → https://images.unsplash.com/photo-1581952373523-f62ff48dd816...
[skipped] no result for "ocean floor; seabed (object)" (海底)
[loaded] 涙声 → https://images.unsplash.com/photo-1649955249894-9a9ccffb4e80...
[loaded] 深呼吸 → https://images.unsplash.com/photo-1439902315629-cd882022cea0...
[loaded] 溶け出す → https://images.unsplash.com/photo-1593640475850-83be133a4663...
[loaded] 火星 → https://images.unsplash.com/photo-1639477735279-c36dda1f7ebb...
[loaded] 灰 → https://images.unsplash.com/photo-1722288906668-428d43f2c09d...
[loaded] 無数 → https://images.unsplash.com/photo-1765205450196-c07f8da10f2c...
[loaded] 犠��� → https://images.unsplash.com/photo-1559622100-05a772c7c626?cr...
[loaded] 狩人 → https://images.unsplash.com/photo-1674557934431-453276373b90...
[loaded] 獣 → https://images.unsplash.com/photo-1634721246937-b31af9bfb773...
[loaded] 獲物 → https://images.unsplash.com/photo-1588516501131-89e4b26013f1...
[loaded] 疑い → https://images.unsplash.com/photo-1642412896492-b067eaeb7928...
[loaded] 目覚め → https://images.unsplash.com/photo-1771245679171-d2bd630aba86...
[skipped] no result for "eyes; pupils (object)" (瞳)
[loaded] 知恵 → https://images.unsplash.com/photo-1644076486477-eabd1d28db99...
[loaded] 破壊 → https://images.unsplash.com/photo-1768055974206-01ca24dc0816...
[loaded] 空想 → https://images.unsplash.com/photo-1734443173253-e82d174702e4...
[loaded] 空白 → https://images.unsplash.com/photo-1591819978718-df46e8394771...
[loaded] 立ち向かう → https://images.unsplash.com/photo-1561149872-0e610fdeb03a?cr...
[loaded] 純粋 → https://images.unsplash.com/photo-1604715822197-c5b9b648cef1...
[loaded] 罠 → https://images.unsplash.com/photo-1620442771341-4e157b3b6cdf...
[loaded] 羽ばたく → https://images.unsplash.com/photo-1713690645585-f189a354d553...
[loaded] 脇役 → https://images.unsplash.com/photo-1668605167154-32068a34599d...
[loaded] 舞う → https://images.unsplash.com/photo-1748107043498-11924d7e1b40...
[loaded] 色褪せる → https://images.unsplash.com/photo-1563480379612-332dcd2a742a...
[loaded] 花びら → https://images.unsplash.com/photo-1759932713423-733d36e415d5...
[loaded] 花束 → https://images.unsplash.com/photo-1610188014296-cc9a2d8226b1...
[loaded] 芽生える → https://images.unsplash.com/photo-1758930908722-6f8f561d7473...
[cached] 英雄 → reused URL for "hero"
[loaded] 菜の花 → https://images.unsplash.com/photo-1655039224643-3ff6db20209f...
[loaded] 落書き → https://images.unsplash.com/photo-1770954245791-2fa91389908a...
[loaded] 蓋 → https://images.unsplash.com/photo-1619535541830-af170e005ef5...
[loaded] 覚悟 (kakugo) → https://images.unsplash.com/photo-1563480379612-332dcd2a742a...
[loaded] 訪れる → https://images.unsplash.com/photo-1698337859888-c7174be6cfec...
[loaded] 許す → https://images.unsplash.com/photo-1607370304980-634eb9ad9f8b...
[loaded] 誓う → https://images.unsplash.com/photo-1561149872-0e610fdeb03a?cr...
[loaded] 貫く → https://images.unsplash.com/photo-1698337859888-c7174be6cfec...
[loaded] 踏み出す → https://images.unsplash.com/photo-1633445431404-c4d732317e67...
[loaded] 軌道 → https://images.unsplash.com/photo-1776287777614-78576d1b0382...
[loaded] 辿り着く → https://images.unsplash.com/photo-1698337859888-c7174be6cfec...
[loaded] 追い風 → https://images.unsplash.com/photo-1661490974146-ff105484d3b4...
[loaded] 透き通る → https://images.unsplash.com/photo-1663465376645-aca0b7c8227a...
[loaded] 進撃 → https://images.unsplash.com/photo-1591819978718-df46e8394771...
[cached] 運命 → reused URL for "fate; destiny"
[loaded] 過ち → https://images.unsplash.com/photo-1684882470309-a23835e8b615...
[skipped] no result for "detour; roundabout way (object)" (遠回り)
[loaded] 集中 → https://images.unsplash.com/photo-1550056486-8ded219fb769?cr...
[loaded] 静けさ → https://images.unsplash.com/photo-1550056486-8ded219fb769?cr...
[loaded] 飛び立つ → https://images.unsplash.com/photo-1554291326-c97d58d6e120?cr...
[skipped] no result for "heights; high place (object)" (高み)
[loaded] 魂 → https://images.unsplash.com/photo-1646570960569-a0b28fcf8750...
[429] sleeping 3600s for "charm, attraction (object)"
[loaded] 魅力 → https://images.unsplash.com/photo-1578086512441-8d26bd048116...
[loaded] 鳥籠 → https://images.unsplash.com/photo-1668237513394-22c6d91e3d85...
[loaded] いつの日 → https://images.unsplash.com/photo-1687585612416-c7e45dbb27d5...
[loaded] うごめく → https://images.unsplash.com/photo-1649859967699-5c60d8d8b5ba...
[loaded] うつむく → https://images.unsplash.com/photo-1583294265510-b0428e1aebd1...
[loaded] うなずく → https://images.unsplash.com/photo-1698337859888-c7174be6cfec...
[loaded] うるとら → https://images.unsplash.com/photo-1649328364839-29451ff58148...
[loaded] おとずれる → https://images.unsplash.com/photo-1585437005549-e58d5b9d6530...
[loaded] おまけ → https://images.unsplash.com/photo-1581952373683-84e93d2e19a1...
[loaded] かけぬける → https://images.unsplash.com/photo-1698337859888-c7174be6cfec...
[cached] かけら → reused URL for "fragment; piece; shard"
[loaded] かたまり → https://images.unsplash.com/photo-1765207681233-1878210749ea...
[loaded] からかう → https://images.unsplash.com/photo-1557919351-47a1f5c3aeaf?cr...
[loaded] からむ → https://images.unsplash.com/photo-1585437005549-e58d5b9d6530...
[loaded] かわす → https://images.unsplash.com/photo-1444460381791-02e0621c12f4...
[loaded] がれーじ → https://images.unsplash.com/photo-1674781886175-8f9d98eef927...
[loaded] きっかけ → https://images.unsplash.com/photo-1651223969333-7a02ad74c4f0...
[cached] きつね → reused URL for "fox"
[loaded] きめる → https://images.unsplash.com/photo-1631237534324-4b961b17b424...
[loaded] きらめかせる → https://images.unsplash.com/photo-1632383380006-513324e4f5b5...
[loaded] きらめき → https://images.unsplash.com/photo-1567629888721-f63fbcff5eed...
[loaded] きらめく → https://images.unsplash.com/photo-1643563599594-3daa2ebdb31d...
[loaded] くぐる → https://images.unsplash.com/photo-1710980191574-1e24cbe64645...
[loaded] くしゃみ → https://images.unsplash.com/photo-1651223969333-7a02ad74c4f0...
[loaded] くも → https://images.unsplash.com/photo-1633173136876-21421f45aebe...
[loaded] くりけっと → https://images.unsplash.com/photo-1587385789097-0197a7fbd179...
[loaded] こする → https://images.unsplash.com/photo-1667803728418-cd471594229f...
[loaded] この世 → https://images.unsplash.com/photo-1533158197987-36cbff1dae9b...
[loaded] こぼす → https://images.unsplash.com/photo-1693651371733-3d76d7f7dcdf...
[loaded] こぼれる → https://images.unsplash.com/photo-1697784481721-ddccd65fac02...
[loaded] こぼれ落ちる → https://images.unsplash.com/photo-1772413438851-f6dd22c7ebe1...
[loaded] こめる → https://images.unsplash.com/photo-1632383380006-513324e4f5b5...
[loaded] こらえる → https://images.unsplash.com/photo-1687787416048-d7acdd89bfc3...
[loaded] こんぱす → https://images.unsplash.com/photo-1651302514811-d066fe98d4bd...
[loaded] こんま → https://images.unsplash.com/photo-1772413438851-f6dd22c7ebe1...
[loaded] ごまかす → https://images.unsplash.com/photo-1753424267062-3568b51d05bd...
[loaded] さまよう → https://images.unsplash.com/photo-1728479223426-653a6b141c21...
[loaded] しくじる → https://images.unsplash.com/photo-1687787416048-d7acdd89bfc3...
[loaded] しぐさ → https://images.unsplash.com/photo-1585059643411-da09ea0c68db...
[loaded] しずく → https://images.unsplash.com/photo-1762655896541-11e9a3dffb3c...
[loaded] しびれる → https://images.unsplash.com/photo-1725209380367-6397251ebad6...
[loaded] しみ込む → https://images.unsplash.com/photo-1765205450196-c07f8da10f2c...
[loaded] しゃがむ → https://images.unsplash.com/photo-1622126324493-ac9742a125f9...
[loaded] しゃれる → https://images.unsplash.com/photo-1592878858320-cec76c56da82...
[loaded] しーん → https://images.unsplash.com/photo-1615486261304-6978e38f377a...
[loaded] じゃぱにーず → https://images.unsplash.com/photo-1714051678554-c58a3fbbc176...
[loaded] すくう → https://images.unsplash.com/photo-1571115738121-1a9aaa31d0b8...
[loaded] すり抜ける → https://images.unsplash.com/photo-1603999489657-3639dc9dd0ea...
[loaded] すれ違い → https://images.unsplash.com/photo-1690646633616-693d0038e37e...
[loaded] すれ違う → https://images.unsplash.com/photo-1693651371733-3d76d7f7dcdf...
[skipped] no result for "line (of dialogue); spoken words (katakana form) (object)" (せりふ)
[loaded] そうとう → https://images.unsplash.com/photo-1608680480325-d3ec3cdf7e60...
[429] sleeping 3600s for "to turn away; to avert (eyes, attention) (action)"
[loaded] そらす → https://images.unsplash.com/photo-1698337859888-c7174be6cfec...
[loaded] たどり着く → https://images.unsplash.com/photo-1698337859888-c7174be6cfec...
[skipped] no result for "tanuki; raccoon dog (object)" (たぬき)
[loaded] ためらう → https://images.unsplash.com/photo-1600601904122-d12ee8933d76...
[loaded] つぶやく → https://images.unsplash.com/photo-1561149872-0e610fdeb03a?cr...
[loaded] つまずく → https://images.unsplash.com/photo-1649328364839-29451ff58148...
[loaded] つま先 → https://images.unsplash.com/photo-1619535541830-af170e005ef5...
[loaded] てっぺん → https://images.unsplash.com/photo-1602168405001-4c74458e1170...
[loaded] とびら → https://images.unsplash.com/photo-1698337859888-c7174be6cfec...
[loaded] とらぶる → https://images.unsplash.com/photo-1649328364839-29451ff58148...
[loaded] とろんぼーん → https://images.unsplash.com/photo-1683723484527-348a2e101d38...
[loaded] どらまてぃっく → https://images.unsplash.com/photo-1649859967699-5c60d8d8b5ba...
[loaded] なす → https://images.unsplash.com/photo-1524862655266-89c67a10c4b3...
[loaded] なぞる → https://images.unsplash.com/photo-1772400136382-4e9d708f4107...
[loaded] なでる → https://images.unsplash.com/photo-1557919351-47a1f5c3aeaf?cr...
[loaded] にぎわう → https://images.unsplash.com/photo-1638895385677-fbbae8e9f8cf...
[skipped] no result for "to beg; to pester for; to wheedle (action)" (ねだる)
[loaded] ねっく → https://images.unsplash.com/photo-1681937425985-e6766b090115...
[loaded] のぞく → https://images.unsplash.com/photo-1626993562896-4bcc5ba2c08e...
[loaded] のり → https://images.unsplash.com/photo-1551783395-df455ddbc86b?cr...
[skipped] no result for "highway; expressway (object)" (はいうぇい)
[loaded] はぐ → https://images.unsplash.com/photo-1690646633616-693d0038e37e...
[loaded] はぐれる → https://images.unsplash.com/photo-1698337859888-c7174be6cfec...
[loaded] はしゃぐ → https://images.unsplash.com/photo-1666278749123-6cc58220fda9...
[loaded] はじける → https://images.unsplash.com/photo-1591819978718-df46e8394771...
[loaded] はみ出す → https://images.unsplash.com/photo-1693821064577-6ad7cb45a6a9...
[skipped] no result for "to spread out (transitive); make extend (here in causative passive) (action)" (はらす)
[loaded] ばら撒く → https://images.unsplash.com/photo-1651223969333-7a02ad74c4f0...
[loaded] ばれる → https://images.unsplash.com/photo-1557919351-47a1f5c3aeaf?cr...
[loaded] ぱたーん → https://images.unsplash.com/photo-1649328364839-29451ff58148...
[loaded] ぱにっく → https://images.unsplash.com/photo-1550056486-8ded219fb769?cr...
[cached] ぱらだいす → reused URL for "paradise (loanword)"
[loaded] ひっくり返す → https://images.unsplash.com/photo-1603999489657-3639dc9dd0ea...
[loaded] ひとかけら → https://images.unsplash.com/photo-1765205616467-ee38b92b3531...
[skipped] no result for "sunny place; sunshine (object)" (ひなた)
[loaded] ひび → https://images.unsplash.com/photo-1705239056820-eea7d32c69bf...
[skipped] no result for "clown; pierrot (object)" (ぴえろ)
[loaded] ぴっち → https://images.unsplash.com/photo-1620642477222-7aef692dd0df...
[skipped] no result for "to joke; to mess around; to fool around (action)" (ふざける)
[loaded] ぶっ飛ばす → https://images.unsplash.com/photo-1572203066779-2dc97e95eaf4...
[skipped] no result for "navel; belly button (object)" (へそ)
[loaded] ぺだる → https://images.unsplash.com/photo-1474633677830-f3973595d573...
[loaded] ほどく → https://images.unsplash.com/photo-1765205450196-c07f8da10f2c...
[loaded] ほどける → https://images.unsplash.com/photo-1753424267062-3568b51d05bd...
[loaded] まぐれ → https://images.unsplash.com/photo-1693733470033-c628154571b2...
[loaded] まんぷく → https://images.unsplash.com/photo-1734436387925-e8d4703c8539...
[skipped] no result for "to regard as; to consider as; to deem (action)" (みなす)
[loaded] むら → https://images.unsplash.com/photo-1550056486-8ded219fb769?cr...
[loaded] めぐる → https://images.unsplash.com/photo-1696017953177-648da8dcf585...
[loaded] もやもや → https://images.unsplash.com/photo-1698337859888-c7174be6cfec...
[loaded] やらかす → https://images.unsplash.com/photo-1573187522488-a6d6176a43d9...
[429] sleeping 3600s for "reason; logic; argument (stylized katakana of 理屈) (object)"
[skipped] no result for "reason; logic; argument (stylized katakana of 理屈) (object)" (りくつ)
[loaded] るーと → https://images.unsplash.com/photo-1700593739247-5bd86cd6425e...
[loaded] アクセル → https://images.unsplash.com/photo-1581719795311-a65c33239f8a...
[loaded] エゴ → https://images.unsplash.com/photo-1651223969333-7a02ad74c4f0...
[skipped] no result for "episode; anecdote (object)" (エピソード)
[loaded] エール → https://images.unsplash.com/photo-1687585612416-c7e45dbb27d5...
[loaded] カウント → https://images.unsplash.com/photo-1662915028472-0336a597bb6c...
[loaded] カラクチ → https://images.unsplash.com/photo-1650080892550-c3a9a3ed1345...
[loaded] ガラ空き → https://images.unsplash.com/photo-1692865814917-094cc56c5699...
[skipped] no result for "bond; tie (絆 in katakana) (object)" (キズナ)
[skipped] no result for "miracle (奇跡 in katakana for emphasis) (object)" (キセキ)
[loaded] キャンバス → https://images.unsplash.com/photo-1658828570235-a32d86196580...
[loaded] クリア → https://images.unsplash.com/photo-1631786083436-02d4b1c98207...
[loaded] コントロール → https://images.unsplash.com/photo-1777115970609-ada4bda19e63...
[loaded] ゴールデンタイム → https://images.unsplash.com/photo-1774875711463-2096709e4594...
[loaded] シナリオ → https://images.unsplash.com/photo-1591819978718-df46e8394771...
[loaded] シルシ → https://images.unsplash.com/photo-1732997345946-700efbeb42e9...
[cached] ジョーク → reused URL for "joke"
[loaded] センス → https://images.unsplash.com/photo-1637054235810-19d180efff41...
[loaded] タイミング → https://images.unsplash.com/photo-1634375272898-a63e01c49ca7...
[loaded] ターゲット → https://images.unsplash.com/photo-1668041107135-5f8cbd1cfc50...
[loaded] ダントツ → https://images.unsplash.com/photo-1693625567046-57353371bf5e...
[loaded] トゲ → https://images.unsplash.com/photo-1638370039625-9de5aecda89e...
[loaded] ニワカ雨 → https://images.unsplash.com/photo-1692978128612-22cbff47fdec...
[loaded] ネガティブ → https://images.unsplash.com/photo-1765205714558-257ce3da3fb6...
[loaded] ネズミ色 → https://images.unsplash.com/photo-1660323496955-a0fa4fcfbb48...
[loaded] ノイズ → https://images.unsplash.com/photo-1651223969333-7a02ad74c4f0...
[loaded] ハチャメチャ → https://images.unsplash.com/photo-1652000026098-8597e0646312...
[loaded] ハマる → https://images.unsplash.com/photo-1725209380367-6397251ebad6...
[loaded] バックれる → https://images.unsplash.com/photo-1693821064577-6ad7cb45a6a9...
[loaded] パレット → https://images.unsplash.com/photo-1704806940833-9777a8f52c28...
[loaded] パレード → https://images.unsplash.com/photo-1744919209489-d9adcc6e6e86...
[loaded] ビー玉 → https://images.unsplash.com/photo-1740853330236-3438c0ce0121...
[loaded] ピカイチ → https://images.unsplash.com/photo-1619535541830-af170e005ef5...
[cached] プライド → reused URL for "pride"
[loaded] プレッシャー → https://images.unsplash.com/photo-1776263893216-a6837faedb87...
[loaded] ヘヴィー級 → https://images.unsplash.com/photo-1652364649008-99b647d0d1d0...
[loaded] ペース → https://images.unsplash.com/photo-1668358554066-56b68095d219...
[loaded] ポーカー → https://images.unsplash.com/photo-1674707173845-0402bc18e174...
[skipped] no result for "minor (music key); minor; obscure (object)" (マイナー)
[loaded] マスター → https://images.unsplash.com/photo-1598978458053-d740c5aae5d6...
[loaded] ミシン → https://images.unsplash.com/photo-1658064830736-dcdb81dfbbc8...
[cached] メロディー → reused URL for "melody"
[loaded] ラストシーン → https://images.unsplash.com/photo-1608568206954-7b66fdbb5c11...
[loaded] リスク → https://images.unsplash.com/photo-1765380079686-b261db3178b7...
[loaded] リミット → https://images.unsplash.com/photo-1606964585410-3e25fc6ca56a...
[loaded] ロール → https://images.unsplash.com/photo-1587753792992-1f4e72bb4ed2...
[loaded] ワンパク → https://images.unsplash.com/photo-1725209380367-6397251ebad6...
[loaded] 一人ぼっち → https://images.unsplash.com/photo-1750080127000-6e15da0e95b9...
[loaded] 一掴み → https://images.unsplash.com/photo-1585059643411-da09ea0c68db...
[loaded] 一文字 → https://images.unsplash.com/photo-1667840578978-9fe7fe5c0bc2...
[loaded] 一本橋 → https://images.unsplash.com/photo-1563290720-cdd4acf1830e?cr...
[loaded] 一番星 → https://images.unsplash.com/photo-1777104348519-7077eb31ae59...
[429] sleeping 3600s for "a line, boundary (object)"
[loaded] 一線 → https://images.unsplash.com/photo-1687585612713-2b25329a5fb5...
[loaded] 上昇 → https://images.unsplash.com/photo-1644618489004-557f68b7d89e...
[skipped] no result for "geta (traditional Japanese wooden clogs) (object)" (下駄)
[loaded] 世紀末 → https://images.unsplash.com/photo-1765206772291-0d27afba4f25...
[loaded] 世間 → https://images.unsplash.com/photo-1714051678554-c58a3fbbc176...
[loaded] 並 → https://images.unsplash.com/photo-1698337859888-c7174be6cfec...
[loaded] 中道 → https://images.unsplash.com/photo-1772400136382-4e9d708f4107...
[loaded] 丸める → https://images.unsplash.com/photo-1588694818493-d262501f4511...
[loaded] 主張 → https://images.unsplash.com/photo-1591819978718-df46e8394771...
[loaded] 乗り越える → https://images.unsplash.com/photo-1693821064577-6ad7cb45a6a9...
[loaded] 乗り込む → https://images.unsplash.com/photo-1613299088302-96ade49d6d5c...
[loaded] 乱す → https://images.unsplash.com/photo-1600710358130-becc79f7f9b2...
[loaded] 乱れる → https://images.unsplash.com/photo-1550379877-456d16c9fa13?cr...
[loaded] 争う → https://images.unsplash.com/photo-1747331796135-0e2354a712e4...
[loaded] 事態 → https://images.unsplash.com/photo-1651223969333-7a02ad74c4f0...
[loaded] 交わす → https://images.unsplash.com/photo-1591819978718-df46e8394771...
[loaded] 交わる → https://images.unsplash.com/photo-1591819978718-df46e8394771...
[loaded] 交差 → https://images.unsplash.com/photo-1722179638482-f4e0e162ca2a...
[loaded] 人ごみ → https://images.unsplash.com/photo-1641754349505-f7ecb101b3b8...
[loaded] 人類 → https://images.unsplash.com/photo-1634274685483-a2b1e9f9059a...
[loaded] 今時 → https://images.unsplash.com/photo-1687585612416-c7e45dbb27d5...
[loaded] 仕掛け → https://images.unsplash.com/photo-1621751246285-d6c122431a34...
[loaded] 仕掛ける → https://images.unsplash.com/photo-1591819978718-df46e8394771...
[loaded] 仕組み → https://images.unsplash.com/photo-1621751246285-d6c122431a34...
[loaded] 仕草 → https://images.unsplash.com/photo-1585059643411-da09ea0c68db...
[loaded] 仕込む → https://images.unsplash.com/photo-1696690184741-7c441ca00fa1...
[loaded] 仮面 → https://images.unsplash.com/photo-1666127394361-a90c56029cbb...
[loaded] 伏せる → https://images.unsplash.com/photo-1619535541830-af170e005ef5...
[loaded] 住みつく → https://images.unsplash.com/photo-1587954572991-f4ed9bbd46c7...
[loaded] 作り出す → https://images.unsplash.com/photo-1731957136924-f22525b3aafb...
[loaded] 使い切る → https://images.unsplash.com/photo-1707237897745-1f0097cf43e0...
[skipped] no result for "to compare; to liken; to use as a metaphor (action)" (例える)
[loaded] 信頼 → https://images.unsplash.com/photo-1517488948216-e473cee81e23...
[skipped] no result for "correction; revision; amendment (object)" (修正)
[loaded] 偏見 → https://images.unsplash.com/photo-1563480379612-332dcd2a742a...
[loaded] 偶然 → https://images.unsplash.com/photo-1550056486-8ded219fb769?cr...
[loaded] 傷付ける → https://images.unsplash.com/photo-1585437005549-e58d5b9d6530...
[loaded] 元通り → https://images.unsplash.com/photo-1765205616467-ee38b92b3531...
[loaded] 全力 → https://images.unsplash.com/photo-1638895385677-fbbae8e9f8cf...
[loaded] 全身 → https://images.unsplash.com/photo-1725846935263-e1770b218482...
[loaded] 全開 → https://images.unsplash.com/photo-1744800910578-89c9bdcc3384...
[loaded] 兵隊 → https://images.unsplash.com/photo-1697791132238-97226bd5ce25...
[skipped] no result for "typical example; archetype (object)" (典型)
[loaded] 再会 → https://images.unsplash.com/photo-1653849533292-24d1acbb611f...
[loaded] 再生 → https://images.unsplash.com/photo-1537408707085-6474791df273...
[loaded] 凝らす → https://images.unsplash.com/photo-1637054235856-429a094805f9...
[loaded] 出し切る → https://images.unsplash.com/photo-1632383380006-513324e4f5b5...
[loaded] 分かち合う → https://images.unsplash.com/photo-1651223969333-7a02ad74c4f0...
[loaded] 分け合う → https://images.unsplash.com/photo-1561149872-0e610fdeb03a?cr...
[loaded] 切らす → https://images.unsplash.com/photo-1693138586657-12a34c044642...
[429] sleeping 3600s for "to cut out / quarry (action)"
[loaded] 切り出す → https://images.unsplash.com/photo-1689596312049-0a21da693515...
[loaded] 切り離す → https://images.unsplash.com/photo-1603999489657-3639dc9dd0ea...
[loaded] 初夏 → https://images.unsplash.com/photo-1561553002-c3e6cc96be37?cr...
[loaded] 初期 → https://images.unsplash.com/photo-1631786083436-02d4b1c98207...
[loaded] 制限 → https://images.unsplash.com/photo-1640724051252-63d5df77d6ba...
[loaded] 刺さる → https://images.unsplash.com/photo-1632383380006-513324e4f5b5...
[loaded] 刺す → https://images.unsplash.com/photo-1632383380006-513324e4f5b5...
[loaded] 刺激 → https://images.unsplash.com/photo-1567629888721-f63fbcff5eed...
[loaded] 刻む → https://images.unsplash.com/photo-1620433042638-c9a00b98637c...
[loaded] 削る → https://images.unsplash.com/photo-1603999489657-3639dc9dd0ea...
[loaded] 前向き → https://images.unsplash.com/photo-1698337859888-c7174be6cfec...
[loaded] 剥がれる → https://images.unsplash.com/photo-1581287267007-791db527f945...
[loaded] 剥く → https://images.unsplash.com/photo-1693651371733-3d76d7f7dcdf...
[loaded] 加速 → https://images.unsplash.com/photo-1730563928956-e5222acf74f1...
[loaded] 励ます → https://images.unsplash.com/photo-1692970969860-fe4c42c92cef...
[loaded] 勘弁 → https://images.unsplash.com/photo-1756652343587-d66270c71558...
[loaded] 勝ちとる → https://images.unsplash.com/photo-1632383380006-513324e4f5b5...
[loaded] 勝ち負け → https://images.unsplash.com/photo-1712473292915-4a668839fc0a...
[loaded] 勝者 → https://images.unsplash.com/photo-1771594836619-56c7dbd96405...
[loaded] 包み込む → https://images.unsplash.com/photo-1605364850023-a917c39f8fe9...
[skipped] no result for "to transform; to take on a different form (action)" (化ける)
[loaded] 化け物 → https://images.unsplash.com/photo-1757737488179-242faabe5d14...
[loaded] 半端 → https://images.unsplash.com/photo-1642292133258-0fe28119fefc...
[loaded] 協会 → https://images.unsplash.com/photo-1585324995538-56c2a5477130...
[loaded] 占う → https://images.unsplash.com/photo-1550379877-456d16c9fa13?cr...
[loaded] 印す → https://images.unsplash.com/photo-1577950248429-7530424d9682...
[loaded] 去る → https://images.unsplash.com/photo-1632383380006-513324e4f5b5...
[loaded] 反則 → https://images.unsplash.com/photo-1604715822197-c5b9b648cef1...
[loaded] 反射 → https://images.unsplash.com/photo-1727396560971-a65939f6b8e1...
[loaded] 反抗 → https://images.unsplash.com/photo-1563480379612-332dcd2a742a...
[loaded] 反撃 → https://images.unsplash.com/photo-1679387062363-f589df49da6f...
[loaded] 取り上げる → https://images.unsplash.com/photo-1692865814917-094cc56c5699...
[loaded] 取り残す → https://images.unsplash.com/photo-1588031710692-25195b092ab1...
[loaded] 受け止める → https://images.unsplash.com/photo-1632383380006-513324e4f5b5...
[loaded] 口実 → https://images.unsplash.com/photo-1591819978718-df46e8394771...
[loaded] 口癖 → https://images.unsplash.com/photo-1588694818493-d262501f4511...
[loaded] 叫び → https://images.unsplash.com/photo-1617209689367-2c367c7d8b2c...
[loaded] 台詞 → https://images.unsplash.com/photo-1753198151600-85828558db90...
[loaded] 合間 → https://images.unsplash.com/photo-1777566976767-b29d118734a6...
[loaded] 同士 → https://images.unsplash.com/photo-1714051678554-c58a3fbbc176...
[loaded] 名付ける → https://images.unsplash.com/photo-1632383380006-513324e4f5b5...
[loaded] 吐き出す → https://images.unsplash.com/photo-1725209380367-6397251ebad6...
[loaded] 吐く → https://images.unsplash.com/photo-1692970969860-fe4c42c92cef...
[loaded] 向かい合う → https://images.unsplash.com/photo-1632383380006-513324e4f5b5...
[loaded] 吠える → https://images.unsplash.com/photo-1732705412345-0697a01d168b...
[loaded] 吸い込む → https://images.unsplash.com/photo-1693138586657-12a34c044642...
[loaded] 吹き飛ばす → https://images.unsplash.com/photo-1603999489657-3639dc9dd0ea...
[loaded] 吹き飛ぶ → https://images.unsplash.com/photo-1572203066779-2dc97e95eaf4...
[loaded] 吹雪 → https://images.unsplash.com/photo-1671619161977-f02d590dd367...
[loaded] 吼える → https://images.unsplash.com/photo-1732705412345-0697a01d168b...
[429] sleeping 3600s for "to be amazed; to be dumbfounded; to be fed up (action)"
[loaded] 呆れる → https://images.unsplash.com/photo-1638895385677-fbbae8e9f8cf...
[loaded] 告げる → https://images.unsplash.com/photo-1591819978718-df46e8394771...
[loaded] 告白 → https://images.unsplash.com/photo-1690646633616-693d0038e37e...
[loaded] 呑み込む → https://images.unsplash.com/photo-1603999489657-3639dc9dd0ea...
[loaded] 呑む → https://images.unsplash.com/photo-1603999489657-3639dc9dd0ea...
[loaded] 呪い → https://images.unsplash.com/photo-1559622100-05a772c7c626?cr...
[loaded] 呼びかける → https://images.unsplash.com/photo-1762573122282-b39d58b254cd...
[loaded] 唄 → https://images.unsplash.com/photo-1573247318220-c2683ee87351...
[loaded] 唄う → https://images.unsplash.com/photo-1573247318220-c2683ee87351...
[loaded] 唇 → https://images.unsplash.com/photo-1523374387355-b80ae0e4c776...
[loaded] 唾 → https://images.unsplash.com/photo-1642292133258-0fe28119fefc...
[loaded] 問いかける → https://images.unsplash.com/photo-1663465374413-83cba00bff6f...
[loaded] 問う → https://images.unsplash.com/photo-1598618443812-a62a7e0c41fc...
[loaded] 善 → https://images.unsplash.com/photo-1551783395-df455ddbc86b?cr...
[loaded] 喜ばす → https://images.unsplash.com/photo-1600601904122-d12ee8933d76...
[loaded] 嗅ぐ → https://images.unsplash.com/photo-1637054235856-429a094805f9...
[loaded] 噛み合う → https://images.unsplash.com/photo-1620681469926-a32dcd3582d3...
[skipped] no result for "state; nation; country (object)" (国家)
[loaded] 地上 → https://images.unsplash.com/photo-1742412615444-8d8d8c66f94f...
[loaded] 地平線 → https://images.unsplash.com/photo-1706285669961-9e8d670ec87c...
[loaded] 坂道 → https://images.unsplash.com/photo-1668095618740-9030ea665e46...
[loaded] 埋もれる → https://images.unsplash.com/photo-1612181170816-b81f344fcd63...
[loaded] 堕ちる → https://images.unsplash.com/photo-1765205616467-ee38b92b3531...
[loaded] 堪える → https://images.unsplash.com/photo-1561149872-0e610fdeb03a?cr...
[loaded] 堪える → https://images.unsplash.com/photo-1561149872-0e610fdeb03a?cr...
[loaded] 塞ぐ → https://images.unsplash.com/photo-1679021408041-52b0e8c9febb...
[loaded] 墜ちる → https://images.unsplash.com/photo-1757801898987-5a492c85bd53...
[loaded] 売り渡す → https://images.unsplash.com/photo-1700847304964-9fe563059742...
[loaded] 変化 → https://images.unsplash.com/photo-1631122439414-57ee0a1e26c9...
[loaded] 夕 → https://images.unsplash.com/photo-1620457727948-729eeacd6681...
[loaded] 外れ → https://images.unsplash.com/photo-1614838285609-6a5deb7501ca...
[loaded] 夢みる → https://images.unsplash.com/photo-1734443173253-e82d174702e4...
[loaded] 奪う → https://images.unsplash.com/photo-1632383380006-513324e4f5b5...
[loaded] 好奇心 → https://images.unsplash.com/photo-1769081372597-cfefeee9a260...
[loaded] 妖怪 → https://images.unsplash.com/photo-1744790401827-c6cfae326321...
[loaded] 学歴 → https://images.unsplash.com/photo-1596168119695-b92d5af0a9cb...
[loaded] 宇宙 → https://images.unsplash.com/photo-1765207663362-bad07a16fbb4...
[loaded] 完了 → https://images.unsplash.com/photo-1519001904187-92788a1b784d...
[loaded] 定める → https://images.unsplash.com/photo-1632383380006-513324e4f5b5...
[skipped] no result for "treasure island (object)" (宝島)
[loaded] 宝石 → https://images.unsplash.com/photo-1710211288777-e1558970d85c...
[loaded] 実る → https://images.unsplash.com/photo-1766186157179-fa664c339ab0...
[loaded] 実行 → https://images.unsplash.com/photo-1765207569957-bbc3e2e8af8c...
[loaded] 寄せる → https://images.unsplash.com/photo-1603999489657-3639dc9dd0ea...
[loaded] 寄り道 → https://images.unsplash.com/photo-1644579137224-ed7c897488be...
[loaded] 寸前 → https://images.unsplash.com/photo-1692970969860-fe4c42c92cef...
[loaded] 射す → https://images.unsplash.com/photo-1558188811-e53cf03056cd?cr...
[loaded] 射る → https://images.unsplash.com/photo-1485802240079-a8245c843b95...
[loaded] 導く → https://images.unsplash.com/photo-1693651371733-3d76d7f7dcdf...
[loaded] 少数 → https://images.unsplash.com/photo-1592245942419-34640cc323be...
[429] sleeping 3600s for "to run out; to be exhausted (action)"
[loaded] 尽きる → https://images.unsplash.com/photo-1638895385677-fbbae8e9f8cf...
[loaded] 尽くす → https://images.unsplash.com/photo-1765205450196-c07f8da10f2c...
[loaded] 居場所 → https://images.unsplash.com/photo-1565156607188-da48d8459354...
[loaded] 山積み → https://images.unsplash.com/photo-1731349604196-0e24604a70a6...
[loaded] 崖 → https://images.unsplash.com/photo-1622486095172-be6a6092a826...
[loaded] 巡り → https://images.unsplash.com/photo-1742906772308-f66958d300c8...
[loaded] 巡りあう → https://images.unsplash.com/photo-1726377240070-19b747fc9f19...
[loaded] 巡り合い → https://images.unsplash.com/photo-1550056486-8ded219fb769?cr...
[loaded] 差し出す → https://images.unsplash.com/photo-1591819978718-df46e8394771...
[loaded] 差し込む → https://images.unsplash.com/photo-1632383380006-513324e4f5b5...
[loaded] 差す → https://images.unsplash.com/photo-1577720086808-ee62b140bc0e...
[loaded] 巻き上げる → https://images.unsplash.com/photo-1649859967699-5c60d8d8b5ba...
[loaded] 巻き込む → https://images.unsplash.com/photo-1693138586657-12a34c044642...
[loaded] 常識 → https://images.unsplash.com/photo-1765205450196-c07f8da10f2c...
[loaded] 幕 → https://images.unsplash.com/photo-1772266388071-6148c887fbb4...
[loaded] 平行線 → https://images.unsplash.com/photo-1745173039201-19600023aa2c...
[loaded] 年賀状 → https://images.unsplash.com/photo-1577653937349-5d89575eaf3e...
[loaded] 庇う → https://images.unsplash.com/photo-1585842630086-17ecd5af4496...
[loaded] 座り込む → https://images.unsplash.com/photo-1603999489657-3639dc9dd0ea...
[skipped] no result for "to revolve; to go around (variant of 巡る) (action)" (廻る)
[loaded] 引きずる → https://images.unsplash.com/photo-1601306262162-4233663a4533...
[loaded] 引きとめる → https://images.unsplash.com/photo-1698337859888-c7174be6cfec...
[loaded] 引き寄せる → https://images.unsplash.com/photo-1603999489657-3639dc9dd0ea...
[loaded] 引き換え → https://images.unsplash.com/photo-1690233655327-49c414d86b00...
[skipped] no result for "to exchange; to trade in for (action)" (引き換える)
[loaded] 引き摺る → https://images.unsplash.com/photo-1763738173505-c4e0e4e09c2e...
[skipped] no result for "turning back (noun form of 引き返す) (object)" (引き返し)
[loaded] 引き返す → https://images.unsplash.com/photo-1698337859888-c7174be6cfec...
[loaded] 引き金 → https://images.unsplash.com/photo-1583312736215-675896e24e27...
[loaded] 弱虫 → https://images.unsplash.com/photo-1585437005549-e58d5b9d6530...
[skipped] no result for "to vie, compete with (action)" (張り合う)
[loaded] 弾 → https://images.unsplash.com/photo-1598390101216-28c4587fe62d...
[loaded] 弾く → https://images.unsplash.com/photo-1755900094171-4c446d65f8ae...
[loaded] 弾ける → https://images.unsplash.com/photo-1591819978718-df46e8394771...
[loaded] 当て → https://images.unsplash.com/photo-1567473031096-c4961b38be9b...
[cached] 往く → reused URL for "to go; to proceed (literary variant of 行く)"
[loaded] 後ろ姿 → https://images.unsplash.com/photo-1650855976839-5ca1e85cf34e...
[loaded] 後先 → https://images.unsplash.com/photo-1550056486-8ded219fb769?cr...
[loaded] 得る → https://images.unsplash.com/photo-1765205498852-00513195dd1c...
[loaded] 微熱 → https://images.unsplash.com/photo-1693821064577-6ad7cb45a6a9...
[loaded] 微笑む → https://images.unsplash.com/photo-1705504613777-0724b5e4ef1a...
[loaded] 応答 → https://images.unsplash.com/photo-1591819978718-df46e8394771...
[loaded] 怒らす → https://images.unsplash.com/photo-1617209689367-2c367c7d8b2c...
[loaded] 怒り → https://images.unsplash.com/photo-1685910689957-142c59d66aa1...
[loaded] 思いやり → https://images.unsplash.com/photo-1758930908722-6f8f561d7473...
[loaded] 思い込む → https://images.unsplash.com/photo-1765205450196-c07f8da10f2c...
[loaded] 思い通り → https://images.unsplash.com/photo-1765204033390-fdc147420190...
[loaded] 急く → https://images.unsplash.com/photo-1649328364839-29451ff58148...
[loaded] 恋心 → https://images.unsplash.com/photo-1726377362206-4ee44eff5646...
[loaded] 恐れ → https://images.unsplash.com/photo-1698337859888-c7174be6cfec...
[loaded] 恐竜 → https://images.unsplash.com/photo-1521988925010-ae9b5332edd3...
[429] sleeping 3600s for "to be ashamed; to feel shame (action)"
[loaded] 恥じる → https://images.unsplash.com/photo-1638895385677-fbbae8e9f8cf...
[loaded] 恨む → https://images.unsplash.com/photo-1561149872-0e610fdeb03a?cr...
[loaded] 恵まれる → https://images.unsplash.com/photo-1762354766808-92f8ad416174...
[loaded] 悩ます → https://images.unsplash.com/photo-1557919351-47a1f5c3aeaf?cr...
[loaded] 悪 → https://images.unsplash.com/photo-1760564704843-07b22892b0bf...
[loaded] 悪人 → https://images.unsplash.com/photo-1759836031461-e7bf3e366b1e...
[loaded] 悪戯 → https://images.unsplash.com/photo-1550056486-8ded219fb769?cr...
[loaded] 想定 → https://images.unsplash.com/photo-1583809736499-09038f92da11...
[loaded] 意地 → https://images.unsplash.com/photo-1563480379612-332dcd2a742a...
[loaded] 意思 → https://images.unsplash.com/photo-1765205450196-c07f8da10f2c...
[loaded] 愛想 → https://images.unsplash.com/photo-1567629888721-f63fbcff5eed...
[loaded] 感覚 → https://images.unsplash.com/photo-1637054235390-3cb7b0a0d8b1...
[loaded] 慰め → https://images.unsplash.com/photo-1523951778169-4cb35545bfa2...
[loaded] 憎む → https://images.unsplash.com/photo-1651223969333-7a02ad74c4f0...
[loaded] 我々 → https://images.unsplash.com/photo-1765207117080-13a598dde68a...
[loaded] 戦士 → https://images.unsplash.com/photo-1760637625835-d7be62cccaa2...
[loaded] 戸惑い → https://images.unsplash.com/photo-1688497788310-ba259455a0df...
[loaded] 戸惑う → https://images.unsplash.com/photo-1585437005549-e58d5b9d6530...
[skipped] no result for "at hand; on hand; within reach (object)" (手元)
[loaded] 手放す → https://images.unsplash.com/photo-1693651371733-3d76d7f7dcdf...
[loaded] 打ち込む → https://images.unsplash.com/photo-1632383380006-513324e4f5b5...
[loaded] 抑える → https://images.unsplash.com/photo-1591819978718-df46e8394771...
[loaded] 投げ出す → https://images.unsplash.com/photo-1632383380006-513324e4f5b5...
[loaded] 投げ捨てる → https://images.unsplash.com/photo-1569929232302-7f89963ea179...
[loaded] 抜かす → https://images.unsplash.com/photo-1693651371733-3d76d7f7dcdf...
[loaded] 抜け出す → https://images.unsplash.com/photo-1543017471-62c14029f7ce?cr...
[loaded] 抱きしめ合う → https://images.unsplash.com/photo-1690646633616-693d0038e37e...
[loaded] 抱き締める → https://images.unsplash.com/photo-1690646633616-693d0038e37e...
[loaded] 抱く → https://images.unsplash.com/photo-1557919351-47a1f5c3aeaf?cr...
[loaded] 押し付ける → https://images.unsplash.com/photo-1765205450196-c07f8da10f2c...
[loaded] 押し寄せる → https://images.unsplash.com/photo-1698337859888-c7174be6cfec...
[loaded] 押し流す → https://images.unsplash.com/photo-1603999489657-3639dc9dd0ea...
[loaded] 担う → https://images.unsplash.com/photo-1666330340347-12f594117582...
[skipped] no result for "to bring together; to contribute (each one bringing something) (action)" (持ち寄る)
[loaded] 指先 → https://images.unsplash.com/photo-1723961975320-d75e7bc800c6...
[loaded] 指差す → https://images.unsplash.com/photo-1698729821220-a52dca70bb82...
[loaded] 挑戦者 → https://images.unsplash.com/photo-1676652027956-e7f9f81c88ff...
[loaded] 振り上げる → https://images.unsplash.com/photo-1660712479098-2f6c6a346fb3...
[loaded] 振り回す → https://images.unsplash.com/photo-1588019787615-e9a5acdf3271...
[loaded] 振動 → https://images.unsplash.com/photo-1693220019151-d1508874522b...
[loaded] 捉える → https://images.unsplash.com/photo-1585437005549-e58d5b9d6530...
[loaded] 捕らわれる → https://images.unsplash.com/photo-1638895385677-fbbae8e9f8cf...
[loaded] 捻る → https://images.unsplash.com/photo-1651223969333-7a02ad74c4f0...
[loaded] 探し出す → https://images.unsplash.com/photo-1603999489657-3639dc9dd0ea...
[loaded] 探る → https://images.unsplash.com/photo-1557919351-47a1f5c3aeaf?cr...
[cached] 掬う → reused URL for "to scoop up; to ladle out"
[loaded] 掴み取る → https://images.unsplash.com/photo-1692865814917-094cc56c5699...
[loaded] 掻く → https://images.unsplash.com/photo-1692865814917-094cc56c5699...
[loaded] 描き出す → https://images.unsplash.com/photo-1603999489657-3639dc9dd0ea...
[loaded] 握りしめる → https://images.unsplash.com/photo-1632383380006-513324e4f5b5...
[cached] 握り締める → reused URL for "to grasp tightly; to clench"
[loaded] 揺さぶる → https://images.unsplash.com/photo-1650577586112-0c68d21c5126...
[429] sleeping 3600s for "to shake; to sway; to rock (action)"
[loaded] 揺らす → https://images.unsplash.com/photo-1628059531307-a7f003ed53d2...
[loaded] 撃つ → https://images.unsplash.com/photo-1630267250808-b55aa2f91d6a...
[loaded] 撫でる → https://images.unsplash.com/photo-1763048819607-ea55217cff34...
[loaded] 支える → https://images.unsplash.com/photo-1713362758789-2530a5fa724a...
[loaded] 改革 → https://images.unsplash.com/photo-1598618253237-217da2e5ecf4...
[loaded] 放つ → https://images.unsplash.com/photo-1651223969333-7a02ad74c4f0...
[loaded] 放る → https://images.unsplash.com/photo-1680631626190-f9f313d53302...
[loaded] 放れる → https://images.unsplash.com/photo-1692865814917-094cc56c5699...
[loaded] 救い → https://images.unsplash.com/photo-1688126507367-b7cb61e19f30...
[loaded] 救い出す → https://images.unsplash.com/photo-1744800910578-89c9bdcc3384...
[loaded] 散々 → https://images.unsplash.com/photo-1698337859888-c7174be6cfec...
[loaded] 散らかす → https://images.unsplash.com/photo-1600601904122-d12ee8933d76...
[loaded] 散らす → https://images.unsplash.com/photo-1591819978718-df46e8394771...
[loaded] 散らばる → https://images.unsplash.com/photo-1585437005549-e58d5b9d6530...
[skipped] no result for "to be a match for (with neg) (action)" (敵う)
[loaded] 文明 → https://images.unsplash.com/photo-1775407974885-5ce90c3892d8...
[loaded] 文系 → https://images.unsplash.com/photo-1729364302769-fb601df0d3eb...
[loaded] 断つ → https://images.unsplash.com/photo-1585437005549-e58d5b9d6530...
[loaded] 旅立ち → https://images.unsplash.com/photo-1594398901592-4f07a2e0b5f1...
[skipped] no result for "the light of day, public eye (object)" (日の目)
[loaded] 日射し → https://images.unsplash.com/photo-1756231796324-05cee4f9649f...
[loaded] 日替わり → https://images.unsplash.com/photo-1687585612416-c7e45dbb27d5...
[loaded] 日陰 → https://images.unsplash.com/photo-1764326567363-90688aebe9ec...
[loaded] 星占い → https://images.unsplash.com/photo-1630086064376-da462505b356...
[loaded] 星座 → https://images.unsplash.com/photo-1765207663362-bad07a16fbb4...
[loaded] 星空 → https://images.unsplash.com/photo-1775549155359-093cc5aea48a...
[skipped] no result for "to project; cast onto (a screen, a surface) (action)" (映し出す)
[loaded] 春風 → https://images.unsplash.com/photo-1646131398059-00a061b020a1...
[loaded] 昨夜 → https://images.unsplash.com/photo-1608568206954-7b66fdbb5c11...
[loaded] 晴らす → https://images.unsplash.com/photo-1603999489657-3639dc9dd0ea...
[loaded] 暴れる → https://images.unsplash.com/photo-1705853783856-6a113fdd1c4f...
[loaded] 曲げる → https://images.unsplash.com/photo-1765205450196-c07f8da10f2c...
[loaded] 書き換える → https://images.unsplash.com/photo-1537408707085-6474791df273...
[loaded] 最強 → https://images.unsplash.com/photo-1651223969333-7a02ad74c4f0...
[loaded] 最期 → https://images.unsplash.com/photo-1692970969860-fe4c42c92cef...
[loaded] 最終 → https://images.unsplash.com/photo-1608568206954-7b66fdbb5c11...
[loaded] 月夜 → https://images.unsplash.com/photo-1570375798513-3cfe52701c0f...
[loaded] 月日 → https://images.unsplash.com/photo-1687585612416-c7e45dbb27d5...
[loaded] 月明かり → https://images.unsplash.com/photo-1508082220450-404d77d16df8...
[loaded] 望み → https://images.unsplash.com/photo-1612198866625-88997d8fc3fb...
[loaded] 望む → https://images.unsplash.com/photo-1600601904122-d12ee8933d76...
[loaded] 木の実 → https://images.unsplash.com/photo-1664036402164-3a6d56c7cf91...
[loaded] 未知 → https://images.unsplash.com/photo-1632399201766-f5687a66af4d...
[loaded] 本能 → https://images.unsplash.com/photo-1628988253393-67a6293ea2f1...
[loaded] 束 → https://images.unsplash.com/photo-1665569102899-be105a0bb5f3...
[loaded] 果たす → https://images.unsplash.com/photo-1632383380006-513324e4f5b5...
[loaded] 枠 → https://images.unsplash.com/photo-1731167708946-0644b5cd4eee...
[loaded] 架かる → https://images.unsplash.com/photo-1601047717724-3aba06b2bea2...
[loaded] 架ける → https://images.unsplash.com/photo-1561149872-0e610fdeb03a?cr...
[loaded] 染まる → https://images.unsplash.com/photo-1765204974538-637e1b4d8584...
[429] sleeping 3600s for "to dye; to tint; to color (action)"
[loaded] 染める → https://images.unsplash.com/photo-1579970683099-89ae37362722...
[loaded] 染る → https://images.unsplash.com/photo-1765204974538-637e1b4d8584...
[loaded] 柱 → https://images.unsplash.com/photo-1731752750546-f3ad83f6de00...
[loaded] 柳 → https://images.unsplash.com/photo-1681380551397-ee7cfe5f337e...
[loaded] 根 → https://images.unsplash.com/photo-1639279387126-54fd6956c29c...
[loaded] 根性 → https://images.unsplash.com/photo-1714051678554-c58a3fbbc176...
[loaded] 格好つける → https://images.unsplash.com/photo-1603999489657-3639dc9dd0ea...
[loaded] 梳く → https://images.unsplash.com/photo-1702569258559-e0b4d469b2c2...
[loaded] 楽勝 → https://images.unsplash.com/photo-1692865814917-094cc56c5699...
[loaded] 構える → https://images.unsplash.com/photo-1692865814917-094cc56c5699...
[loaded] 模様 → https://images.unsplash.com/photo-1753024678886-58e46ae16f15...
[loaded] 横目 → https://images.unsplash.com/photo-1725640185787-f26c261e052b...
[loaded] 樹 → https://images.unsplash.com/photo-1601878410237-72cf6053b82a...
[loaded] 欠ける → https://images.unsplash.com/photo-1585437005549-e58d5b9d6530...
[loaded] 次第 → https://images.unsplash.com/photo-1591819978718-df46e8394771...
[loaded] 欲 → https://images.unsplash.com/photo-1551783395-df455ddbc86b?cr...
[loaded] 欲張り → https://images.unsplash.com/photo-1669012520437-5102e3fd4589...
[skipped] no result for "complete opposite (object)" (正反対)
[skipped] no result for "correct answer (object)" (正解)
[loaded] 歩き疲れる → https://images.unsplash.com/photo-1589432249902-15ab45101111...
[loaded] 歩む → https://images.unsplash.com/photo-1735552376081-32c6c6ddacea...
[skipped] no result for "pedestrian overpass (object)" (歩道橋)
[loaded] 歯車 → https://images.unsplash.com/photo-1686125069659-a80f691170b0...
[loaded] 殻 → https://images.unsplash.com/photo-1757913350077-1e1e6844d271...
[loaded] 気まま → https://images.unsplash.com/photo-1756652343587-d66270c71558...
[loaded] 気合い → https://images.unsplash.com/photo-1714051678554-c58a3fbbc176...
[loaded] 気配 → https://images.unsplash.com/photo-1591819978718-df46e8394771...
[loaded] 水たまり → https://images.unsplash.com/photo-1620433042631-3df212941910...
[loaded] 水平 → https://images.unsplash.com/photo-1765207569957-bbc3e2e8af8c...
[loaded] 決まり事 → https://images.unsplash.com/photo-1591819978718-df46e8394771...
[loaded] 沈める → https://images.unsplash.com/photo-1638122850778-e3aa430ddcd4...
[loaded] 沿う → https://images.unsplash.com/photo-1521705577586-a50e4a072423...
[loaded] 法 → https://images.unsplash.com/photo-1581952373523-f62ff48dd816...
[loaded] 泡 → https://images.unsplash.com/photo-1581199135708-516da218c26f...
[loaded] 波風 → https://images.unsplash.com/photo-1689817089220-0462683d8024...
[loaded] 泣き声 → https://images.unsplash.com/photo-1637094972363-ee24ca59dc2d...
[loaded] 泣き顔 → https://images.unsplash.com/photo-1637094972363-ee24ca59dc2d...
[loaded] 注ぐ → https://images.unsplash.com/photo-1667803600004-c8849c657589...
[loaded] 洗い流す → https://images.unsplash.com/photo-1638211498683-66bfce75ce93...
[loaded] 流れ星 → https://images.unsplash.com/photo-1693775833744-c385e06ec0f5...
[loaded] 流れ落ちる → https://images.unsplash.com/photo-1603999489657-3639dc9dd0ea...
[loaded] 流行 → https://images.unsplash.com/photo-1609006836440-732d3e1b993a...
[loaded] 浮かべる → https://images.unsplash.com/photo-1603999489657-3639dc9dd0ea...
[loaded] 浮かれる → https://images.unsplash.com/photo-1585437005549-e58d5b9d6530...
[loaded] 消し去る → https://images.unsplash.com/photo-1692865814917-094cc56c5699...
[loaded] 消化 → https://images.unsplash.com/photo-1532054241088-402b4150db33...
[loaded] 混ざる → https://images.unsplash.com/photo-1596655455685-8432446d55c0...
[loaded] 混じる → https://images.unsplash.com/photo-1596655455685-8432446d55c0...
[loaded] 満たす → https://images.unsplash.com/photo-1693651371733-3d76d7f7dcdf...
[loaded] 満ちる → https://images.unsplash.com/photo-1603600767720-8aed149d7618...
[429] sleeping 3600s for "full tank (object)"
[loaded] 満タン → https://images.unsplash.com/photo-1510048126839-229279473365...
[loaded] 満月 → https://images.unsplash.com/photo-1759670803383-57edf5c61bf3...
[loaded] 満開 → https://images.unsplash.com/photo-1647594301829-e95d50410184...
[loaded] 溢れだす → https://images.unsplash.com/photo-1593640475850-83be133a4663...
[loaded] 溺れる → https://images.unsplash.com/photo-1550379877-456d16c9fa13?cr...
[loaded] 滑り台 → https://images.unsplash.com/photo-1658412422232-3a661c0d5134...
[loaded] 演じる → https://images.unsplash.com/photo-1711566152952-91c40949a67e...
[loaded] 漕ぐ → https://images.unsplash.com/photo-1623891241605-95e3a9fec372...
[loaded] 潰し → https://images.unsplash.com/photo-1646570960569-a0b28fcf8750...
[loaded] 潰す → https://images.unsplash.com/photo-1573112625042-e49d6b28c538...
[loaded] 澄む → https://images.unsplash.com/photo-1566184952975-6fffb77d6e32...
[loaded] 濁る → https://images.unsplash.com/photo-1590438481897-30be21248a9f...
[loaded] 火山 → https://images.unsplash.com/photo-1553895679-5dcb6e7ad962?cr...
[loaded] 炭酸水 → https://images.unsplash.com/photo-1731957136924-f22525b3aafb...
[skipped] no result for "uninhabited island; desert island (object)" (無人島)
[loaded] 無理ゲー → https://images.unsplash.com/photo-1635656731280-293c96c2ebb8...
[loaded] 無限 → https://images.unsplash.com/photo-1727691237385-6d886331bc09...
[loaded] 焦がす → https://images.unsplash.com/photo-1550379877-456d16c9fa13?cr...
[loaded] 照らし出す → https://images.unsplash.com/photo-1558188811-e53cf03056cd?cr...
[loaded] 熱中 → https://images.unsplash.com/photo-1640270974195-82034c6ef2d8...
[loaded] 燃え上がる → https://images.unsplash.com/photo-1638201525708-d776d95947f1...
[loaded] 燃料 → https://images.unsplash.com/photo-1764538737417-3345e9f649e3...
[loaded] 爆発 → https://images.unsplash.com/photo-1765206493537-900d480b5495...
[loaded] 爪 → https://images.unsplash.com/photo-1579695364579-68eee6b68ab1...
[loaded] 特性 → https://images.unsplash.com/photo-1765205450196-c07f8da10f2c...
[loaded] 狙い → https://images.unsplash.com/photo-1668041107135-5f8cbd1cfc50...
[loaded] 現状 → https://images.unsplash.com/photo-1651223969333-7a02ad74c4f0...
[loaded] 理屈 → https://images.unsplash.com/photo-1550056486-8ded219fb769?cr...
[loaded] 理系 → https://images.unsplash.com/photo-1679832634590-246229358de2...
[loaded] 甘え → https://images.unsplash.com/photo-1766561991819-290a7bc7bb7d...
[loaded] 甘える → https://images.unsplash.com/photo-1561149872-0e610fdeb03a?cr...
[loaded] 甘やかす → https://images.unsplash.com/photo-1613497829050-dd0ade754d46...
[loaded] 生かす → https://images.unsplash.com/photo-1632383380006-513324e4f5b5...
[loaded] 生き抜く → https://images.unsplash.com/photo-1561149872-0e610fdeb03a?cr...
[loaded] 生き残る → https://images.unsplash.com/photo-1603600767720-8aed149d7618...
[loaded] 生き返る → https://images.unsplash.com/photo-1632383380006-513324e4f5b5...
[loaded] 生まれつき → https://images.unsplash.com/photo-1745174837738-e68a12cd01b5...
[loaded] 生まれ変わり → https://images.unsplash.com/photo-1765205450196-c07f8da10f2c...
[loaded] 生み出す → https://images.unsplash.com/photo-1632383380006-513324e4f5b5...
[loaded] 産む → https://images.unsplash.com/photo-1563480379612-332dcd2a742a...
[loaded] 留守電 → https://images.unsplash.com/photo-1605364850023-a917c39f8fe9...
[loaded] 疲れ果てる → https://images.unsplash.com/photo-1638895385677-fbbae8e9f8cf...
[loaded] 病む → https://images.unsplash.com/photo-1687787416048-d7acdd89bfc3...
[loaded] 痛がる → https://images.unsplash.com/photo-1765204117154-11fcb7d7ed39...
[loaded] 発する → https://images.unsplash.com/photo-1632383380006-513324e4f5b5...
[loaded] 発つ → https://images.unsplash.com/photo-1591819978718-df46e8394771...
[loaded] 発揮する → https://images.unsplash.com/photo-1591819978718-df46e8394771...
[loaded] 発言 → https://images.unsplash.com/photo-1591819978718-df46e8394771...
[skipped] no result for "departure (of a vehicle); starting (object)" (発車)
[loaded] 白鳥 → https://images.unsplash.com/photo-1599737848280-2057083b861f...
[429] sleeping 3600s for "wrinkle, crease (object)"
[loaded] 皺 → https://images.unsplash.com/photo-1649859967699-5c60d8d8b5ba...
[loaded] 目先 → https://images.unsplash.com/photo-1737666636054-6315f13de215...
[loaded] 目印 → https://images.unsplash.com/photo-1641212443047-d7f35fd5eb16...
[cached] 目掛ける → reused URL for "to aim at; to target"
[skipped] no result for "compatibility (between people) (object)" (相性)
[loaded] 真っ二つ → https://images.unsplash.com/photo-1651223969333-7a02ad74c4f0...
[loaded] 真冬 → https://images.unsplash.com/photo-1766226763067-a308b50d288d...
[loaded] 真夏 → https://images.unsplash.com/photo-1664324546597-e790397aef4c...
[skipped] no result for "midday; broad daylight (object)" (真昼)
[loaded] 眩しさ → https://images.unsplash.com/photo-1502226361531-64a073b9a4cc...
[loaded] 眺める → https://images.unsplash.com/photo-1725640185787-f26c261e052b...
[loaded] 眼 → https://images.unsplash.com/photo-1725640185787-f26c261e052b...
[loaded] 着飾る → https://images.unsplash.com/photo-1663851782559-360286c8100d...
[loaded] 矢 → https://images.unsplash.com/photo-1772413438631-a4bc7ccf0f4a...
[loaded] 矢印 → https://images.unsplash.com/photo-1634745646763-1f1183bb91c1...
[loaded] 砂浜 → https://images.unsplash.com/photo-1760815328796-1df69c50af49...
[loaded] 砕ける → https://images.unsplash.com/photo-1733833199023-c7362441334d...
[loaded] 破ける → https://images.unsplash.com/photo-1687585612416-c7e45dbb27d5...
[loaded] 破片 → https://images.unsplash.com/photo-1765204809738-e523a1f1d639...
[loaded] 確信 → https://images.unsplash.com/photo-1604099364917-0948513779e9...
[loaded] 確実 → https://images.unsplash.com/photo-1591819978718-df46e8394771...
[loaded] 種 → https://images.unsplash.com/photo-1758930908722-6f8f561d7473...
[loaded] 積み重なる → https://images.unsplash.com/photo-1649328364839-29451ff58148...
[loaded] 積み重ねる → https://images.unsplash.com/photo-1649328364839-29451ff58148...
[loaded] 積もる → https://images.unsplash.com/photo-1649328364839-29451ff58148...
[loaded] 空き缶 → https://images.unsplash.com/photo-1628835311817-2a726f68eb7c...
[loaded] 空席 → https://images.unsplash.com/photo-1730373536645-95520cd4bd65...
[loaded] 突き抜ける → https://images.unsplash.com/photo-1698337859888-c7174be6cfec...
[loaded] 突破 → https://images.unsplash.com/photo-1756652343587-d66270c71558...
[skipped] no result for "hollow; depression; dent (object)" (窪み)
[skipped] no result for "cramped; tight; restrictive (na-adj) (object)" (窮屈)
[loaded] 立ち位置 → https://images.unsplash.com/photo-1449445894928-d3280a99ee12...
[loaded] 立ち寄る → https://images.unsplash.com/photo-1770564499079-2cfd131a701a...
[loaded] 立ち止まる → https://images.unsplash.com/photo-1755547721682-5970090a224c...
[loaded] 立ち止まれる → https://images.unsplash.com/photo-1755547721682-5970090a224c...
[skipped] no result for "edge; end; corner (casual) (object)" (端っこ)
[loaded] 競う → https://images.unsplash.com/photo-1764506358824-7370ed899358...
[loaded] 笑い合う → https://images.unsplash.com/photo-1720535190566-89d1e2aa0e39...
[loaded] 笑い転げる → https://images.unsplash.com/photo-1578436956257-b0307ac46a3b...
[skipped] no result for "to be able to laugh off (potential of 笑い飛ばす) (action)" (笑い飛ばせる)
[cached] 笑み → reused URL for "smile"
[cached] 籠 → reused URL for "cage; basket"
[loaded] 粒 → https://images.unsplash.com/photo-1704441860792-412e814b8d19...
[loaded] 糞 → https://images.unsplash.com/photo-1585437005549-e58d5b9d6530...
[loaded] 細める → https://images.unsplash.com/photo-1725640185787-f26c261e052b...
[loaded] 終点 → https://images.unsplash.com/photo-1678665035661-e92420c1986b...
[skipped] no result for "to strangle; to wring (a neck) (action)" (絞める)
[loaded] 継ぐ → https://images.unsplash.com/photo-1687787416048-d7acdd89bfc3...
[loaded] 練る → https://images.unsplash.com/photo-1524862655266-89c67a10c4b3...
[loaded] 縫う → https://images.unsplash.com/photo-1619470148852-c0c1ca477e5e...
[loaded] 縮む → https://images.unsplash.com/photo-1632383380006-513324e4f5b5...
[loaded] 繁栄 → https://images.unsplash.com/photo-1571167821947-38661f38f07b...
[loaded] 繋げる → https://images.unsplash.com/photo-1649039411525-0e19ad729665...
[429] sleeping 3600s for "to send out / unleash (action)"
[TypeError: fetch failed] {
  [cause]: Error: getaddrinfo ENOTFOUND api.unsplash.com
      at GetAddrInfoReqWrap.onlookupall [as oncomplete] (node:dns:122:26) {
    errno: -3008,
    code: 'ENOTFOUND',
    syscall: 'getaddrinfo',
    hostname: 'api.unsplash.com'
  }
}
